{"type":"FeatureCollection","attribution":"(c) OpenStreetMap contributors, ODbL 1.0, https://www.openstreetmap.org/copyright","features":[{"type":"Feature","properties":{"kind":"building","height":0.0,"levels":null,"name":"Mus\u00e9e Oc\u00e9anographique","building":"public","roof":null,"colour":null},"geometry":{"type":"Polygon","coordinates":[[[7.4253297,43.7306357],[7.4252324,43.7307252],[7.425377,43.7308073],[7.4255096,43.7308819],[7.4255908,43.7308066],[7.4259089,43.7309855],[7.4259314,43.7309982],[7.4259567,43.7310126],[7.426099,43.7308818],[7.4250966,43.7303126],[7.4249684,43.7304305],[7.4253297,43.7306357]]]}},{"type":"Feature","properties":{"kind":"building","height":0.0,"levels":null,"name":"Minist\u00e8re d'\u00c9tat","building":"public","roof":null,"colour":null},"geometry":{"type":"Polygon","coordinates":[[[7.4248236,43.7315321],[7.4249517,43.7315732],[7.4249174,43.7316291],[7.4251796,43.7317131],[7.4252199,43.7316474],[7.4253581,43.7316916],[7.4253054,43.7317742],[7.4252545,43.7318598],[7.4247265,43.7316904],[7.4248236,43.7315321]]]}},{"type":"Feature","properties":{"kind":"building","height":12.8,"levels":"4","name":null,"building":"apartments","roof":null,"colour":null},"geometry":{"type":"Polygon","coordinates":[[[7.4178934,43.7323499],[7.4180326,43.7325576],[7.4180926,43.7326389],[7.4182654,43.7325931],[7.4185179,43.7325242],[7.418624,43.7325],[7.4187535,43.7324601],[7.4187567,43.7324384],[7.4186223,43.7323272],[7.4183693,43.7321601],[7.4178934,43.7323499]]]}},{"type":"Feature","properties":{"kind":"building","height":0.0,"levels":null,"name":null,"building":"apartments","roof":null,"colour":null},"geometry":{"type":"Polygon","coordinates":[[[7.4220208,43.7301609],[7.4219228,43.7300951],[7.4221131,43.7299473],[7.422131,43.7299406],[7.4221479,43.7299447],[7.4221809,43.7299669],[7.4222128,43.7299883],[7.4222188,43.73],[7.4222101,43.7300137],[7.4220208,43.7301609]]]}},{"type":"Feature","properties":{"kind":"building","height":12.8,"levels":"4","name":null,"building":"apartments","roof":null,"colour":null},"geometry":{"type":"Polygon","coordinates":[[[7.4213664,43.7306579],[7.4210795,43.7306711],[7.4210125,43.7306742],[7.4210018,43.7305729],[7.4210407,43.7304043],[7.4211218,43.7304043],[7.4211168,43.7305603],[7.421203,43.7305526],[7.4211975,43.7304044],[7.4213052,43.7303928],[7.4213106,43.7304445],[7.421326,43.730443],[7.4213268,43.7305251],[7.4213473,43.7305255],[7.4213664,43.7306579]]]}},{"type":"Feature","properties":{"kind":"building","height":9.600000000000001,"levels":"3","name":null,"building":"apartments","roof":null,"colour":null},"geometry":{"type":"Polygon","coordinates":[[[7.4216102,43.7306123],[7.4215062,43.7305221],[7.4216274,43.7304274],[7.421556,43.7303425],[7.4216697,43.7302724],[7.4216862,43.7302857],[7.4218299,43.7304011],[7.4217335,43.730497],[7.4216102,43.7306123]]]}},{"type":"Feature","properties":{"kind":"building","height":9.600000000000001,"levels":"3","name":null,"building":"apartments","roof":null,"colour":null},"geometry":{"type":"Polygon","coordinates":[[[7.4232874,43.7301437],[7.423356,43.7300593],[7.4230278,43.7299346],[7.4230001,43.730035],[7.4232874,43.7301437]]]}},{"type":"Feature","properties":{"kind":"building","height":12.8,"levels":"4","name":null,"building":"apartments","roof":null,"colour":null},"geometry":{"type":"Polygon","coordinates":[[[7.4233836,43.7301817],[7.4234416,43.7301107],[7.4236746,43.73021],[7.4236166,43.730281],[7.4233836,43.7301817]]]}},{"type":"Feature","properties":{"kind":"building","height":12.8,"levels":"4","name":"Villa Bleue","building":"apartments","roof":null,"colour":null},"geometry":{"type":"Polygon","coordinates":[[[7.4236507,43.7303578],[7.4237456,43.7302449],[7.4238487,43.730288],[7.4238372,43.7302996],[7.4239109,43.7303335],[7.423797,43.7304721],[7.4236752,43.7304207],[7.4237059,43.7303839],[7.4236507,43.7303578]]]}},{"type":"Feature","properties":{"kind":"building","height":0.0,"levels":null,"name":"Villa Clos Saint-Martin","building":"house","roof":null,"colour":null},"geometry":{"type":"Polygon","coordinates":[[[7.4239696,43.730519],[7.4240314,43.7304087],[7.4240651,43.730419],[7.424092,43.7303762],[7.424146,43.7303939],[7.4241264,43.7304252],[7.4242509,43.730466],[7.4242664,43.7304413],[7.4243433,43.7304665],[7.4242531,43.7306103],[7.4239696,43.730519]]]}},{"type":"Feature","properties":{"kind":"building","height":0.0,"levels":null,"name":"Villa Clos Saint-Pierre","building":"house","roof":null,"colour":null},"geometry":{"type":"Polygon","coordinates":[[[7.4242463,43.7306695],[7.4243509,43.7304881],[7.4244072,43.7305051],[7.4243537,43.7305978],[7.424383,43.7306066],[7.4243943,43.7306197],[7.4244011,43.7306478],[7.4245136,43.7306817],[7.424551,43.7306167],[7.424583,43.7306264],[7.4246006,43.7305958],[7.4246479,43.73061],[7.4245593,43.7307637],[7.4242463,43.7306695]]]}},{"type":"Feature","properties":{"kind":"building","height":0.0,"levels":null,"name":null,"building":"yes","roof":null,"colour":null},"geometry":{"type":"Polygon","coordinates":[[[7.423085,43.7304547],[7.4229219,43.730403],[7.4229484,43.7303594],[7.4229045,43.7303455],[7.4229101,43.7303364],[7.4228268,43.73031],[7.4229257,43.7301469],[7.4229964,43.7301693],[7.4229479,43.7302492],[7.4229929,43.7302635],[7.4229853,43.730276],[7.4231038,43.7303135],[7.4231574,43.730225],[7.4232136,43.7302428],[7.423085,43.7304547]]]}},{"type":"Feature","properties":{"kind":"building","height":0.0,"levels":null,"name":null,"building":"civic","roof":null,"colour":null},"geometry":{"type":"Polygon","coordinates":[[[7.4233024,43.7307128],[7.4232023,43.7307117],[7.4232848,43.7305744],[7.4234654,43.7306271],[7.4235042,43.7305638],[7.4235597,43.7305833],[7.4235931,43.730594],[7.4236655,43.7306139],[7.4236333,43.7306637],[7.4237582,43.7306954],[7.4238656,43.7307299],[7.4238868,43.7307576],[7.4240779,43.7308644],[7.4241061,43.7308536],[7.4241781,43.73088],[7.4248065,43.7311359],[7.4247986,43.7311622],[7.4248264,43.7311717],[7.4248204,43.7311938],[7.424917,43.731153],[7.42484,43.7312818],[7.4235423,43.7307843],[7.4233024,43.7307128]]]}},{"type":"Feature","properties":{"kind":"building","height":0.0,"levels":null,"name":null,"building":"retail","roof":null,"colour":null},"geometry":{"type":"Polygon","coordinates":[[[7.4224075,43.7307905],[7.4224071,43.7305937],[7.422497,43.7305933],[7.4225288,43.7306679],[7.4226379,43.7307009],[7.422643,43.730762],[7.4224075,43.7307905]]]}},{"type":"Feature","properties":{"kind":"building","height":9.600000000000001,"levels":"3","name":"Palais de Justice","building":"public","roof":null,"colour":null},"geometry":{"type":"Polygon","coordinates":[[[7.4223448,43.7304076],[7.4221289,43.730427],[7.4220511,43.730427],[7.421952,43.7304194],[7.421944,43.7303575],[7.4221105,43.7301757],[7.4221378,43.730188],[7.4221628,43.7301525],[7.422192,43.7301374],[7.4222131,43.7301406],[7.4222464,43.7301481],[7.4222824,43.7301562],[7.4223073,43.7301624],[7.4223328,43.7301804],[7.4223361,43.7302165],[7.4223448,43.7304076]]]}},{"type":"Feature","properties":{"kind":"building","height":9.600000000000001,"levels":"3","name":"Caserne des Carabiniers","building":"apartments","roof":null,"colour":null},"geometry":{"type":"Polygon","coordinates":[[[7.4215212,43.7309204],[7.4214406,43.7307084],[7.4214562,43.7307049],[7.4215397,43.7306862],[7.4216002,43.7306727],[7.4216593,43.7308145],[7.4217586,43.7307934],[7.4217935,43.730875],[7.4215212,43.7309204]]]}},{"type":"Feature","properties":{"kind":"building","height":0.0,"levels":null,"name":"Minist\u00e8re d'\u00c9tat","building":"office","roof":null,"colour":null},"geometry":{"type":"Polygon","coordinates":[[[7.4253599,43.731938],[7.4253829,43.7318997],[7.4254339,43.7318139],[7.4259567,43.7319793],[7.4258814,43.7321032],[7.4254304,43.7319601],[7.4253599,43.731938]]]}},{"type":"Feature","properties":{"kind":"building","height":0.0,"levels":null,"name":"Chapelle de la Paix Saint-Honor\u00e9","building":"chapel","roof":null,"colour":null},"geometry":{"type":"Polygon","coordinates":[[[7.4262955,43.7320342],[7.4261825,43.7319305],[7.4262518,43.7318911],[7.4263647,43.7319948],[7.4262955,43.7320342]]]}},{"type":"Feature","properties":{"kind":"building","height":0.0,"levels":null,"name":"42 photos Flag Bosio, College Arts Plastics De Monaco","building":"college","roof":null,"colour":null},"geometry":{"type":"Polygon","coordinates":[[[7.4267661,43.7324108],[7.4264423,43.7323101],[7.4265923,43.7320584],[7.4267646,43.732112],[7.4266798,43.7322543],[7.4268313,43.7323014],[7.4267661,43.7324108]]]}},{"type":"Feature","properties":{"kind":"building","height":0.0,"levels":null,"name":null,"building":"yes","roof":null,"colour":null},"geometry":{"type":"Polygon","coordinates":[[[7.42182,43.7307603],[7.4217927,43.7306482],[7.4217849,43.7306194],[7.4217454,43.7305772],[7.4218099,43.7305173],[7.4218742,43.730449],[7.4218702,43.7304368],[7.4218809,43.7304203],[7.4219023,43.7304086],[7.4219171,43.7304158],[7.4219258,43.7304263],[7.4219234,43.7304402],[7.4219625,43.7305208],[7.4219719,43.7305172],[7.4219857,43.7305139],[7.4219702,43.7304653],[7.4220451,43.7304468],[7.4220511,43.730427],[7.4221289,43.730427],[7.4221671,43.7305385],[7.4221115,43.7306131],[7.4219302,43.7307441],[7.42182,43.7307603]]]}},{"type":"Feature","properties":{"kind":"building","height":0.0,"levels":null,"name":null,"building":"yes","roof":null,"colour":null},"geometry":{"type":"Polygon","coordinates":[[[7.4219935,43.7308379],[7.4220042,43.7307836],[7.4221437,43.7306906],[7.4221866,43.7307914],[7.4219935,43.7308379]]]}},{"type":"Feature","properties":{"kind":"building","height":0.0,"levels":null,"name":"Freddy\"s International","building":"yes","roof":null,"colour":null},"geometry":{"type":"Polygon","coordinates":[[[7.4222617,43.7307836],[7.4222181,43.7305828],[7.4223101,43.7305724],[7.4223475,43.7307449],[7.4222617,43.7307836]]]}},{"type":"Feature","properties":{"kind":"building","height":12.8,"levels":"4","name":null,"building":"apartments","roof":null,"colour":null},"geometry":{"type":"Polygon","coordinates":[[[7.4215391,43.7310831],[7.4215021,43.730964],[7.4223684,43.7308235],[7.4224054,43.7309426],[7.4215391,43.7310831]]]}},{"type":"Feature","properties":{"kind":"building","height":0.0,"levels":null,"name":null,"building":"retail","roof":null,"colour":null},"geometry":{"type":"Polygon","coordinates":[[[7.4224447,43.730914],[7.4224311,43.7308061],[7.4227233,43.730771],[7.4230872,43.7307456],[7.423547,43.7308443],[7.423558,43.7308695],[7.4235193,43.7309356],[7.4234848,43.7309423],[7.4230153,43.7308195],[7.4229802,43.7308241],[7.4224447,43.730914]]]}},{"type":"Feature","properties":{"kind":"building","height":0.0,"levels":null,"name":null,"building":"commercial","roof":null,"colour":null},"geometry":{"type":"Polygon","coordinates":[[[7.4235756,43.7310803],[7.423647,43.7309767],[7.4236722,43.7309849],[7.4237291,43.7308953],[7.4243834,43.7311593],[7.4248545,43.7313324],[7.4248132,43.7314192],[7.4246187,43.7313885],[7.4242963,43.731299],[7.4242468,43.7312852],[7.4239012,43.7311851],[7.4235756,43.7310803]]]}},{"type":"Feature","properties":{"kind":"building","height":9.600000000000001,"levels":"3","name":null,"building":"apartments","roof":null,"colour":null},"geometry":{"type":"Polygon","coordinates":[[[7.4229621,43.7310615],[7.4229692,43.7309968],[7.4229839,43.730864],[7.4231307,43.7308922],[7.4234424,43.7309801],[7.4234547,43.7310729],[7.4232434,43.731086],[7.4229621,43.7310615]]]}},{"type":"Feature","properties":{"kind":"building","height":12.8,"levels":"4","name":null,"building":"residential","roof":null,"colour":null},"geometry":{"type":"Polygon","coordinates":[[[7.4223156,43.7310978],[7.422276,43.7309814],[7.4228792,43.7308871],[7.4228865,43.7309936],[7.4228908,43.7310557],[7.4227013,43.7310415],[7.4223156,43.7310978]]]}},{"type":"Feature","properties":{"kind":"building","height":12.8,"levels":"4","name":null,"building":"apartments","roof":null,"colour":null},"geometry":{"type":"Polygon","coordinates":[[[7.4215922,43.731206],[7.4215591,43.7311089],[7.422276,43.7309814],[7.4223156,43.7310978],[7.4219353,43.7311639],[7.4218352,43.7311797],[7.4217899,43.7311863],[7.421788,43.7311795],[7.4216767,43.7311956],[7.4216739,43.7312036],[7.4216125,43.7312145],[7.4216086,43.7312031],[7.4215922,43.731206]]]}},{"type":"Feature","properties":{"kind":"building","height":12.8,"levels":"4","name":null,"building":"apartments","roof":null,"colour":null},"geometry":{"type":"Polygon","coordinates":[[[7.4216427,43.7313063],[7.4216213,43.7312349],[7.4221828,43.7311416],[7.4227388,43.7310883],[7.4230785,43.7311094],[7.4230926,43.7312455],[7.4228025,43.7312652],[7.4226976,43.7312459],[7.422673,43.7312239],[7.422486,43.731225],[7.4216427,43.7313063]]]}},{"type":"Feature","properties":{"kind":"building","height":12.8,"levels":"4","name":null,"building":"apartments","roof":null,"colour":null},"geometry":{"type":"Polygon","coordinates":[[[7.4233632,43.7315192],[7.4234617,43.7313404],[7.423173,43.7313015],[7.4229874,43.7312805],[7.422942,43.7312896],[7.4229131,43.7313341],[7.4231008,43.7314169],[7.4231018,43.7314273],[7.4231998,43.7314683],[7.4233632,43.7315192]]]}},{"type":"Feature","properties":{"kind":"building","height":0.0,"levels":null,"name":"Chapelle de la Mis\u00e9ricorde","building":"chapel","roof":null,"colour":null},"geometry":{"type":"Polygon","coordinates":[[[7.4233865,43.7310989],[7.4234371,43.7311056],[7.4234878,43.7311122],[7.4234816,43.7311368],[7.4234379,43.7313097],[7.4233366,43.7312963],[7.4233417,43.7312762],[7.4233865,43.7310989]]]}},{"type":"Feature","properties":{"kind":"building","height":0.0,"levels":null,"name":null,"building":"yes","roof":null,"colour":null},"geometry":{"type":"Polygon","coordinates":[[[7.4236468,43.7313379],[7.4237098,43.731188],[7.4240674,43.7312931],[7.4240699,43.7313062],[7.424031,43.7314096],[7.4239048,43.731378],[7.4239,43.7313902],[7.4236468,43.7313379]]]}},{"type":"Feature","properties":{"kind":"building","height":6.4,"levels":"2","name":"Villa Lodi","building":"apartments","roof":null,"colour":null},"geometry":{"type":"Polygon","coordinates":[[[7.4186697,43.7357251],[7.4185474,43.735647],[7.4186746,43.7355579],[7.418789,43.7356303],[7.4186697,43.7357251]]]}},{"type":"Feature","properties":{"kind":"building","height":0.0,"levels":null,"name":"Centre Cardio Thoracique de Monaco","building":"hospital","roof":null,"colour":null},"geometry":{"type":"Polygon","coordinates":[[[7.4247604,43.7379265],[7.4250837,43.7378334],[7.4250963,43.7375684],[7.4248977,43.7375228],[7.4245852,43.73748],[7.4245891,43.7376294],[7.424585,43.737674],[7.4247283,43.7376725],[7.4247243,43.7378133],[7.4247243,43.7378535],[7.4247604,43.7379265]]]}},{"type":"Feature","properties":{"kind":"building","height":0.0,"levels":null,"name":null,"building":"hotel","roof":null,"colour":null},"geometry":{"type":"Polygon","coordinates":[[[7.4257405,43.7385444],[7.4259713,43.7384801],[7.4261539,43.7384295],[7.4261623,43.7384101],[7.4260839,43.7382675],[7.4260689,43.7382332],[7.426022,43.7381616],[7.4259766,43.7381416],[7.4259356,43.7381501],[7.4259164,43.7381096],[7.4258738,43.7381247],[7.4259882,43.738345],[7.4258071,43.7383911],[7.4256845,43.7381574],[7.4255761,43.7379596],[7.4254453,43.7379163],[7.4252302,43.7378451],[7.4248031,43.7379993],[7.424785,43.737972],[7.4247024,43.7380006],[7.4247863,43.738127],[7.4252771,43.737957],[7.4254759,43.7380489],[7.4257405,43.7385444]]]}},{"type":"Feature","properties":{"kind":"building","height":41.6,"levels":"13","name":"R\u00e9sidence Azur","building":"apartments","roof":null,"colour":null},"geometry":{"type":"Polygon","coordinates":[[[7.4192672,43.7362331],[7.4190842,43.7363567],[7.4188098,43.736144],[7.4189116,43.7360685],[7.4189609,43.736032],[7.4192672,43.7362331]]]}},{"type":"Feature","properties":{"kind":"building","height":51.2,"levels":"16","name":"Villa Stella","building":"apartments","roof":null,"colour":null},"geometry":{"type":"Polygon","coordinates":[[[7.4192115,43.7360578],[7.4189371,43.7358883],[7.4190246,43.7358165],[7.4191717,43.7359142],[7.4194382,43.7361986],[7.4194103,43.7362274],[7.4192115,43.7360578]]]}},{"type":"Feature","properties":{"kind":"building","height":12.8,"levels":"4","name":null,"building":"hotel","roof":null,"colour":null},"geometry":{"type":"Polygon","coordinates":[[[7.4246257,43.7381722],[7.4246952,43.7381526],[7.4247863,43.738127],[7.4247024,43.7380006],[7.424785,43.737972],[7.4247604,43.7379265],[7.4247243,43.7378535],[7.4246249,43.7378564],[7.4246011,43.7378133],[7.4244181,43.737842],[7.424446,43.737911],[7.4244937,43.7379742],[7.4245241,43.7380322],[7.4246257,43.7381722]]]}},{"type":"Feature","properties":{"kind":"building","height":48.0,"levels":"15","name":"R\u00e9sidence Les Cigognes","building":"apartments","roof":null,"colour":null},"geometry":{"type":"Polygon","coordinates":[[[7.418552,43.7360527],[7.4183019,43.7359994],[7.4183403,43.7358757],[7.4182302,43.7358309],[7.4183803,43.7357188],[7.4187314,43.735878],[7.418552,43.7360527]]]}},{"type":"Feature","properties":{"kind":"building","height":12.8,"levels":"4","name":null,"building":"hotel","roof":null,"colour":null},"geometry":{"type":"Polygon","coordinates":[[[7.4238415,43.7379627],[7.4240006,43.7380432],[7.4242511,43.7382644],[7.4243108,43.7382816],[7.4245096,43.7382069],[7.4244301,43.7380662],[7.4242949,43.738092],[7.4242034,43.7379742],[7.4241676,43.7378191],[7.4239648,43.737842],[7.4239767,43.7378938],[7.4239012,43.7379024],[7.4238415,43.7379627]]]}},{"type":"Feature","properties":{"kind":"building","height":6.4,"levels":"2","name":null,"building":"apartments","roof":null,"colour":null},"geometry":{"type":"Polygon","coordinates":[[[7.4188566,43.73584],[7.41896,43.7357538],[7.418789,43.7356303],[7.4186697,43.7357251],[7.4187356,43.7357655],[7.4188566,43.73584]]]}},{"type":"Feature","properties":{"kind":"building","height":12.8,"levels":"4","name":"Maison Valentina","building":"apartments","roof":null,"colour":null},"geometry":{"type":"Polygon","coordinates":[[[7.4182901,43.7329664],[7.4184154,43.732833],[7.4184968,43.732776],[7.4188061,43.7326694],[7.4188193,43.732655],[7.4188233,43.7326406],[7.4188481,43.7326252],[7.4187985,43.7326062],[7.4187855,43.7326315],[7.4179922,43.7328386],[7.4180903,43.7330197],[7.4181312,43.7330091],[7.4182274,43.7329863],[7.4182901,43.7329664]]]}},{"type":"Feature","properties":{"kind":"building","height":0.0,"levels":null,"name":null,"building":"hotel","roof":null,"colour":null},"geometry":{"type":"Polygon","coordinates":[[[7.424585,43.737674],[7.4239608,43.7377127],[7.4239648,43.737842],[7.4241676,43.7378191],[7.4244221,43.7377846],[7.4244181,43.737842],[7.4246011,43.7378133],[7.4245783,43.7377706],[7.4245927,43.7377677],[7.424585,43.737674]]]}},{"type":"Feature","properties":{"kind":"building","height":28.8,"levels":"9","name":"Les Jacarandas - B\u00e2t. 3","building":"apartments","roof":null,"colour":null},"geometry":{"type":"Polygon","coordinates":[[[7.4185819,43.7352751],[7.4186625,43.7352385],[7.4187023,43.7352759],[7.4188375,43.7351897],[7.4186665,43.735023],[7.4186409,43.7350395],[7.4185976,43.7349982],[7.4185031,43.7350488],[7.4185276,43.7350712],[7.4184417,43.7351168],[7.4185819,43.7352751]]]}},{"type":"Feature","properties":{"kind":"building","height":12.8,"levels":"4","name":null,"building":"hotel","roof":null,"colour":null},"geometry":{"type":"Polygon","coordinates":[[[7.4245096,43.7382069],[7.4246257,43.7381722],[7.4245241,43.7380322],[7.4244301,43.7380662],[7.4245096,43.7382069]]]}},{"type":"Feature","properties":{"kind":"building","height":12.8,"levels":"4","name":null,"building":"apartments","roof":null,"colour":null},"geometry":{"type":"Polygon","coordinates":[[[7.4185819,43.7328076],[7.4187718,43.732738],[7.4187794,43.7327359],[7.4187872,43.7327366],[7.4187944,43.7327392],[7.4187993,43.7327431],[7.4188021,43.7327497],[7.4188019,43.7327544],[7.4188005,43.7327595],[7.4187082,43.7329792],[7.4185719,43.7329493],[7.4185521,43.7329454],[7.4185869,43.7328643],[7.4185541,43.7328583],[7.4185656,43.7328329],[7.4185819,43.7328076]]]}},{"type":"Feature","properties":{"kind":"building","height":0.0,"levels":null,"name":"Chapelle Sainte-D\u00e9vote","building":"church","roof":null,"colour":null},"geometry":{"type":"Polygon","coordinates":[[[7.4207602,43.7375403],[7.4210071,43.7374005],[7.4210613,43.7374505],[7.4211154,43.7375004],[7.4208794,43.7376341],[7.4208398,43.7375976],[7.4207783,43.7376324],[7.4207498,43.7376232],[7.4207332,43.7376065],[7.4207458,43.7375796],[7.4207811,43.7375596],[7.4207602,43.7375403]]]}},{"type":"Feature","properties":{"kind":"building","height":0.0,"levels":null,"name":"FAMI","building":"retail","roof":null,"colour":null},"geometry":{"type":"Polygon","coordinates":[[[7.4199267,43.7356385],[7.4197492,43.7354733],[7.4197747,43.7354371],[7.4199634,43.7354439],[7.4199513,43.735566],[7.4199443,43.7356336],[7.4199267,43.7356385]]]}},{"type":"Feature","properties":{"kind":"building","height":12.8,"levels":"4","name":null,"building":"residential","roof":null,"colour":null},"geometry":{"type":"Polygon","coordinates":[[[7.4204611,43.7356291],[7.4205856,43.735631],[7.4205892,43.735471],[7.4204613,43.7354745],[7.4204629,43.7356036],[7.4204611,43.7356291]]]}},{"type":"Feature","properties":{"kind":"building","height":0.0,"levels":null,"name":"La Villa Du Pont","building":"yes","roof":null,"colour":null},"geometry":{"type":"Polygon","coordinates":[[[7.4197226,43.7390188],[7.4199391,43.7389606],[7.4198773,43.738886],[7.4197663,43.7388951],[7.4196753,43.7388933],[7.4196498,43.7389078],[7.4197226,43.7390188]]]}},{"type":"Feature","properties":{"kind":"building","height":9.600000000000001,"levels":"3","name":"Girasole","building":"apartments","roof":"hipped","colour":null},"geometry":{"type":"Polygon","coordinates":[[[7.421844,43.7387138],[7.4219669,43.7387197],[7.4219693,43.7386929],[7.4219995,43.7386944],[7.4219938,43.7387568],[7.4220903,43.7387614],[7.4221082,43.7385661],[7.4218694,43.7385547],[7.4218652,43.7386008],[7.4218347,43.7385994],[7.4218289,43.7386631],[7.4218485,43.738664],[7.421844,43.7387138]]]}},{"type":"Feature","properties":{"kind":"building","height":0.0,"levels":null,"name":null,"building":"apartments","roof":null,"colour":null},"geometry":{"type":"Polygon","coordinates":[[[7.4264571,43.7420336],[7.4263789,43.7420373],[7.4263588,43.74201],[7.4261314,43.7421719],[7.4260914,43.7421155],[7.4260605,43.7420482],[7.4260259,43.7419809],[7.4259822,43.7419263],[7.4259476,43.7418844],[7.4258276,43.7417862],[7.4257202,43.7417207],[7.4257369,43.7417085],[7.4257704,43.7417187],[7.425864,43.7417371],[7.4259996,43.7417453],[7.4262364,43.7417242],[7.4262533,43.7417916],[7.4261915,43.7418335],[7.4260896,43.7418426],[7.426166,43.7418972],[7.4262024,43.7419354],[7.4263625,43.7418499],[7.4264589,43.7419536],[7.4264862,43.7419317],[7.4264389,43.7418863],[7.4265226,43.7418317],[7.4264826,43.7418026],[7.4264389,43.7418153],[7.4263316,43.7418153],[7.4262806,43.7417643],[7.4262765,43.7417213],[7.4266015,43.7416978],[7.4266288,43.7416904],[7.4266598,43.7416914],[7.4266817,43.7416984],[7.4266975,43.7417144],[7.426702,43.7417318],[7.4266893,43.7417566],[7.4266591,43.7419081],[7.4264571,43.7420336]]]}},{"type":"Feature","properties":{"kind":"building","height":19.200000000000003,"levels":"6","name":"Villa Mignon","building":"apartments","roof":null,"colour":null},"geometry":{"type":"Polygon","coordinates":[[[7.4189492,43.7343099],[7.4186725,43.7342831],[7.4186585,43.7343165],[7.4187885,43.7344616],[7.4188454,43.734452],[7.4188482,43.7344083],[7.418931,43.734414],[7.4189492,43.7343099]]]}},{"type":"Feature","properties":{"kind":"building","height":25.6,"levels":"8","name":"Harbour Crest","building":"apartments","roof":"flat","colour":null},"geometry":{"type":"Polygon","coordinates":[[[7.4201805,43.7371569],[7.420314,43.7370796],[7.4199439,43.7367845],[7.4198174,43.7368712],[7.419861,43.7369058],[7.4201805,43.7371569]]]}},{"type":"Feature","properties":{"kind":"building","height":12.8,"levels":"4","name":null,"building":"apartments","roof":null,"colour":null},"geometry":{"type":"Polygon","coordinates":[[[7.419097,43.7336363],[7.418851,43.7335899],[7.4188721,43.7335094],[7.4191226,43.7335449],[7.419097,43.7336363]]]}},{"type":"Feature","properties":{"kind":"building","height":0.0,"levels":null,"name":"Franzido Palace","building":"yes","roof":null,"colour":null},"geometry":{"type":"Polygon","coordinates":[[[7.4184542,43.7379012],[7.4187417,43.7378611],[7.4188945,43.7377065],[7.4187708,43.7376392],[7.4186871,43.7377283],[7.4185888,43.7377374],[7.4185452,43.7375955],[7.4183923,43.7376483],[7.4184542,43.7379012]]]}},{"type":"Feature","properties":{"kind":"building","height":12.8,"levels":"4","name":null,"building":"apartments","roof":null,"colour":null},"geometry":{"type":"Polygon","coordinates":[[[7.4190402,43.7340531],[7.4190582,43.7339421],[7.4189239,43.7339307],[7.4189193,43.7339588],[7.4189058,43.7340417],[7.4190402,43.7340531]]]}},{"type":"Feature","properties":{"kind":"building","height":0.0,"levels":null,"name":"Casa Emma","building":"apartments","roof":null,"colour":null},"geometry":{"type":"Polygon","coordinates":[[[7.4282346,43.7429238],[7.4284854,43.7428669],[7.4283798,43.7426472],[7.428159,43.742699],[7.4282346,43.7429238]]]}},{"type":"Feature","properties":{"kind":"building","height":6.4,"levels":"2","name":"Villa Des Hirondelles","building":"apartments","roof":null,"colour":null},"geometry":{"type":"Polygon","coordinates":[[[7.4238188,43.7404848],[7.4239178,43.7405824],[7.4236966,43.7406857],[7.4236125,43.7406009],[7.4238188,43.7404848]]]}},{"type":"Feature","properties":{"kind":"building","height":80.0,"levels":"25","name":"Le Schuylkill","building":"apartments","roof":null,"colour":null},"geometry":{"type":"Polygon","coordinates":[[[7.4225715,43.7382887],[7.4225736,43.7380416],[7.4225827,43.7380161],[7.4226282,43.7379998],[7.4226227,43.7379743],[7.4229084,43.7378961],[7.4229247,43.7379325],[7.4229502,43.7379033],[7.4229866,43.7379033],[7.4230212,43.7379143],[7.423043,43.7379343],[7.4230539,43.7379743],[7.4230466,43.7380143],[7.4231667,43.7381089],[7.4231758,43.738129],[7.4230885,43.7382472],[7.4230521,43.7382563],[7.4230266,43.7382472],[7.423003,43.7382199],[7.4228805,43.7380956],[7.4227846,43.7381205],[7.4227672,43.7382763],[7.4227299,43.7383016],[7.4226988,43.7383002],[7.4225715,43.7382887]]]}},{"type":"Feature","properties":{"kind":"building","height":0.0,"levels":null,"name":"26 Carr\u00e9 Or","building":"apartments","roof":"flat","colour":null},"geometry":{"type":"Polygon","coordinates":[[[7.4251737,43.7396536],[7.4250059,43.7393722],[7.4251501,43.7393284],[7.4253219,43.739609],[7.4251737,43.7396536]]]}},{"type":"Feature","properties":{"kind":"building","height":12.8,"levels":"4","name":"Villa de L'Avenir","building":"apartments","roof":null,"colour":null},"geometry":{"type":"Polygon","coordinates":[[[7.4194567,43.734939],[7.4194751,43.7348293],[7.4193378,43.7348173],[7.4193194,43.7349269],[7.4194567,43.734939]]]}},{"type":"Feature","properties":{"kind":"building","height":12.8,"levels":"4","name":null,"building":"apartments","roof":null,"colour":null},"geometry":{"type":"Polygon","coordinates":[[[7.4225672,43.7408311],[7.4224898,43.7407751],[7.4223122,43.7406354],[7.4222149,43.7405583],[7.422334,43.7405087],[7.42267,43.7407616],[7.4225672,43.7408311]]]}},{"type":"Feature","properties":{"kind":"building","height":9.600000000000001,"levels":"3","name":null,"building":"apartments","roof":null,"colour":null},"geometry":{"type":"Polygon","coordinates":[[[7.421677,43.7407816],[7.4216101,43.7406986],[7.4217352,43.7406273],[7.4218866,43.7405516],[7.4219667,43.7406317],[7.4218533,43.7406903],[7.4218313,43.7407017],[7.421677,43.7407816]]]}},{"type":"Feature","properties":{"kind":"building","height":12.8,"levels":"4","name":null,"building":"apartments","roof":null,"colour":null},"geometry":{"type":"Polygon","coordinates":[[[7.422137,43.7404133],[7.4218502,43.7401979],[7.4220147,43.7400844],[7.422153,43.7401921],[7.4221166,43.7402183],[7.4221617,43.7402663],[7.4222127,43.7402503],[7.4222432,43.7402591],[7.422284,43.7402328],[7.4224042,43.7403197],[7.422137,43.7404133]]]}},{"type":"Feature","properties":{"kind":"building","height":12.8,"levels":"4","name":null,"building":"apartments","roof":null,"colour":null},"geometry":{"type":"Polygon","coordinates":[[[7.4229875,43.7413473],[7.4229071,43.7414024],[7.4229161,43.7414099],[7.4228718,43.7414495],[7.4224994,43.7412367],[7.4226149,43.7411435],[7.4228172,43.7412786],[7.4228447,43.7412541],[7.4229875,43.7413473]]]}},{"type":"Feature","properties":{"kind":"building","height":25.6,"levels":"8","name":"Villa Bellevue B\u00e2t. B","building":"apartments","roof":null,"colour":null},"geometry":{"type":"Polygon","coordinates":[[[7.4200821,43.7364712],[7.419934,43.7363629],[7.4201218,43.7362289],[7.4202699,43.7363372],[7.4200821,43.7364712]]]}},{"type":"Feature","properties":{"kind":"building","height":12.8,"levels":"4","name":null,"building":"apartments","roof":null,"colour":null},"geometry":{"type":"Polygon","coordinates":[[[7.4191559,43.7333076],[7.4191804,43.733204],[7.4191864,43.7331948],[7.4190192,43.7331688],[7.4189779,43.7333076],[7.4189662,43.733324],[7.4191169,43.7333412],[7.4191232,43.7333123],[7.4191559,43.7333076]]]}},{"type":"Feature","properties":{"kind":"building","height":0.0,"levels":null,"name":null,"building":"yes","roof":null,"colour":null},"geometry":{"type":"Polygon","coordinates":[[[7.427655,43.7435253],[7.427534,43.7434278],[7.4276553,43.7433492],[7.4277763,43.7434467],[7.427655,43.7435253]]]}},{"type":"Feature","properties":{"kind":"building","height":12.8,"levels":"4","name":"Villa Florio","building":"residential","roof":null,"colour":null},"geometry":{"type":"Polygon","coordinates":[[[7.4205851,43.735653],[7.4205856,43.735631],[7.4205892,43.735471],[7.4206487,43.7354724],[7.4206467,43.7355616],[7.4206446,43.7356543],[7.4205851,43.735653]]]}},{"type":"Feature","properties":{"kind":"building","height":12.8,"levels":"4","name":null,"building":"apartments","roof":null,"colour":null},"geometry":{"type":"Polygon","coordinates":[[[7.4192978,43.7337145],[7.4190247,43.7336657],[7.4190003,43.733745],[7.4189921,43.7337748],[7.4192669,43.7338293],[7.4192741,43.7338007],[7.4192978,43.7337145]]]}},{"type":"Feature","properties":{"kind":"building","height":0.0,"levels":null,"name":"Tender to Victor Palace","building":"apartments","roof":null,"colour":null},"geometry":{"type":"Polygon","coordinates":[[[7.428744,43.7437557],[7.4285972,43.7435379],[7.4287122,43.7435061],[7.4288247,43.7436896],[7.4287905,43.7437019],[7.4288052,43.7437337],[7.428744,43.7437557]]]}},{"type":"Feature","properties":{"kind":"building","height":0.0,"levels":null,"name":"\u00c9glise Saint-Charles","building":"church","roof":null,"colour":null},"geometry":{"type":"Polygon","coordinates":[[[7.4270193,43.7426941],[7.427012,43.7427323],[7.4270339,43.7427669],[7.427063,43.7427705],[7.4270866,43.7427687],[7.4270976,43.7427905],[7.4271339,43.7428069],[7.4272176,43.7427687],[7.427234,43.7427869],[7.4273468,43.742725],[7.4273304,43.7427014],[7.427587,43.7425867],[7.4275597,43.7425522],[7.4275906,43.7425413],[7.4275179,43.7424503],[7.4274924,43.7424648],[7.4274614,43.7424394],[7.4274251,43.742463],[7.4273996,43.7424576],[7.4273741,43.7424849],[7.4272176,43.7425631],[7.4271885,43.7425449],[7.427063,43.7426049],[7.4270757,43.742625],[7.4270029,43.7426522],[7.4270193,43.7426941]]]}},{"type":"Feature","properties":{"kind":"building","height":9.600000000000001,"levels":"3","name":"Villa Colombe","building":"apartments","roof":null,"colour":null},"geometry":{"type":"Polygon","coordinates":[[[7.422009,43.7373274],[7.4221998,43.737328],[7.4222007,43.7371807],[7.4220099,43.7371801],[7.4220091,43.7373015],[7.422009,43.7373274]]]}},{"type":"Feature","properties":{"kind":"building","height":0.0,"levels":null,"name":"Villa L'Union","building":"apartments","roof":null,"colour":null},"geometry":{"type":"Polygon","coordinates":[[[7.428313,43.7438895],[7.4281601,43.743713],[7.4283566,43.7435893],[7.4284694,43.7436184],[7.4285895,43.7438003],[7.428313,43.7438895]]]}},{"type":"Feature","properties":{"kind":"building","height":0.0,"levels":null,"name":"Office du Tourisme de Monaco","building":"yes","roof":null,"colour":null},"geometry":{"type":"Polygon","coordinates":[[[7.426021,43.7408544],[7.4261682,43.7407956],[7.4260382,43.7406257],[7.4258909,43.7406845],[7.426021,43.7408544]]]}},{"type":"Feature","properties":{"kind":"building","height":12.8,"levels":"4","name":null,"building":"apartments","roof":null,"colour":null},"geometry":{"type":"Polygon","coordinates":[[[7.4187249,43.7340189],[7.418744,43.7339375],[7.4186297,43.7339177],[7.4186124,43.7340025],[7.4187249,43.7340189]]]}},{"type":"Feature","properties":{"kind":"building","height":0.0,"levels":null,"name":"Villa Louis","building":"apartments","roof":null,"colour":null},"geometry":{"type":"Polygon","coordinates":[[[7.4247831,43.7411457],[7.4249845,43.7410316],[7.4248902,43.7409419],[7.4247167,43.7410409],[7.424712,43.741077],[7.4247831,43.7411457]]]}},{"type":"Feature","properties":{"kind":"building","height":0.0,"levels":null,"name":"Villa Colibri","building":"yes","roof":null,"colour":null},"geometry":{"type":"Polygon","coordinates":[[[7.4242293,43.7390605],[7.4242093,43.7390296],[7.424142,43.7389295],[7.4240892,43.7389259],[7.4240528,43.7389423],[7.4241729,43.7391115],[7.4242227,43.7390882],[7.4242293,43.7390605]]]}},{"type":"Feature","properties":{"kind":"building","height":0.0,"levels":null,"name":null,"building":"yes","roof":null,"colour":null},"geometry":{"type":"Polygon","coordinates":[[[7.4266518,43.7425067],[7.4262668,43.7422413],[7.4264182,43.7421266],[7.4270064,43.7425321],[7.4268634,43.7426403],[7.426821,43.7426724],[7.4266179,43.7425324],[7.4266518,43.7425067]]]}},{"type":"Feature","properties":{"kind":"building","height":0.0,"levels":null,"name":null,"building":"retail","roof":null,"colour":null},"geometry":{"type":"Polygon","coordinates":[[[7.4197646,43.7342727],[7.4201688,43.7343092],[7.4201986,43.7341368],[7.4197944,43.7341003],[7.4197646,43.7342727]]]}},{"type":"Feature","properties":{"kind":"building","height":9.600000000000001,"levels":"3","name":"Villa Gardenia","building":"apartments","roof":null,"colour":null},"geometry":{"type":"Polygon","coordinates":[[[7.4249242,43.740555],[7.4251493,43.7404816],[7.4252178,43.7405917],[7.4251689,43.7406015],[7.4250783,43.7406137],[7.4250098,43.7406015],[7.4249609,43.7405892],[7.4249242,43.740555]]]}},{"type":"Feature","properties":{"kind":"building","height":0.0,"levels":null,"name":"Villa Dryade","building":"apartments","roof":null,"colour":null},"geometry":{"type":"Polygon","coordinates":[[[7.4199007,43.7391861],[7.4199485,43.7391867],[7.4199508,43.7391759],[7.420068,43.7391824],[7.4201224,43.7390973],[7.4201228,43.7390862],[7.4201165,43.7390739],[7.4201064,43.7390667],[7.4200893,43.7390579],[7.4200685,43.739057],[7.4200236,43.7390629],[7.4200192,43.739052],[7.4199413,43.7390596],[7.4199437,43.7390699],[7.4199017,43.7390714],[7.4199007,43.7391861]]]}},{"type":"Feature","properties":{"kind":"building","height":0.0,"levels":null,"name":null,"building":"apartments","roof":null,"colour":null},"geometry":{"type":"Polygon","coordinates":[[[7.4279732,43.7423138],[7.4281999,43.7422548],[7.4282903,43.7424437],[7.4280665,43.7425033],[7.4279732,43.7423138]]]}},{"type":"Feature","properties":{"kind":"building","height":12.8,"levels":"4","name":null,"building":"apartments","roof":null,"colour":null},"geometry":{"type":"Polygon","coordinates":[[[7.4220911,43.7407049],[7.4219297,43.740556],[7.4219691,43.7405296],[7.4220146,43.7405109],[7.4220451,43.7405072],[7.4220712,43.7405147],[7.4221173,43.7405527],[7.4221462,43.7405743],[7.4221785,43.7405984],[7.4222246,43.7406312],[7.4220911,43.7407049]]]}},{"type":"Feature","properties":{"kind":"building","height":0.0,"levels":null,"name":"Les Boulingrins","building":"yes","roof":null,"colour":null},"geometry":{"type":"Polygon","coordinates":[[[7.4251122,43.7392224],[7.4250679,43.739144],[7.425092,43.7391369],[7.4253578,43.7390584],[7.4253849,43.7391064],[7.4254244,43.7391761],[7.4253869,43.7391872],[7.4254522,43.7392956],[7.4252858,43.7393476],[7.4252003,43.7391964],[7.4251122,43.7392224]]]}},{"type":"Feature","properties":{"kind":"building","height":25.6,"levels":"8","name":"Riviera Palace","building":"apartments","roof":null,"colour":null},"geometry":{"type":"Polygon","coordinates":[[[7.4240814,43.7410146],[7.4242602,43.7409269],[7.4240273,43.7406788],[7.4238564,43.7407626],[7.4238912,43.7407997],[7.4238571,43.7408164],[7.424025,43.7409952],[7.4240512,43.7409824],[7.4240814,43.7410146]]]}},{"type":"Feature","properties":{"kind":"building","height":0.0,"levels":null,"name":"L'Imp\u00e9rator","building":"yes","roof":null,"colour":null},"geometry":{"type":"Polygon","coordinates":[[[7.4253819,43.7410694],[7.4253673,43.7410276],[7.4253764,43.7410021],[7.4254832,43.740948],[7.4253888,43.7408349],[7.4252843,43.7408824],[7.4252398,43.7408922],[7.4252137,43.7409069],[7.4252983,43.7410805],[7.4253347,43.7410932],[7.4253783,43.7410841],[7.4253819,43.7410694]]]}},{"type":"Feature","properties":{"kind":"building","height":12.8,"levels":"4","name":null,"building":"apartments","roof":null,"colour":null},"geometry":{"type":"Polygon","coordinates":[[[7.4194848,43.7334152],[7.4195,43.7333466],[7.4193835,43.733333],[7.4193682,43.7334017],[7.4194848,43.7334152]]]}},{"type":"Feature","properties":{"kind":"building","height":9.600000000000001,"levels":"3","name":null,"building":"residential","roof":null,"colour":null},"geometry":{"type":"Polygon","coordinates":[[[7.4201536,43.7355891],[7.4202518,43.7355945],[7.4202518,43.7355509],[7.4203119,43.7355509],[7.4203137,43.7354581],[7.4201645,43.7354544],[7.4201536,43.7355891]]]}},{"type":"Feature","properties":{"kind":"building","height":19.200000000000003,"levels":"6","name":"Villa Bijou","building":"commercial","roof":null,"colour":null},"geometry":{"type":"Polygon","coordinates":[[[7.4235751,43.7383095],[7.4236733,43.7382114],[7.423704,43.7382274],[7.4238147,43.7381168],[7.4239706,43.7381983],[7.4237611,43.7384066],[7.4235751,43.7383095]]]}},{"type":"Feature","properties":{"kind":"building","height":6.4,"levels":"2","name":null,"building":"retail","roof":null,"colour":null},"geometry":{"type":"Polygon","coordinates":[[[7.4283147,43.7408258],[7.4277757,43.7403165],[7.4275599,43.7404364],[7.4279171,43.740769],[7.4278939,43.7407808],[7.4280494,43.7409254],[7.4280818,43.7409539],[7.4282625,43.7408519],[7.4283147,43.7408258]]]}},{"type":"Feature","properties":{"kind":"building","height":19.200000000000003,"levels":"6","name":null,"building":"apartments","roof":null,"colour":null},"geometry":{"type":"Polygon","coordinates":[[[7.4197438,43.7356431],[7.4196226,43.7355307],[7.4194993,43.7356017],[7.419621,43.7357123],[7.4197438,43.7356431]]]}},{"type":"Feature","properties":{"kind":"building","height":12.8,"levels":"4","name":null,"building":"apartments","roof":null,"colour":null},"geometry":{"type":"Polygon","coordinates":[[[7.4191138,43.7335067],[7.4188879,43.7334757],[7.4189026,43.7334199],[7.4189221,43.733419],[7.4189587,43.7334239],[7.4189635,43.7334052],[7.4190795,43.7334207],[7.4190723,43.733449],[7.4191218,43.7334556],[7.4191125,43.7334921],[7.4191138,43.7335067]]]}},{"type":"Feature","properties":{"kind":"building","height":12.8,"levels":"4","name":null,"building":"apartments","roof":null,"colour":null},"geometry":{"type":"Polygon","coordinates":[[[7.4188585,43.7339424],[7.4189193,43.7339588],[7.4189239,43.7339307],[7.4189391,43.7338513],[7.4188012,43.7338438],[7.4187614,43.7338386],[7.4187528,43.7338862],[7.4188664,43.7338964],[7.4188585,43.7339424]]]}},{"type":"Feature","properties":{"kind":"building","height":0.0,"levels":null,"name":"Villa Mimosa","building":"yes","roof":null,"colour":null},"geometry":{"type":"Polygon","coordinates":[[[7.4288786,43.7436725],[7.4287978,43.743511],[7.4289324,43.7434694],[7.4290083,43.7436383],[7.4288786,43.7436725]]]}},{"type":"Feature","properties":{"kind":"building","height":16.0,"levels":"5","name":"Villa Montjoie","building":"apartments","roof":null,"colour":null},"geometry":{"type":"Polygon","coordinates":[[[7.4218636,43.7373874],[7.4220094,43.7373872],[7.422009,43.7373274],[7.4220091,43.7373015],[7.4219818,43.7373015],[7.4219816,43.7372398],[7.4218632,43.73724],[7.4218636,43.7373874]]]}},{"type":"Feature","properties":{"kind":"building","height":25.6,"levels":"8","name":"Le Montaigne","building":"apartments","roof":"flat","colour":null},"geometry":{"type":"Polygon","coordinates":[[[7.4272468,43.7417383],[7.4270569,43.7416024],[7.4272485,43.7414626],[7.4273088,43.7415057],[7.4275214,43.7413507],[7.4275417,43.7413653],[7.4276542,43.7412833],[7.427744,43.7413477],[7.4276839,43.7413915],[7.4279501,43.7415824],[7.427809,43.7416851],[7.4275926,43.7415299],[7.4274022,43.7416688],[7.4273719,43.7416471],[7.4272468,43.7417383]]]}},{"type":"Feature","properties":{"kind":"building","height":22.400000000000002,"levels":"7","name":"Le Blanc Castel","building":"apartments","roof":null,"colour":null},"geometry":{"type":"Polygon","coordinates":[[[7.4235653,43.7400408],[7.4233311,43.7399566],[7.4234243,43.7398213],[7.4237148,43.7399227],[7.4235653,43.7400408]]]}},{"type":"Feature","properties":{"kind":"building","height":0.0,"levels":null,"name":"Villa Moderne","building":"apartments","roof":"flat","colour":"#eecfaf"},"geometry":{"type":"Polygon","coordinates":[[[7.4206558,43.7393945],[7.4208861,43.7394645],[7.4209887,43.739288],[7.4207584,43.739218],[7.4206558,43.7393945]]]}},{"type":"Feature","properties":{"kind":"building","height":12.8,"levels":"4","name":"Lotus Bleu","building":"apartments","roof":"flat","colour":null},"geometry":{"type":"Polygon","coordinates":[[[7.4193385,43.7377067],[7.4195334,43.7376186],[7.4194447,43.7375162],[7.4192494,43.7376045],[7.4192902,43.7376516],[7.4192419,43.7376734],[7.4192625,43.7376973],[7.4193112,43.7376753],[7.4193385,43.7377067]]]}},{"type":"Feature","properties":{"kind":"building","height":12.8,"levels":"4","name":null,"building":"apartments","roof":null,"colour":null},"geometry":{"type":"Polygon","coordinates":[[[7.4198767,43.7335806],[7.4198952,43.7335025],[7.4200451,43.7335225],[7.4200257,43.7335994],[7.4198767,43.7335806]]]}},{"type":"Feature","properties":{"kind":"building","height":0.0,"levels":null,"name":"Le Richmond","building":"apartments","roof":null,"colour":null},"geometry":{"type":"Polygon","coordinates":[[[7.4232308,43.739645],[7.423484,43.739495],[7.423615,43.7395766],[7.4234535,43.739725],[7.4232308,43.739645]]]}},{"type":"Feature","properties":{"kind":"building","height":16.0,"levels":"5","name":"Rose De France","building":"apartments","roof":null,"colour":null},"geometry":{"type":"Polygon","coordinates":[[[7.4220331,43.738158],[7.4217809,43.7381504],[7.4217925,43.7379492],[7.4224633,43.7379695],[7.4224408,43.7383593],[7.4220198,43.7383251],[7.4220331,43.738158]]]}},{"type":"Feature","properties":{"kind":"building","height":22.400000000000002,"levels":"7","name":"Villa La Madone","building":"apartments","roof":null,"colour":null},"geometry":{"type":"Polygon","coordinates":[[[7.4268992,43.7419772],[7.4270722,43.741851],[7.4269073,43.741732],[7.4268521,43.7417417],[7.4268283,43.7417844],[7.4268246,43.7418644],[7.4268592,43.7419299],[7.4268992,43.7419772]]]}},{"type":"Feature","properties":{"kind":"building","height":19.200000000000003,"levels":"6","name":null,"building":"apartments","roof":null,"colour":null},"geometry":{"type":"Polygon","coordinates":[[[7.4229167,43.7411677],[7.4229518,43.7411982],[7.4229324,43.7412288],[7.4230054,43.7412854],[7.4230472,43.7412556],[7.4230815,43.7412675],[7.4231004,43.7412894],[7.4230094,43.7413619],[7.4229875,43.7413473],[7.4228447,43.7412541],[7.4228166,43.741232],[7.4229167,43.7411677]]]}},{"type":"Feature","properties":{"kind":"building","height":0.0,"levels":null,"name":null,"building":"retail","roof":"hipped","colour":null},"geometry":{"type":"Polygon","coordinates":[[[7.4202231,43.7342874],[7.420396,43.7343007],[7.4204123,43.73419],[7.4202394,43.7341767],[7.4202231,43.7342874]]]}},{"type":"Feature","properties":{"kind":"building","height":81.0,"levels":"26","name":"Le Mirabeau","building":"residential","roof":null,"colour":null},"geometry":{"type":"Polygon","coordinates":[[[7.429099,43.7416516],[7.4290885,43.741379],[7.4290866,43.7413307],[7.4292285,43.7412426],[7.4292481,43.7410615],[7.4294267,43.7411154],[7.4294634,43.7411031],[7.4294601,43.741353],[7.4293435,43.7413527],[7.4293606,43.7413796],[7.4293599,43.7416493],[7.4292656,43.7416492],[7.429099,43.7416516]]]}},{"type":"Feature","properties":{"kind":"building","height":12.8,"levels":"4","name":null,"building":"apartments","roof":null,"colour":null},"geometry":{"type":"Polygon","coordinates":[[[7.419511,43.7335259],[7.4195287,43.7333818],[7.4197595,43.7333966],[7.4197431,43.73353],[7.419683,43.733537],[7.419511,43.7335259]]]}},{"type":"Feature","properties":{"kind":"building","height":9.600000000000001,"levels":"3","name":null,"building":"residential","roof":null,"colour":null},"geometry":{"type":"Polygon","coordinates":[[[7.4199971,43.735691],[7.4200755,43.7356536],[7.4200224,43.735609],[7.4200244,43.735588],[7.4199711,43.7355861],[7.4199632,43.7356325],[7.4199397,43.7356473],[7.4199971,43.735691]]]}},{"type":"Feature","properties":{"kind":"building","height":25.6,"levels":"8","name":"Le Beau Rivage","building":"apartments","roof":null,"colour":"yellow"},"geometry":{"type":"Polygon","coordinates":[[[7.4225639,43.7373984],[7.4225644,43.7372322],[7.4226067,43.7372326],[7.4226086,43.7371921],[7.4225913,43.7371885],[7.4226079,43.7371474],[7.4228219,43.737178],[7.4228155,43.7371933],[7.4228816,43.7372025],[7.4228917,43.7371846],[7.4235183,43.7373163],[7.4234969,43.7373591],[7.4230786,43.7373717],[7.4227401,43.7373221],[7.4227335,43.7373457],[7.4227746,43.7373517],[7.4227743,43.7373967],[7.4225639,43.7373984]]]}},{"type":"Feature","properties":{"kind":"building","height":12.8,"levels":"4","name":null,"building":"residential","roof":null,"colour":null},"geometry":{"type":"Polygon","coordinates":[[[7.4199971,43.735691],[7.4201427,43.7358274],[7.4202591,43.7357583],[7.4202355,43.7357237],[7.4202173,43.7357365],[7.4201117,43.7356364],[7.4200755,43.7356536],[7.4199971,43.735691]]]}},{"type":"Feature","properties":{"kind":"building","height":0.0,"levels":null,"name":"Villa Petrouchka","building":"yes","roof":"flat","colour":null},"geometry":{"type":"Polygon","coordinates":[[[7.4209321,43.7394743],[7.421116,43.7395349],[7.4211819,43.7394305],[7.420998,43.7393699],[7.4209321,43.7394743]]]}},{"type":"Feature","properties":{"kind":"building","height":12.8,"levels":"4","name":null,"building":"apartments","roof":null,"colour":null},"geometry":{"type":"Polygon","coordinates":[[[7.4192327,43.7349283],[7.4192897,43.7349028],[7.4192882,43.7347919],[7.4192267,43.7347949],[7.4191413,43.7348384],[7.4192327,43.7349283]]]}},{"type":"Feature","properties":{"kind":"building","height":16.0,"levels":"5","name":null,"building":"apartments","roof":null,"colour":null},"geometry":{"type":"Polygon","coordinates":[[[7.4187037,43.7381985],[7.4189447,43.7382113],[7.4189447,43.7381811],[7.418961,43.7381822],[7.4189587,43.7380774],[7.4189412,43.7380774],[7.4189412,43.7380646],[7.418727,43.7380576],[7.4187037,43.7381985]]]}},{"type":"Feature","properties":{"kind":"building","height":0.0,"levels":null,"name":null,"building":"yes","roof":null,"colour":null},"geometry":{"type":"Polygon","coordinates":[[[7.4281055,43.7437021],[7.4279782,43.7435893],[7.4280869,43.7435272],[7.4281806,43.7435622],[7.4282697,43.7435828],[7.4282839,43.7436075],[7.4281055,43.7437021]]]}},{"type":"Feature","properties":{"kind":"building","height":12.8,"levels":"4","name":null,"building":"apartments","roof":null,"colour":null},"geometry":{"type":"Polygon","coordinates":[[[7.4187593,43.7334031],[7.4187876,43.7332763],[7.4189497,43.7332953],[7.4189221,43.733419],[7.4189026,43.7334199],[7.4187593,43.7334031]]]}},{"type":"Feature","properties":{"kind":"building","height":12.8,"levels":"4","name":null,"building":"apartments","roof":null,"colour":null},"geometry":{"type":"Polygon","coordinates":[[[7.4187546,43.7337474],[7.418818,43.7337543],[7.4188232,43.7337165],[7.4188532,43.7336462],[7.4187817,43.733634],[7.4187546,43.7337474]]]}},{"type":"Feature","properties":{"kind":"building","height":32.0,"levels":"10","name":"Villa La Lestra","building":"apartments","roof":null,"colour":null},"geometry":{"type":"Polygon","coordinates":[[[7.427794,43.7421687],[7.42804,43.7420082],[7.4280928,43.7419972],[7.4282653,43.7418943],[7.4281538,43.7417863],[7.4279182,43.7419335],[7.4278741,43.7419558],[7.4276895,43.7420942],[7.427794,43.7421687]]]}},{"type":"Feature","properties":{"kind":"building","height":16.0,"levels":"5","name":"Villa Marguerite","building":"apartments","roof":null,"colour":null},"geometry":{"type":"Polygon","coordinates":[[[7.4219198,43.7410788],[7.4220519,43.7411955],[7.4221616,43.7411353],[7.4221372,43.7411031],[7.4221229,43.7411126],[7.4220633,43.7410512],[7.4220728,43.7410411],[7.4220436,43.7410125],[7.4220322,43.7410203],[7.4219198,43.7410788]]]}},{"type":"Feature","properties":{"kind":"building","height":12.8,"levels":"4","name":null,"building":"apartments","roof":"flat","colour":null},"geometry":{"type":"Polygon","coordinates":[[[7.4280127,43.7433327],[7.4281347,43.7434364],[7.4283057,43.7434965],[7.4283967,43.7435056],[7.4282475,43.7432618],[7.4280127,43.7433327]]]}},{"type":"Feature","properties":{"kind":"building","height":22.400000000000002,"levels":"7","name":"Le Splendido","building":"apartments","roof":null,"colour":null},"geometry":{"type":"Polygon","coordinates":[[[7.4218415,43.7399272],[7.4218837,43.7399214],[7.422038,43.7400349],[7.42184,43.7401804],[7.4218255,43.7401659],[7.4218095,43.7401775],[7.4217687,43.7401441],[7.4217731,43.7401266],[7.4216857,43.7400713],[7.4216901,43.7400363],[7.4218415,43.7399272]]]}},{"type":"Feature","properties":{"kind":"building","height":12.8,"levels":"4","name":"Les Olivettes","building":"apartments","roof":null,"colour":null},"geometry":{"type":"Polygon","coordinates":[[[7.4228471,43.7416082],[7.4229825,43.7416809],[7.4230785,43.7416227],[7.4230203,43.7415834],[7.4229766,43.7415834],[7.4229301,43.7415397],[7.4228471,43.7416082]]]}},{"type":"Feature","properties":{"kind":"building","height":0.0,"levels":null,"name":null,"building":"yes","roof":null,"colour":null},"geometry":{"type":"Polygon","coordinates":[[[7.4273268,43.7433327],[7.4271649,43.7432727],[7.427204,43.7432526],[7.4272959,43.7432054],[7.4274236,43.7431585],[7.4274742,43.7431399],[7.4274978,43.7431544],[7.4275342,43.7432327],[7.4273268,43.7433327]]]}},{"type":"Feature","properties":{"kind":"building","height":25.6,"levels":"8","name":"Domaine du Roqueville","building":"apartments","roof":null,"colour":null},"geometry":{"type":"Polygon","coordinates":[[[7.4241999,43.7391902],[7.4241162,43.7390883],[7.4240725,43.7390828],[7.4240106,43.739101],[7.4233756,43.7393194],[7.4233993,43.7393539],[7.4232064,43.7394558],[7.4231009,43.7393831],[7.4229972,43.7393321],[7.4231427,43.7391665],[7.4232046,43.7390592],[7.4233793,43.7386516],[7.4232192,43.7385898],[7.4230354,43.7390337],[7.4229099,43.7391738],[7.4227607,43.7393539],[7.4229026,43.7394231],[7.4231355,43.7395832],[7.4231973,43.7396305],[7.4234775,43.7394595],[7.4237905,43.7393267],[7.4241999,43.7391902]]]}},{"type":"Feature","properties":{"kind":"building","height":16.0,"levels":"5","name":null,"building":"apartments","roof":null,"colour":null},"geometry":{"type":"Polygon","coordinates":[[[7.4193229,43.734346],[7.4190038,43.734314],[7.4189998,43.7343346],[7.4190084,43.7343355],[7.4189987,43.7343862],[7.4190162,43.7343879],[7.4190026,43.7344587],[7.4190863,43.7344671],[7.4190958,43.7344177],[7.4192503,43.7344332],[7.4192567,43.7343997],[7.4193115,43.7344052],[7.4193229,43.734346]]]}},{"type":"Feature","properties":{"kind":"building","height":9.600000000000001,"levels":"3","name":"Villa Alice","building":"apartments","roof":null,"colour":null},"geometry":{"type":"Polygon","coordinates":[[[7.4243192,43.7405286],[7.4241941,43.7403939],[7.4243593,43.7403138],[7.4244844,43.7404485],[7.4243192,43.7405286]]]}},{"type":"Feature","properties":{"kind":"building","height":9.600000000000001,"levels":"3","name":null,"building":"apartments","roof":null,"colour":null},"geometry":{"type":"Polygon","coordinates":[[[7.420701,43.7373725],[7.420903,43.7372652],[7.4207884,43.7371979],[7.4206428,43.737287],[7.4206828,43.7373252],[7.4207156,43.7373107],[7.4207265,43.7373271],[7.4206865,43.7373507],[7.420701,43.7373725]]]}},{"type":"Feature","properties":{"kind":"building","height":0.0,"levels":null,"name":null,"building":"yes","roof":null,"colour":null},"geometry":{"type":"Polygon","coordinates":[[[7.4271248,43.7432217],[7.4270612,43.7431653],[7.4270193,43.7431162],[7.4269993,43.743078],[7.4270321,43.7430653],[7.426992,43.7430143],[7.4269629,43.7430271],[7.4269156,43.7429688],[7.4270157,43.742927],[7.427063,43.7429779],[7.4270339,43.7429943],[7.4270666,43.7430343],[7.4273359,43.7429088],[7.4273086,43.7428615],[7.4274906,43.7427814],[7.4275233,43.7428306],[7.427567,43.7428142],[7.4276234,43.7428688],[7.427648,43.7429053],[7.4276402,43.7429229],[7.4276547,43.7429483],[7.4276678,43.7429773],[7.4273923,43.7431017],[7.4274236,43.7431585],[7.4272959,43.7432054],[7.427204,43.7432526],[7.427154,43.7432163],[7.4271248,43.7432217]]]}},{"type":"Feature","properties":{"kind":"building","height":12.8,"levels":"4","name":null,"building":"apartments","roof":null,"colour":null},"geometry":{"type":"Polygon","coordinates":[[[7.4195728,43.7332671],[7.4194051,43.7332465],[7.4193835,43.733333],[7.4195,43.7333466],[7.4195041,43.7333248],[7.4195614,43.7333335],[7.4195728,43.7332671]]]}},{"type":"Feature","properties":{"kind":"building","height":12.8,"levels":"4","name":null,"building":"apartments","roof":null,"colour":null},"geometry":{"type":"Polygon","coordinates":[[[7.418816,43.7344816],[7.4189224,43.7345985],[7.4190833,43.7345664],[7.4191098,43.7345611],[7.4190618,43.7344696],[7.4189359,43.7344636],[7.418816,43.7344816]]]}},{"type":"Feature","properties":{"kind":"building","height":0.0,"levels":null,"name":null,"building":"yes","roof":null,"colour":null},"geometry":{"type":"Polygon","coordinates":[[[7.4215926,43.7403418],[7.4217191,43.7402548],[7.4215254,43.7401079],[7.421399,43.740195],[7.4215926,43.7403418]]]}},{"type":"Feature","properties":{"kind":"building","height":51.2,"levels":"16","name":"Le Panorama","building":"apartments","roof":null,"colour":null},"geometry":{"type":"Polygon","coordinates":[[[7.4206606,43.7369016],[7.4208944,43.7370684],[7.4209252,43.7370452],[7.4209805,43.7370797],[7.4210907,43.7370148],[7.4210352,43.7368954],[7.4208738,43.7367915],[7.4207848,43.7366533],[7.4206419,43.7365596],[7.4204943,43.7366135],[7.4205435,43.7366768],[7.4205084,43.7366932],[7.4206606,43.7369016]]]}},{"type":"Feature","properties":{"kind":"building","height":12.8,"levels":"4","name":null,"building":"apartments","roof":null,"colour":null},"geometry":{"type":"Polygon","coordinates":[[[7.418851,43.7335899],[7.418723,43.7335626],[7.4187454,43.7334913],[7.4188721,43.7335094],[7.418851,43.7335899]]]}},{"type":"Feature","properties":{"kind":"building","height":12.8,"levels":"4","name":null,"building":"apartments","roof":null,"colour":null},"geometry":{"type":"Polygon","coordinates":[[[7.4188532,43.7336462],[7.4190247,43.7336657],[7.4190003,43.733745],[7.4188232,43.7337165],[7.4188532,43.7336462]]]}},{"type":"Feature","properties":{"kind":"building","height":16.0,"levels":"5","name":null,"building":"apartments","roof":"flat","colour":null},"geometry":{"type":"Polygon","coordinates":[[[7.4277422,43.7427722],[7.4279811,43.7427112],[7.4279421,43.7426155],[7.427913,43.7425937],[7.4278602,43.7425919],[7.4278329,43.7426155],[7.4277347,43.7426519],[7.4277092,43.7426556],[7.4276928,43.7426719],[7.4277422,43.7427722]]]}},{"type":"Feature","properties":{"kind":"building","height":6.4,"levels":"2","name":null,"building":"apartments","roof":null,"colour":null},"geometry":{"type":"Polygon","coordinates":[[[7.4219667,43.7406317],[7.4221559,43.7408078],[7.4221457,43.7408141],[7.4219943,43.7409082],[7.4218954,43.7408194],[7.4219463,43.740786],[7.4218533,43.7406903],[7.4219667,43.7406317]]]}},{"type":"Feature","properties":{"kind":"building","height":0.0,"levels":null,"name":"Petite Villa Mer et Monts","building":"yes","roof":null,"colour":null},"geometry":{"type":"Polygon","coordinates":[[[7.4200878,43.7394313],[7.4199861,43.7393894],[7.420045,43.7393086],[7.4201519,43.7393483],[7.4200878,43.7394313]]]}},{"type":"Feature","properties":{"kind":"building","height":0.0,"levels":null,"name":"Le Flor Palace","building":"yes","roof":null,"colour":null},"geometry":{"type":"Polygon","coordinates":[[[7.4291637,43.7436178],[7.4294025,43.7435684],[7.4293252,43.7433735],[7.4290865,43.7434228],[7.4291637,43.7436178]]]}},{"type":"Feature","properties":{"kind":"building","height":12.8,"levels":"4","name":"Villa Rosine","building":"apartments","roof":null,"colour":null},"geometry":{"type":"Polygon","coordinates":[[[7.4186257,43.7347972],[7.4188131,43.7347006],[7.4187575,43.7346303],[7.4186111,43.7347065],[7.4186404,43.7347416],[7.4185906,43.7347621],[7.4186257,43.7347972]]]}},{"type":"Feature","properties":{"kind":"building","height":28.8,"levels":"9","name":"Le Winch","building":"apartments","roof":null,"colour":null},"geometry":{"type":"Polygon","coordinates":[[[7.4208031,43.7354833],[7.4209068,43.7354854],[7.4208977,43.7355673],[7.4209341,43.7355691],[7.4209316,43.7356234],[7.421037,43.7356299],[7.4210352,43.7356764],[7.420798,43.7356691],[7.4207989,43.7356372],[7.4208031,43.7354833]]]}},{"type":"Feature","properties":{"kind":"building","height":57.6,"levels":"18","name":"Palais Armida","building":"apartments","roof":null,"colour":null},"geometry":{"type":"Polygon","coordinates":[[[7.4195909,43.7386392],[7.4198094,43.7384614],[7.4199927,43.7385789],[7.4198463,43.7386981],[7.4198026,43.7386701],[7.4197305,43.7387288],[7.4195909,43.7386392]]]}},{"type":"Feature","properties":{"kind":"building","height":12.8,"levels":"4","name":"Le Saint-Michel","building":"apartments","roof":"flat","colour":null},"geometry":{"type":"Polygon","coordinates":[[[7.4250937,43.740295],[7.4253402,43.7402295],[7.4253695,43.7402467],[7.4254709,43.7404224],[7.4253795,43.7404499],[7.4253964,43.7404791],[7.4253671,43.7405012],[7.4253036,43.7405181],[7.4252926,43.7404965],[7.4252077,43.740519],[7.4250937,43.740295]]]}},{"type":"Feature","properties":{"kind":"building","height":25.6,"levels":"8","name":"Villa Bellevue B\u00e2t. A","building":"apartments","roof":null,"colour":null},"geometry":{"type":"Polygon","coordinates":[[[7.42026,43.7365975],[7.4200986,43.7364872],[7.4202765,43.7363512],[7.4203163,43.7363535],[7.4203455,43.7363722],[7.4203307,43.7363843],[7.4203959,43.7364261],[7.4204053,43.7364121],[7.4204567,43.7364472],[7.42026,43.7365975]]]}},{"type":"Feature","properties":{"kind":"building","height":12.8,"levels":"4","name":null,"building":"apartments","roof":null,"colour":null},"geometry":{"type":"Polygon","coordinates":[[[7.4193213,43.733328],[7.4193129,43.7332889],[7.4193293,43.7332842],[7.4193435,43.7332242],[7.4191804,43.733204],[7.4191559,43.7333076],[7.4193213,43.733328]]]}},{"type":"Feature","properties":{"kind":"building","height":0.0,"levels":null,"name":"Villa de l'inserna","building":"yes","roof":null,"colour":null},"geometry":{"type":"Polygon","coordinates":[[[7.4278697,43.7435201],[7.4277835,43.7434328],[7.4278892,43.7433855],[7.4280446,43.7435064],[7.4279342,43.7435708],[7.4278697,43.7435201]]]}},{"type":"Feature","properties":{"kind":"building","height":12.8,"levels":"4","name":null,"building":"apartments","roof":null,"colour":null},"geometry":{"type":"Polygon","coordinates":[[[7.4196145,43.7339284],[7.4196282,43.7338434],[7.4194916,43.7338316],[7.4194821,43.7338942],[7.4194419,43.733891],[7.4194386,43.7339127],[7.4196145,43.7339284]]]}},{"type":"Feature","properties":{"kind":"building","height":16.0,"levels":"5","name":null,"building":"apartments","roof":null,"colour":null},"geometry":{"type":"Polygon","coordinates":[[[7.4189224,43.7345985],[7.4190258,43.7347125],[7.4191481,43.7346687],[7.4191682,43.7346615],[7.4191398,43.734636],[7.4191532,43.734624],[7.4191308,43.7345955],[7.4190963,43.7345985],[7.4190833,43.7345664],[7.4189224,43.7345985]]]}},{"type":"Feature","properties":{"kind":"building","height":19.200000000000003,"levels":"6","name":"Villa Hermosa","building":"apartments","roof":"hipped","colour":null},"geometry":{"type":"Polygon","coordinates":[[[7.4205916,43.738085],[7.4209874,43.7380707],[7.4209979,43.7382217],[7.420602,43.738236],[7.4205916,43.738085]]]}},{"type":"Feature","properties":{"kind":"building","height":12.8,"levels":"4","name":null,"building":"apartments","roof":null,"colour":null},"geometry":{"type":"Polygon","coordinates":[[[7.418744,43.7339375],[7.4187528,43.7338862],[7.4187614,43.7338386],[7.4187362,43.7338349],[7.4186549,43.7338228],[7.4186297,43.7339177],[7.418744,43.7339375]]]}},{"type":"Feature","properties":{"kind":"building","height":12.8,"levels":"4","name":"Villa Les Lauriers","building":"apartments","roof":null,"colour":null},"geometry":{"type":"Polygon","coordinates":[[[7.4231195,43.7401659],[7.4228603,43.7399089],[7.4229084,43.7396679],[7.4229397,43.7396585],[7.4233788,43.7397952],[7.4233038,43.7399385],[7.4231082,43.739877],[7.4231423,43.7397883],[7.423115,43.7397838],[7.4230627,43.7398543],[7.4230081,43.7398429],[7.4230081,43.7398907],[7.4232355,43.739968],[7.4232651,43.7400135],[7.4231537,43.7401704],[7.4231195,43.7401659]]]}},{"type":"Feature","properties":{"kind":"building","height":6.4,"levels":"2","name":null,"building":"apartments","roof":null,"colour":null},"geometry":{"type":"Polygon","coordinates":[[[7.420328,43.7373926],[7.4204445,43.7373926],[7.4204517,43.7372343],[7.4203972,43.7371924],[7.4203163,43.737247],[7.420328,43.7373926]]]}},{"type":"Feature","properties":{"kind":"building","height":0.0,"levels":null,"name":null,"building":"yes","roof":null,"colour":null},"geometry":{"type":"Polygon","coordinates":[[[7.4206632,43.7396494],[7.4207542,43.739679],[7.4207837,43.7397199],[7.4208588,43.7396767],[7.4208452,43.7396472],[7.4208747,43.7396062],[7.4208565,43.7395744],[7.4208156,43.7395858],[7.4207474,43.7395607],[7.4207201,43.7395994],[7.420695,43.7395903],[7.4206632,43.7396494]]]}},{"type":"Feature","properties":{"kind":"building","height":12.8,"levels":"4","name":null,"building":"apartments","roof":null,"colour":null},"geometry":{"type":"Polygon","coordinates":[[[7.4205284,43.7361677],[7.420554,43.7361601],[7.4207188,43.7361109],[7.420754,43.7361004],[7.4206321,43.7358766],[7.420532,43.7358729],[7.4204975,43.7358929],[7.420432,43.7359002],[7.4203046,43.7359621],[7.4205284,43.7361677]]]}},{"type":"Feature","properties":{"kind":"building","height":22.400000000000002,"levels":"7","name":"Le Monator","building":"apartments","roof":null,"colour":null},"geometry":{"type":"Polygon","coordinates":[[[7.4189151,43.7348538],[7.418757,43.7349371],[7.4189547,43.735133],[7.4191128,43.7350497],[7.4189151,43.7348538]]]}},{"type":"Feature","properties":{"kind":"building","height":0.0,"levels":null,"name":"Monte Carlo","building":"apartments","roof":null,"colour":null},"geometry":{"type":"Polygon","coordinates":[[[7.4260919,43.741481],[7.4261199,43.7414624],[7.4259557,43.7412714],[7.4259298,43.7412839],[7.4257551,43.7411403],[7.4255865,43.7411129],[7.4256153,43.7409847],[7.4256285,43.7409685],[7.4256685,43.7409733],[7.4256776,43.7409398],[7.4257198,43.7409427],[7.4257386,43.7409154],[7.4258261,43.74092],[7.4258254,43.7409534],[7.4258691,43.7409654],[7.4258595,43.7409944],[7.4259041,43.7410002],[7.4258976,43.7410305],[7.4259165,43.7410519],[7.4259466,43.7410412],[7.4262568,43.7413619],[7.4264009,43.7413939],[7.4264382,43.7414445],[7.4264245,43.7415372],[7.4262808,43.7415353],[7.4261043,43.741508],[7.4260919,43.741481]]]}},{"type":"Feature","properties":{"kind":"building","height":64.0,"levels":"20","name":"Park Palace","building":"apartments","roof":"flat","colour":null},"geometry":{"type":"Polygon","coordinates":[[[7.4240989,43.7394754],[7.4242235,43.7393812],[7.4242053,43.739363],[7.4243272,43.7392648],[7.4243454,43.7392757],[7.4243964,43.739232],[7.4244127,43.7392411],[7.4245037,43.7391702],[7.4245183,43.7391884],[7.424571,43.7391411],[7.4247985,43.7392903],[7.4247348,43.7393339],[7.4247093,43.7393103],[7.4246238,43.7393776],[7.424602,43.7393667],[7.4244091,43.7395141],[7.4244309,43.7395268],[7.4242817,43.739656],[7.4241143,43.7395468],[7.4240989,43.7394754]]]}},{"type":"Feature","properties":{"kind":"building","height":9.600000000000001,"levels":"3","name":null,"building":"apartments","roof":null,"colour":null},"geometry":{"type":"Polygon","coordinates":[[[7.420059,43.7384914],[7.4199751,43.7384402],[7.4201014,43.7383323],[7.4201852,43.7383835],[7.420059,43.7384914]]]}},{"type":"Feature","properties":{"kind":"building","height":0.0,"levels":null,"name":null,"building":"yes","roof":null,"colour":null},"geometry":{"type":"Polygon","coordinates":[[[7.4279628,43.7437934],[7.4278065,43.7436804],[7.4279524,43.7435851],[7.428079,43.7437282],[7.4279628,43.7437934]]]}},{"type":"Feature","properties":{"kind":"building","height":9.600000000000001,"levels":"3","name":"Villa Leopold","building":"apartments","roof":null,"colour":null},"geometry":{"type":"Polygon","coordinates":[[[7.4193105,43.7353997],[7.4192178,43.7353104],[7.4193307,43.7352493],[7.4194234,43.7353386],[7.4193105,43.7353997]]]}},{"type":"Feature","properties":{"kind":"building","height":0.0,"levels":null,"name":"Le Cordusio","building":"yes","roof":null,"colour":null},"geometry":{"type":"Polygon","coordinates":[[[7.4278887,43.7419088],[7.4277733,43.7418093],[7.4279973,43.7416738],[7.4281127,43.7417733],[7.4278887,43.7419088]]]}},{"type":"Feature","properties":{"kind":"building","height":0.0,"levels":null,"name":"Villa Bel Respiro","building":"yes","roof":null,"colour":null},"geometry":{"type":"Polygon","coordinates":[[[7.4203112,43.7392729],[7.4204303,43.7393134],[7.4204924,43.739218],[7.4203733,43.7391775],[7.4203112,43.7392729]]]}},{"type":"Feature","properties":{"kind":"building","height":6.4,"levels":"2","name":"Le Lido","building":"apartments","roof":null,"colour":null},"geometry":{"type":"Polygon","coordinates":[[[7.4238188,43.7404848],[7.4236125,43.7406009],[7.4235364,43.7405241],[7.4235233,43.7404819],[7.423714,43.7403815],[7.4238188,43.7404848]]]}},{"type":"Feature","properties":{"kind":"building","height":12.8,"levels":"4","name":null,"building":"apartments","roof":null,"colour":null},"geometry":{"type":"Polygon","coordinates":[[[7.4185817,43.7341212],[7.4187011,43.7341341],[7.4187249,43.7340189],[7.4186124,43.7340025],[7.4185817,43.7341212]]]}},{"type":"Feature","properties":{"kind":"building","height":12.8,"levels":"4","name":"Villa Hyacinthe","building":"residential","roof":null,"colour":null},"geometry":{"type":"Polygon","coordinates":[[[7.4207989,43.7356372],[7.4208031,43.7354833],[7.4206487,43.7354724],[7.4206467,43.7355616],[7.420734,43.7355654],[7.4207285,43.7356364],[7.4207989,43.7356372]]]}},{"type":"Feature","properties":{"kind":"building","height":35.2,"levels":"11","name":"La Petite Afrique","building":"apartments","roof":null,"colour":null},"geometry":{"type":"Polygon","coordinates":[[[7.4264643,43.7412635],[7.4262623,43.7411107],[7.4265516,43.7409178],[7.426603,43.7408966],[7.4266484,43.7409003],[7.4266771,43.7409233],[7.4267008,43.7410998],[7.4264643,43.7412635]]]}},{"type":"Feature","properties":{"kind":"building","height":0.0,"levels":null,"name":null,"building":"retail","roof":null,"colour":null},"geometry":{"type":"Polygon","coordinates":[[[7.4190363,43.7341644],[7.4192614,43.7341856],[7.4192819,43.7340756],[7.4192977,43.7340113],[7.4193911,43.7340209],[7.4194042,43.7339536],[7.4190947,43.7339219],[7.4190363,43.7341644]]]}},{"type":"Feature","properties":{"kind":"building","height":12.8,"levels":"4","name":"Villa Eug\u00e9nie Louise","building":"apartments","roof":null,"colour":null},"geometry":{"type":"Polygon","coordinates":[[[7.4274997,43.741959],[7.4273284,43.7418372],[7.4276035,43.7416352],[7.4277748,43.7417571],[7.4274997,43.741959]]]}},{"type":"Feature","properties":{"kind":"building","height":16.0,"levels":"5","name":"Villa Christiane","building":"apartments","roof":null,"colour":null},"geometry":{"type":"Polygon","coordinates":[[[7.4220322,43.7410203],[7.4219198,43.7410788],[7.4218691,43.7411052],[7.4218182,43.7410203],[7.421971,43.7409359],[7.4220322,43.7410203]]]}},{"type":"Feature","properties":{"kind":"building","height":0.0,"levels":null,"name":null,"building":"restaurant","roof":null,"colour":null},"geometry":{"type":"Polygon","coordinates":[[[7.4202512,43.7334796],[7.4202727,43.733394],[7.4201112,43.733372],[7.4200956,43.7334651],[7.4201381,43.7334707],[7.4202512,43.7334796]]]}},{"type":"Feature","properties":{"kind":"building","height":12.8,"levels":"4","name":null,"building":"apartments","roof":"pyramidal","colour":null},"geometry":{"type":"Polygon","coordinates":[[[7.4278157,43.7429463],[7.4280633,43.7428903],[7.4279913,43.7427241],[7.4277436,43.7427801],[7.4278157,43.7429463]]]}},{"type":"Feature","properties":{"kind":"building","height":51.2,"levels":"16","name":"Les Caravelles","building":"hotel","roof":null,"colour":null},"geometry":{"type":"Polygon","coordinates":[[[7.4209211,43.7362894],[7.4208363,43.7359984],[7.4210573,43.7359648],[7.4211421,43.7362557],[7.4209211,43.7362894]]]}},{"type":"Feature","properties":{"kind":"building","height":9.600000000000001,"levels":"3","name":null,"building":"apartments","roof":null,"colour":null},"geometry":{"type":"Polygon","coordinates":[[[7.4202514,43.7383718],[7.4203704,43.7383186],[7.4203162,43.7382554],[7.4201972,43.7383086],[7.4202514,43.7383718]]]}},{"type":"Feature","properties":{"kind":"building","height":9.600000000000001,"levels":"3","name":null,"building":"apartments","roof":null,"colour":null},"geometry":{"type":"Polygon","coordinates":[[[7.426748,43.7384323],[7.4265082,43.7385743],[7.4264299,43.7384984],[7.4264414,43.7384787],[7.4263642,43.7384326],[7.4263221,43.7383814],[7.4263131,43.7383093],[7.4262871,43.7382973],[7.426279,43.7382772],[7.42628,43.7382481],[7.4262319,43.7382491],[7.4262462,43.7382775],[7.426172,43.7382844],[7.4261609,43.7382597],[7.4261117,43.7382648],[7.4260839,43.7382675],[7.4260689,43.7382332],[7.4261397,43.7382221],[7.426249,43.7382151],[7.426257,43.738187],[7.4262871,43.738187],[7.426278,43.7381349],[7.4263001,43.7381098],[7.4263191,43.7380497],[7.4263652,43.7379424],[7.4266569,43.7380196],[7.4266158,43.7381168],[7.4265607,43.7380958],[7.4265286,43.7381629],[7.4265537,43.7382201],[7.4265537,43.7383233],[7.4266138,43.7383955],[7.4266769,43.7383594],[7.426748,43.7384323]]]}},{"type":"Feature","properties":{"kind":"building","height":12.8,"levels":"4","name":null,"building":"apartments","roof":null,"colour":null},"geometry":{"type":"Polygon","coordinates":[[[7.4231734,43.7412625],[7.4230538,43.7411875],[7.4230359,43.7412],[7.4229196,43.7411261],[7.4229327,43.7411136],[7.4227509,43.740988],[7.422709,43.7409591],[7.4226848,43.7409339],[7.422682,43.7409134],[7.4226913,43.7408976],[7.422723,43.7408771],[7.42275,43.7408901],[7.423255,43.7411867],[7.4231734,43.7412625]]]}},{"type":"Feature","properties":{"kind":"building","height":0.0,"levels":null,"name":"Villa Miraflores","building":"yes","roof":null,"colour":null},"geometry":{"type":"Polygon","coordinates":[[[7.4254384,43.7407348],[7.4256474,43.7406673],[7.4256237,43.7406036],[7.4255801,43.7405654],[7.4255421,43.7405637],[7.4255148,43.7405747],[7.4254711,43.7405892],[7.4254566,43.7406092],[7.4254184,43.7406074],[7.4253801,43.7406456],[7.4254384,43.7407348]]]}},{"type":"Feature","properties":{"kind":"building","height":0.0,"levels":null,"name":"AGORA, Maison Dioc\u00e9saine","building":"office","roof":null,"colour":null},"geometry":{"type":"Polygon","coordinates":[[[7.4201309,43.7392052],[7.420154,43.739213],[7.4202597,43.7392488],[7.4203294,43.7391414],[7.4202279,43.7391071],[7.4202005,43.7390978],[7.4201309,43.7392052]]]}},{"type":"Feature","properties":{"kind":"building","height":9.600000000000001,"levels":"3","name":null,"building":"apartments","roof":null,"colour":null},"geometry":{"type":"Polygon","coordinates":[[[7.4245108,43.7408544],[7.4245851,43.7408216],[7.4244885,43.7407148],[7.424651,43.7406345],[7.4247458,43.74073],[7.4247738,43.740773],[7.4247691,43.7408126],[7.4246247,43.7409011],[7.4245665,43.7408988],[7.4245397,43.7408848],[7.4245108,43.7408544]]]}},{"type":"Feature","properties":{"kind":"building","height":9.600000000000001,"levels":"3","name":null,"building":"apartments","roof":null,"colour":null},"geometry":{"type":"Polygon","coordinates":[[[7.4238246,43.7400467],[7.4239014,43.74001],[7.4239461,43.7400188],[7.4241426,43.7401419],[7.4239959,43.7402001],[7.4238246,43.7400467]]]}},{"type":"Feature","properties":{"kind":"building","height":0.0,"levels":null,"name":"Villa Les Gaumates","building":"yes","roof":null,"colour":null},"geometry":{"type":"Polygon","coordinates":[[[7.4195228,43.7390813],[7.4196868,43.7390226],[7.4196116,43.7389131],[7.4194476,43.7389718],[7.4195228,43.7390813]]]}},{"type":"Feature","properties":{"kind":"building","height":35.2,"levels":"11","name":"Les Jacarandas - B\u00e2t. 4","building":"apartments","roof":null,"colour":null},"geometry":{"type":"Polygon","coordinates":[[[7.4188844,43.7355372],[7.4186338,43.7353475],[7.4187177,43.7352975],[7.4187023,43.7352759],[7.4188375,43.7351897],[7.4191703,43.735514],[7.4190341,43.7355719],[7.4189524,43.7354904],[7.4188844,43.7355372]]]}},{"type":"Feature","properties":{"kind":"building","height":0.0,"levels":null,"name":"Monaco Telecom","building":"yes","roof":null,"colour":null},"geometry":{"type":"Polygon","coordinates":[[[7.4243112,43.7385547],[7.4241256,43.7383564],[7.4239818,43.7384219],[7.4237453,43.7386075],[7.4238618,43.7386984],[7.4240892,43.7385656],[7.424162,43.7386329],[7.4243112,43.7385547]]]}},{"type":"Feature","properties":{"kind":"building","height":0.0,"levels":null,"name":"Villa l'Oasis","building":"apartments","roof":null,"colour":null},"geometry":{"type":"Polygon","coordinates":[[[7.4216713,43.7397357],[7.4218259,43.739783],[7.4219205,43.7397175],[7.4219824,43.7396065],[7.4217732,43.739541],[7.4216713,43.7397357]]]}},{"type":"Feature","properties":{"kind":"building","height":12.8,"levels":"4","name":null,"building":"apartments","roof":null,"colour":null},"geometry":{"type":"Polygon","coordinates":[[[7.4189497,43.7332953],[7.4189779,43.7333076],[7.4190192,43.7331688],[7.4188203,43.7331372],[7.4187876,43.7332763],[7.4189497,43.7332953]]]}},{"type":"Feature","properties":{"kind":"building","height":9.600000000000001,"levels":"3","name":null,"building":"apartments","roof":null,"colour":null},"geometry":{"type":"Polygon","coordinates":[[[7.4221647,43.7407856],[7.4220911,43.7407049],[7.4222246,43.7406312],[7.4222565,43.7406634],[7.422278,43.7406777],[7.4223073,43.7407055],[7.4221647,43.7407856]]]}},{"type":"Feature","properties":{"kind":"building","height":12.8,"levels":"4","name":null,"building":"apartments","roof":null,"colour":null},"geometry":{"type":"Polygon","coordinates":[[[7.4192614,43.7341856],[7.4193306,43.7341905],[7.4195595,43.7342066],[7.4195828,43.7340848],[7.4195846,43.7340756],[7.4194573,43.7340579],[7.4194512,43.7340916],[7.4192819,43.7340756],[7.4192614,43.7341856]]]}},{"type":"Feature","properties":{"kind":"building","height":28.8,"levels":"9","name":"Ch\u00e2teau de Plaisance","building":"apartments","roof":null,"colour":null},"geometry":{"type":"Polygon","coordinates":[[[7.423245,43.7380962],[7.4233996,43.7381271],[7.4234706,43.7381617],[7.4234833,43.7381417],[7.4236034,43.7381963],[7.4234378,43.7383709],[7.423174,43.7382363],[7.4232013,43.7382126],[7.4231886,43.7381872],[7.4232231,43.7381544],[7.423214,43.7381308],[7.4232213,43.7381144],[7.423245,43.7380962]]]}},{"type":"Feature","properties":{"kind":"building","height":0.0,"levels":null,"name":null,"building":"yes","roof":null,"colour":null},"geometry":{"type":"Polygon","coordinates":[[[7.4208361,43.7397836],[7.4209536,43.739869],[7.4209973,43.7398588],[7.4210322,43.7398675],[7.4210898,43.7399113],[7.4211601,43.7398626],[7.4211938,43.7398369],[7.4209288,43.7396535],[7.4208197,43.7397365],[7.4208488,43.7397554],[7.4208361,43.7397836]]]}},{"type":"Feature","properties":{"kind":"building","height":19.200000000000003,"levels":"6","name":"Le Royal","building":"apartments","roof":"flat","colour":null},"geometry":{"type":"Polygon","coordinates":[[[7.4213079,43.7380718],[7.4216781,43.7380803],[7.4216685,43.7382989],[7.4212984,43.7382905],[7.4213079,43.7380718]]]}},{"type":"Feature","properties":{"kind":"building","height":6.4,"levels":"2","name":null,"building":"yes","roof":null,"colour":null},"geometry":{"type":"Polygon","coordinates":[[[7.427598,43.7410206],[7.4276561,43.7409906],[7.4276099,43.7409437],[7.427672,43.7409117],[7.427701,43.7409411],[7.4277767,43.7409069],[7.4278805,43.7410112],[7.4281319,43.7412668],[7.4282892,43.7411863],[7.4280565,43.7409661],[7.4280818,43.7409539],[7.4282625,43.7408519],[7.4283167,43.7409058],[7.4284754,43.7410634],[7.4286314,43.7412181],[7.4286167,43.7412744],[7.4281322,43.7414947],[7.4280515,43.74148],[7.427598,43.7410206]]]}},{"type":"Feature","properties":{"kind":"building","height":12.8,"levels":"4","name":"Villa Valentine","building":"apartments","roof":null,"colour":null},"geometry":{"type":"Polygon","coordinates":[[[7.421677,43.7407816],[7.4217469,43.7408689],[7.4218648,43.7408238],[7.42184,43.7407787],[7.4218735,43.7407554],[7.4218313,43.7407017],[7.421677,43.7407816]]]}},{"type":"Feature","properties":{"kind":"building","height":0.0,"levels":null,"name":"Villa Chaumont","building":"yes","roof":null,"colour":null},"geometry":{"type":"Polygon","coordinates":[[[7.4200878,43.7394313],[7.420186,43.7394709],[7.42025,43.7393879],[7.4201519,43.7393483],[7.4200878,43.7394313]]]}},{"type":"Feature","properties":{"kind":"building","height":0.0,"levels":null,"name":null,"building":"retail","roof":null,"colour":null},"geometry":{"type":"Polygon","coordinates":[[[7.4206853,43.7337679],[7.4207085,43.7336334],[7.4207281,43.7335724],[7.420744,43.7335218],[7.4207525,43.7334805],[7.4203443,43.7334301],[7.4202764,43.7337174],[7.4206853,43.7337679]]]}},{"type":"Feature","properties":{"kind":"building","height":0.0,"levels":null,"name":null,"building":"apartments","roof":null,"colour":null},"geometry":{"type":"Polygon","coordinates":[[[7.4284366,43.7432611],[7.4286483,43.7432155],[7.4285828,43.7430852],[7.4283681,43.7431301],[7.4284366,43.7432611]]]}},{"type":"Feature","properties":{"kind":"building","height":0.0,"levels":null,"name":null,"building":"yes","roof":null,"colour":null},"geometry":{"type":"Polygon","coordinates":[[[7.426972,43.7429033],[7.4270666,43.7428615],[7.4270175,43.7427942],[7.4269211,43.7426814],[7.4268634,43.7426403],[7.426821,43.7426724],[7.4268519,43.7426941],[7.4268119,43.7427178],[7.4268301,43.742745],[7.4268064,43.7427578],[7.4269211,43.7428888],[7.4269611,43.7428724],[7.426972,43.7429033]]]}},{"type":"Feature","properties":{"kind":"building","height":32.0,"levels":"10","name":"Harbour Lights","building":"apartments","roof":"flat","colour":null},"geometry":{"type":"Polygon","coordinates":[[[7.4196318,43.737557],[7.4198552,43.7374372],[7.4198606,43.7374044],[7.4198588,43.737359],[7.4198352,43.7373317],[7.4198097,43.7373098],[7.419766,43.7373171],[7.4195149,43.7374317],[7.4196318,43.737557]]]}},{"type":"Feature","properties":{"kind":"building","height":16.0,"levels":"5","name":null,"building":"apartments","roof":null,"colour":null},"geometry":{"type":"Polygon","coordinates":[[[7.4217469,43.7408689],[7.421792,43.740949],[7.4218182,43.7410203],[7.421971,43.7409359],[7.4218648,43.7408238],[7.4217469,43.7408689]]]}},{"type":"Feature","properties":{"kind":"building","height":12.8,"levels":"4","name":"Villa Claude","building":"apartments","roof":null,"colour":null},"geometry":{"type":"Polygon","coordinates":[[[7.4247605,43.740401],[7.4250314,43.7403087],[7.4251337,43.7404655],[7.4248629,43.7405578],[7.4247605,43.740401]]]}},{"type":"Feature","properties":{"kind":"building","height":9.600000000000001,"levels":"3","name":"Villa Byron","building":"apartments","roof":null,"colour":null},"geometry":{"type":"Polygon","coordinates":[[[7.420137,43.7386789],[7.4203207,43.7386953],[7.4203771,43.7385898],[7.4203371,43.7385825],[7.4201861,43.7385716],[7.420137,43.7386152],[7.420137,43.7386789]]]}},{"type":"Feature","properties":{"kind":"building","height":12.8,"levels":"4","name":null,"building":"apartments","roof":null,"colour":null},"geometry":{"type":"Polygon","coordinates":[[[7.4194719,43.7348283],[7.419495,43.7347025],[7.419324,43.7346862],[7.419301,43.7348119],[7.4194719,43.7348283]]]}},{"type":"Feature","properties":{"kind":"building","height":19.200000000000003,"levels":"6","name":"Villa Europe","building":"apartments","roof":null,"colour":null},"geometry":{"type":"Polygon","coordinates":[[[7.4240514,43.7402515],[7.4241898,43.740378],[7.424354,43.7402842],[7.4242156,43.7401577],[7.4240514,43.7402515]]]}},{"type":"Feature","properties":{"kind":"building","height":12.8,"levels":"4","name":null,"building":"apartments","roof":null,"colour":null},"geometry":{"type":"Polygon","coordinates":[[[7.4224994,43.7412367],[7.4222916,43.7411221],[7.4223724,43.7410843],[7.4224137,43.7410643],[7.4224612,43.7410355],[7.4226149,43.7411435],[7.4224994,43.7412367]]]}},{"type":"Feature","properties":{"kind":"building","height":12.8,"levels":"4","name":"La Brasserie du Mystic","building":"apartments","roof":null,"colour":null},"geometry":{"type":"Polygon","coordinates":[[[7.4197595,43.7333966],[7.4197784,43.7332855],[7.4195728,43.7332671],[7.4195614,43.7333335],[7.4195538,43.7333783],[7.4197595,43.7333966]]]}},{"type":"Feature","properties":{"kind":"building","height":9.600000000000001,"levels":"3","name":"Villa Marthe","building":"apartments","roof":null,"colour":null},"geometry":{"type":"Polygon","coordinates":[[[7.4276562,43.7420974],[7.4278361,43.7419627],[7.4277786,43.7419226],[7.4277979,43.7419081],[7.4277325,43.7418625],[7.4275332,43.7420117],[7.4276562,43.7420974]]]}},{"type":"Feature","properties":{"kind":"building","height":0.0,"levels":null,"name":null,"building":"yes","roof":null,"colour":null},"geometry":{"type":"Polygon","coordinates":[[[7.4255265,43.7409198],[7.4257505,43.7408078],[7.4256825,43.7406991],[7.4254242,43.7407827],[7.4254695,43.7408577],[7.4254965,43.7408506],[7.4255265,43.7409198]]]}},{"type":"Feature","properties":{"kind":"building","height":12.8,"levels":"4","name":null,"building":"apartments","roof":null,"colour":null},"geometry":{"type":"Polygon","coordinates":[[[7.422402,43.7410214],[7.422329,43.7409389],[7.4225068,43.7408525],[7.4225613,43.7409041],[7.4225781,43.7409268],[7.4225578,43.7409355],[7.422402,43.7410214]]]}},{"type":"Feature","properties":{"kind":"building","height":38.400000000000006,"levels":"12","name":"Buckingham","building":"apartments","roof":null,"colour":null},"geometry":{"type":"Polygon","coordinates":[[[7.4233834,43.7404297],[7.4232333,43.740266],[7.4232219,43.7401864],[7.423281,43.7400749],[7.4234607,43.740134],[7.4234334,43.7402023],[7.423538,43.7403456],[7.4233834,43.7404297]]]}},{"type":"Feature","properties":{"kind":"building","height":35.2,"levels":"11","name":"Les Jacarandas - B\u00e2t. 5","building":"apartments","roof":null,"colour":null},"geometry":{"type":"Polygon","coordinates":[[[7.419209,43.7357866],[7.4190341,43.7355719],[7.4191703,43.735514],[7.4192169,43.7354942],[7.4193918,43.7357089],[7.419209,43.7357866]]]}},{"type":"Feature","properties":{"kind":"building","height":12.8,"levels":"4","name":"Le Windsor","building":"apartments","roof":null,"colour":null},"geometry":{"type":"Polygon","coordinates":[[[7.4206418,43.7387807],[7.4210671,43.7389238],[7.421149,43.7387971],[7.420933,43.7387253],[7.4207237,43.7386538],[7.4206418,43.7387807]]]}},{"type":"Feature","properties":{"kind":"building","height":12.8,"levels":"4","name":"Le Logis","building":"apartments","roof":null,"colour":null},"geometry":{"type":"Polygon","coordinates":[[[7.4192676,43.733543],[7.4193213,43.733328],[7.4191559,43.7333076],[7.4191218,43.7334556],[7.4191125,43.7334921],[7.4191958,43.733502],[7.4191794,43.7335301],[7.4192676,43.733543]]]}},{"type":"Feature","properties":{"kind":"building","height":70.4,"levels":"22","name":"Sun Tower","building":"apartments","roof":"flat","colour":null},"geometry":{"type":"Polygon","coordinates":[[[7.4255059,43.7390722],[7.4253436,43.7387443],[7.4255894,43.7386808],[7.4257517,43.7390087],[7.4255059,43.7390722]]]}},{"type":"Feature","properties":{"kind":"building","height":6.4,"levels":"2","name":"Villa Belgica","building":"yes","roof":null,"colour":null},"geometry":{"type":"Polygon","coordinates":[[[7.4282476,43.7416847],[7.4281416,43.7415687],[7.4283073,43.7414897],[7.4284133,43.7416058],[7.4282476,43.7416847]]]}},{"type":"Feature","properties":{"kind":"building","height":16.0,"levels":"5","name":"La Lujernetta","building":"apartments","roof":null,"colour":null},"geometry":{"type":"Polygon","coordinates":[[[7.4187351,43.7380367],[7.4189715,43.7380483],[7.4190091,43.7379157],[7.4189436,43.7378939],[7.4187562,43.7379066],[7.4187351,43.7380367]]]}},{"type":"Feature","properties":{"kind":"building","height":12.8,"levels":"4","name":null,"building":"apartments","roof":null,"colour":null},"geometry":{"type":"Polygon","coordinates":[[[7.4188012,43.7338438],[7.4189391,43.7338513],[7.4189733,43.733858],[7.4189921,43.7337748],[7.418818,43.7337543],[7.4188012,43.7338438]]]}},{"type":"Feature","properties":{"kind":"building","height":0.0,"levels":null,"name":"Est-Ouest","building":"yes","roof":null,"colour":null},"geometry":{"type":"Polygon","coordinates":[[[7.4236404,43.7396403],[7.4237416,43.7395358],[7.4237063,43.7394904],[7.4237359,43.7394449],[7.4238223,43.7394335],[7.4239429,43.7395791],[7.423989,43.739651],[7.4238682,43.7397737],[7.4238462,43.7397735],[7.4237518,43.7397724],[7.4236987,43.7397156],[7.4236404,43.7396403]]]}},{"type":"Feature","properties":{"kind":"building","height":0.0,"levels":null,"name":"Villa Parana","building":"yes","roof":null,"colour":null},"geometry":{"type":"Polygon","coordinates":[[[7.4278654,43.7433564],[7.4277999,43.7432054],[7.4276106,43.7432454],[7.4275979,43.7432654],[7.4277598,43.7434055],[7.4278654,43.7433564]]]}},{"type":"Feature","properties":{"kind":"building","height":0.0,"levels":null,"name":null,"building":"barn","roof":null,"colour":null},"geometry":{"type":"Polygon","coordinates":[[[7.4202512,43.7334796],[7.4201381,43.7334707],[7.4201039,43.7336092],[7.4202208,43.7336313],[7.4202512,43.7334796]]]}},{"type":"Feature","properties":{"kind":"building","height":12.8,"levels":"4","name":null,"building":"apartments","roof":null,"colour":null},"geometry":{"type":"Polygon","coordinates":[[[7.4228768,43.7407166],[7.4225348,43.7403688],[7.4225592,43.7403563],[7.422835,43.7402148],[7.4230897,43.7404739],[7.4230748,43.7404897],[7.4231566,43.7405729],[7.4228768,43.7407166]]]}},{"type":"Feature","properties":{"kind":"building","height":0.0,"levels":null,"name":"Le Diana","building":"yes","roof":null,"colour":null},"geometry":{"type":"Polygon","coordinates":[[[7.4199781,43.7389548],[7.4202384,43.7389446],[7.4202295,43.7388263],[7.4199692,43.7388365],[7.4199781,43.7389548]]]}},{"type":"Feature","properties":{"kind":"building","height":12.8,"levels":"4","name":null,"building":"construction","roof":null,"colour":null},"geometry":{"type":"Polygon","coordinates":[[[7.4184969,43.7346772],[7.4185584,43.734727],[7.4186111,43.7347065],[7.4187575,43.7346303],[7.4186316,43.734522],[7.4184969,43.7346772]]]}},{"type":"Feature","properties":{"kind":"building","height":0.0,"levels":null,"name":null,"building":"yes","roof":null,"colour":null},"geometry":{"type":"Polygon","coordinates":[[[7.4270902,43.7424804],[7.427265,43.7423538],[7.4270302,43.7421846],[7.4270157,43.7422028],[7.4269283,43.7421398],[7.4267733,43.742252],[7.4270902,43.7424804]]]}},{"type":"Feature","properties":{"kind":"building","height":12.8,"levels":"4","name":"Villa Rignon","building":"apartments","roof":null,"colour":null},"geometry":{"type":"Polygon","coordinates":[[[7.4203107,43.7389712],[7.4203331,43.7389782],[7.4206457,43.7390766],[7.4207571,43.7389286],[7.4204215,43.7388385],[7.4203972,43.738832],[7.4203107,43.7389712]]]}},{"type":"Feature","properties":{"kind":"building","height":12.8,"levels":"4","name":null,"building":"apartments","roof":null,"colour":null},"geometry":{"type":"Polygon","coordinates":[[[7.4196464,43.7360561],[7.4195246,43.7359647],[7.4195902,43.7359108],[7.4195223,43.7358499],[7.4195293,43.7357793],[7.4195836,43.7357452],[7.4197166,43.7358564],[7.4196464,43.7358968],[7.4197701,43.7359834],[7.4196833,43.7360384],[7.4196464,43.7360561]]]}},{"type":"Feature","properties":{"kind":"building","height":0.0,"levels":null,"name":"Le Bromar","building":"yes","roof":null,"colour":null},"geometry":{"type":"Polygon","coordinates":[[[7.4262442,43.741074],[7.4261404,43.740982],[7.4263187,43.7408625],[7.4264268,43.7409584],[7.4262442,43.741074]]]}},{"type":"Feature","properties":{"kind":"building","height":32.0,"levels":"10","name":"Les Oliviers","building":"apartments","roof":null,"colour":null},"geometry":{"type":"Polygon","coordinates":[[[7.4188239,43.7375922],[7.418732,43.737516],[7.4191415,43.7372581],[7.4192873,43.7373789],[7.4192345,43.7374121],[7.4192518,43.7374265],[7.4190967,43.7375242],[7.4190254,43.7374652],[7.4188239,43.7375922]]]}},{"type":"Feature","properties":{"kind":"building","height":12.8,"levels":"4","name":null,"building":"apartments","roof":null,"colour":null},"geometry":{"type":"Polygon","coordinates":[[[7.4196282,43.7338434],[7.4196417,43.7337697],[7.4194797,43.7337463],[7.4194593,43.7338177],[7.4194923,43.7338219],[7.4194916,43.7338316],[7.4196282,43.7338434]]]}},{"type":"Feature","properties":{"kind":"building","height":12.8,"levels":"4","name":null,"building":"apartments","roof":null,"colour":null},"geometry":{"type":"Polygon","coordinates":[[[7.4191278,43.7348204],[7.4192147,43.7347799],[7.4191967,43.7347559],[7.4192207,43.7347394],[7.4191481,43.7346687],[7.4190258,43.7347125],[7.4191278,43.7348204]]]}},{"type":"Feature","properties":{"kind":"building","height":0.0,"levels":null,"name":null,"building":"yes","roof":null,"colour":null},"geometry":{"type":"Polygon","coordinates":[[[7.4205031,43.7375357],[7.4205846,43.7374526],[7.4205409,43.7374198],[7.4205063,43.737398],[7.4204972,43.7374344],[7.4205031,43.7375357]]]}},{"type":"Feature","properties":{"kind":"building","height":9.600000000000001,"levels":"3","name":"Villa Trianon","building":"apartments","roof":null,"colour":null},"geometry":{"type":"Polygon","coordinates":[[[7.4205173,43.7363703],[7.4205888,43.7363202],[7.4201767,43.73601],[7.4201061,43.7360625],[7.4205173,43.7363703]]]}},{"type":"Feature","properties":{"kind":"building","height":12.8,"levels":"4","name":null,"building":"apartments","roof":null,"colour":null},"geometry":{"type":"Polygon","coordinates":[[[7.4188829,43.7341512],[7.4190123,43.7341646],[7.4190402,43.7340531],[7.4189058,43.7340417],[7.4188829,43.7341512]]]}},{"type":"Feature","properties":{"kind":"building","height":44.800000000000004,"levels":"14","name":"Le Shangri-La","building":"apartments","roof":null,"colour":null},"geometry":{"type":"Polygon","coordinates":[[[7.4209644,43.7337708],[7.420814,43.7343044],[7.421257,43.7343696],[7.4214074,43.7338361],[7.4213052,43.733821],[7.4209644,43.7337708]]]}},{"type":"Feature","properties":{"kind":"building","height":19.200000000000003,"levels":"6","name":"Villa M\u00e9n\u00e9sini","building":"apartments","roof":null,"colour":null},"geometry":{"type":"Polygon","coordinates":[[[7.427958,43.7423006],[7.4278162,43.7421883],[7.4280728,43.7420245],[7.4282651,43.7419155],[7.4283338,43.7419512],[7.4283345,43.7420108],[7.4283107,43.7420641],[7.4281918,43.7422306],[7.427958,43.7423006]]]}},{"type":"Feature","properties":{"kind":"building","height":28.8,"levels":"9","name":"Le R\u00e9gina","building":"apartments","roof":null,"colour":null},"geometry":{"type":"Polygon","coordinates":[[[7.427009,43.7420057],[7.4274358,43.7423074],[7.4274652,43.7423087],[7.4275057,43.7422753],[7.4275369,43.7422751],[7.4275863,43.7422398],[7.4275856,43.742211],[7.4271381,43.7418972],[7.4271015,43.7419],[7.4270169,43.7419736],[7.427009,43.7420057]]]}},{"type":"Feature","properties":{"kind":"building","height":12.8,"levels":"4","name":null,"building":"apartments","roof":null,"colour":null},"geometry":{"type":"Polygon","coordinates":[[[7.420933,43.7387253],[7.4210244,43.7385817],[7.4210929,43.7386056],[7.4212731,43.7386686],[7.4212369,43.7387356],[7.4211966,43.7387222],[7.421149,43.7387971],[7.420933,43.7387253]]]}},{"type":"Feature","properties":{"kind":"building","height":9.600000000000001,"levels":"3","name":null,"building":"apartments","roof":null,"colour":null},"geometry":{"type":"Polygon","coordinates":[[[7.4193802,43.7350926],[7.4194315,43.7350826],[7.4194555,43.7349428],[7.419292,43.7349287],[7.4192434,43.7349517],[7.4193802,43.7350926]]]}},{"type":"Feature","properties":{"kind":"building","height":9.600000000000001,"levels":"3","name":null,"building":"apartments","roof":null,"colour":null},"geometry":{"type":"Polygon","coordinates":[[[7.4204229,43.7358183],[7.4202791,43.7356855],[7.4203101,43.7356691],[7.4204902,43.7356637],[7.420492,43.7357819],[7.4204229,43.7358183]]]}},{"type":"Feature","properties":{"kind":"building","height":12.8,"levels":"4","name":"Villa Isabelle","building":"apartments","roof":null,"colour":null},"geometry":{"type":"Polygon","coordinates":[[[7.4203853,43.7386159],[7.4204482,43.7386374],[7.4204602,43.7386191],[7.4205808,43.7386605],[7.4205911,43.7386447],[7.4206692,43.7386715],[7.4207487,43.7385506],[7.4204873,43.7384608],[7.4204633,43.7384972],[7.4203853,43.7386159]]]}},{"type":"Feature","properties":{"kind":"building","height":0.0,"levels":null,"name":"Les Lierres","building":"apartments","roof":null,"colour":null},"geometry":{"type":"Polygon","coordinates":[[[7.4267373,43.7421665],[7.4268756,43.7420718],[7.4266991,43.7419427],[7.4265463,43.7420427],[7.4267373,43.7421665]]]}},{"type":"Feature","properties":{"kind":"building","height":16.0,"levels":"5","name":null,"building":"apartments","roof":null,"colour":null},"geometry":{"type":"Polygon","coordinates":[[[7.4194833,43.7355859],[7.4196137,43.7355182],[7.4194698,43.7353735],[7.4193394,43.7354412],[7.4194833,43.7355859]]]}},{"type":"Feature","properties":{"kind":"building","height":12.8,"levels":"4","name":null,"building":"apartments","roof":null,"colour":null},"geometry":{"type":"Polygon","coordinates":[[[7.4187011,43.7341341],[7.4188829,43.7341512],[7.4189058,43.7340417],[7.4187249,43.7340189],[7.4187011,43.7341341]]]}},{"type":"Feature","properties":{"kind":"building","height":12.8,"levels":"4","name":null,"building":"apartments","roof":null,"colour":null},"geometry":{"type":"Polygon","coordinates":[[[7.4227409,43.7410425],[7.4226285,43.7411198],[7.4226119,43.7411312],[7.4225069,43.7410581],[7.4225136,43.7410499],[7.4224741,43.7410276],[7.4226127,43.7409434],[7.4227409,43.7410425]]]}},{"type":"Feature","properties":{"kind":"building","height":19.200000000000003,"levels":"6","name":"Les Princes","building":"apartments","roof":null,"colour":null},"geometry":{"type":"Polygon","coordinates":[[[7.4222918,43.7374801],[7.4223761,43.7374799],[7.4223762,43.7374979],[7.4224498,43.7374977],[7.4224971,43.7374668],[7.4224963,43.7374389],[7.4225575,43.7374379],[7.4225587,43.7373642],[7.422529,43.7373636],[7.4225285,43.7373463],[7.4225043,43.7373512],[7.4225042,43.7373009],[7.4225448,43.7373008],[7.4225445,43.7371334],[7.4222842,43.7371336],[7.4222845,43.7373012],[7.4224179,43.7373011],[7.422418,43.7373512],[7.4223125,43.7373514],[7.4223126,43.7373696],[7.4222912,43.7373697],[7.4222918,43.7374801]]]}},{"type":"Feature","properties":{"kind":"building","height":12.8,"levels":"4","name":null,"building":"apartments","roof":null,"colour":null},"geometry":{"type":"Polygon","coordinates":[[[7.4194797,43.7337463],[7.4192978,43.7337145],[7.4192741,43.7338007],[7.4193611,43.7338199],[7.419364,43.7338059],[7.4194593,43.7338177],[7.4194797,43.7337463]]]}},{"type":"Feature","properties":{"kind":"building","height":28.8,"levels":"9","name":"Les Floralies","building":"apartments","roof":"flat","colour":null},"geometry":{"type":"Polygon","coordinates":[[[7.4275637,43.7412342],[7.4270736,43.7407429],[7.4269283,43.7408185],[7.4269521,43.7408424],[7.4269149,43.7408618],[7.4269355,43.7408825],[7.4269014,43.7409002],[7.4273471,43.741347],[7.4275637,43.7412342]]]}},{"type":"Feature","properties":{"kind":"building","height":0.0,"levels":null,"name":null,"building":"yes","roof":null,"colour":null},"geometry":{"type":"Polygon","coordinates":[[[7.4216541,43.7404489],[7.421857,43.740323],[7.4217763,43.7402552],[7.4215735,43.7403811],[7.4216541,43.7404489]]]}},{"type":"Feature","properties":{"kind":"building","height":12.8,"levels":"4","name":"Villa Bulgheroni","building":"apartments","roof":"flat","colour":null},"geometry":{"type":"Polygon","coordinates":[[[7.4190237,43.7378952],[7.4191769,43.7377738],[7.41909,43.7377165],[7.4189368,43.7378379],[7.4190237,43.7378952]]]}},{"type":"Feature","properties":{"kind":"building","height":22.400000000000002,"levels":"7","name":"Le Massena","building":"apartments","roof":"flat","colour":null},"geometry":{"type":"Polygon","coordinates":[[[7.4279749,43.7433084],[7.4282505,43.7432373],[7.4281756,43.7430858],[7.4279,43.7431568],[7.4279749,43.7433084]]]}},{"type":"Feature","properties":{"kind":"building","height":111.0,"levels":"37","name":"Le Millefiori","building":"apartments","roof":null,"colour":null},"geometry":{"type":"Polygon","coordinates":[[[7.4235235,43.7408377],[7.4235948,43.7408261],[7.4237593,43.7409119],[7.4236822,43.7409964],[7.4237379,43.7411235],[7.4236709,43.7411802],[7.4235414,43.741186],[7.4234191,43.7411715],[7.423374,43.7410769],[7.4232095,43.741058],[7.4231877,43.7409692],[7.4233696,43.7409342],[7.4233653,43.7409022],[7.4234613,43.7409037],[7.4235235,43.7408377]]]}},{"type":"Feature","properties":{"kind":"building","height":0.0,"levels":null,"name":"Villa Portofino","building":"apartments","roof":null,"colour":null},"geometry":{"type":"Polygon","coordinates":[[[7.4198511,43.7336865],[7.4200783,43.7337151],[7.4201039,43.7336092],[7.4200257,43.7335994],[7.4198767,43.7335806],[7.4198511,43.7336865]]]}},{"type":"Feature","properties":{"kind":"building","height":0.0,"levels":null,"name":"Villa San Carlo","building":"apartments","roof":null,"colour":null},"geometry":{"type":"Polygon","coordinates":[[[7.4283275,43.7431394],[7.4283681,43.7431301],[7.4285828,43.7430852],[7.4284854,43.7428669],[7.4282346,43.7429238],[7.4283275,43.7431394]]]}},{"type":"Feature","properties":{"kind":"building","height":6.4,"levels":"2","name":null,"building":"apartments","roof":"hipped","colour":null},"geometry":{"type":"Polygon","coordinates":[[[7.4221541,43.7387445],[7.4223284,43.7387598],[7.4223378,43.7387036],[7.4223923,43.7387084],[7.4224068,43.7386223],[7.4223309,43.7386157],[7.4223364,43.7385829],[7.4222154,43.7385723],[7.4222091,43.7386095],[7.4221773,43.7386068],[7.4221541,43.7387445]]]}},{"type":"Feature","properties":{"kind":"building","height":0.0,"levels":null,"name":"Casa Mia","building":"school","roof":null,"colour":null},"geometry":{"type":"Polygon","coordinates":[[[7.4215471,43.7377492],[7.4215398,43.7378292],[7.4215798,43.737882],[7.4216326,43.7379111],[7.4217035,43.737922],[7.4217781,43.737902],[7.42184,43.7378693],[7.4219273,43.7378292],[7.4219492,43.7377528],[7.422031,43.7377255],[7.4222039,43.7376673],[7.4221893,43.7376327],[7.421951,43.7375836],[7.4219146,43.7377601],[7.4218073,43.737751],[7.4218164,43.7377255],[7.4216726,43.7377019],[7.4216672,43.7377255],[7.4215525,43.7377201],[7.4215525,43.7376618],[7.4216326,43.7376509],[7.4216217,43.7376273],[7.4216053,43.7376218],[7.4216217,43.7375381],[7.4213851,43.7375126],[7.4213524,43.7376291],[7.4214852,43.7376436],[7.4214834,43.7377383],[7.4215471,43.7377492]]]}},{"type":"Feature","properties":{"kind":"building","height":12.8,"levels":"4","name":"Villa Aline","building":"apartments","roof":null,"colour":null},"geometry":{"type":"Polygon","coordinates":[[[7.4227044,43.7415368],[7.4228471,43.7416082],[7.4229301,43.7415397],[7.4227961,43.741451],[7.4227044,43.7415368]]]}},{"type":"Feature","properties":{"kind":"building","height":0.0,"levels":null,"name":"CFM Indosuez Wealth Management","building":"commercial","roof":null,"colour":null},"geometry":{"type":"Polygon","coordinates":[[[7.4198311,43.7339877],[7.4201002,43.7340137],[7.4201419,43.7337885],[7.4198728,43.7337624],[7.4198311,43.7339877]]]}},{"type":"Feature","properties":{"kind":"building","height":9.600000000000001,"levels":"3","name":null,"building":"commercial","roof":null,"colour":null},"geometry":{"type":"Polygon","coordinates":[[[7.4201627,43.7358438],[7.4202646,43.735933],[7.4204065,43.7358511],[7.420301,43.7357601],[7.4201627,43.7358438]]]}},{"type":"Feature","properties":{"kind":"building","height":0.0,"levels":null,"name":"Villa les Hirondelles","building":"yes","roof":null,"colour":null},"geometry":{"type":"Polygon","coordinates":[[[7.4205846,43.7374526],[7.4206628,43.7373926],[7.4206646,43.7373343],[7.4206046,43.7372725],[7.4205209,43.7373161],[7.4205172,43.7373398],[7.4204991,43.7373525],[7.4205063,43.737398],[7.4205409,43.7374198],[7.4205846,43.7374526]]]}},{"type":"Feature","properties":{"kind":"building","height":0.0,"levels":null,"name":null,"building":"yes","roof":null,"colour":null},"geometry":{"type":"Polygon","coordinates":[[[7.4250059,43.7393722],[7.42483,43.7390969],[7.4250346,43.7390344],[7.425084,43.7391188],[7.4250066,43.7391425],[7.4250683,43.7392479],[7.4250901,43.7392413],[7.4251501,43.7393284],[7.4250059,43.7393722]]]}},{"type":"Feature","properties":{"kind":"building","height":12.8,"levels":"4","name":"L'Aphrodite","building":"apartments","roof":null,"colour":null},"geometry":{"type":"Polygon","coordinates":[[[7.4188424,43.734724],[7.4189126,43.7348148],[7.4187311,43.7349056],[7.4186491,43.7348265],[7.4188424,43.734724]]]}},{"type":"Feature","properties":{"kind":"building","height":0.0,"levels":null,"name":"Palais Saint James","building":"yes","roof":null,"colour":null},"geometry":{"type":"Polygon","coordinates":[[[7.4252858,43.7393476],[7.4252544,43.7393574],[7.4253811,43.7395689],[7.4255789,43.7395071],[7.4254522,43.7392956],[7.4252858,43.7393476]]]}},{"type":"Feature","properties":{"kind":"building","height":0.0,"levels":null,"name":null,"building":"yes","roof":null,"colour":null},"geometry":{"type":"Polygon","coordinates":[[[7.4216756,43.740473],[7.421875,43.7403435],[7.421939,43.7404032],[7.4219259,43.7404454],[7.4217629,43.7404963],[7.4216945,43.7405036],[7.4216756,43.740473]]]}},{"type":"Feature","properties":{"kind":"building","height":0.0,"levels":null,"name":null,"building":"yes","roof":null,"colour":null},"geometry":{"type":"Polygon","coordinates":[[[7.4278065,43.7436804],[7.4276332,43.743542],[7.427655,43.7435253],[7.4277763,43.7434467],[7.4278697,43.7435201],[7.4279342,43.7435708],[7.4279524,43.7435851],[7.4278065,43.7436804]]]}},{"type":"Feature","properties":{"kind":"building","height":0.0,"levels":null,"name":"Palais Albany","building":"apartments","roof":null,"colour":null},"geometry":{"type":"Polygon","coordinates":[[[7.4285911,43.7435017],[7.4288597,43.7434321],[7.4287586,43.7432286],[7.42849,43.7432983],[7.4285911,43.7435017]]]}},{"type":"Feature","properties":{"kind":"building","height":0.0,"levels":null,"name":"Novotel","building":"yes","roof":null,"colour":null},"geometry":{"type":"Polygon","coordinates":[[[7.4214239,43.7389966],[7.4223393,43.7393193],[7.4224337,43.7391796],[7.421734,43.7389329],[7.4218055,43.738827],[7.4215898,43.738751],[7.4214239,43.7389966]]]}},{"type":"Feature","properties":{"kind":"building","height":9.600000000000001,"levels":"3","name":null,"building":"residential","roof":null,"colour":null},"geometry":{"type":"Polygon","coordinates":[[[7.4199634,43.7354439],[7.4201376,43.7354533],[7.4201308,43.7356045],[7.4200353,43.7356023],[7.4200353,43.7355704],[7.419968,43.7355674],[7.4199513,43.735566],[7.4199634,43.7354439]]]}},{"type":"Feature","properties":{"kind":"building","height":22.400000000000002,"levels":"7","name":null,"building":"apartments","roof":null,"colour":null},"geometry":{"type":"Polygon","coordinates":[[[7.4198478,43.7359176],[7.4196491,43.7357358],[7.4197721,43.7356656],[7.4199708,43.7358474],[7.4198478,43.7359176]]]}},{"type":"Feature","properties":{"kind":"building","height":0.0,"levels":null,"name":null,"building":"yes","roof":null,"colour":null},"geometry":{"type":"Polygon","coordinates":[[[7.4203353,43.7376036],[7.4204064,43.737601],[7.4204046,43.7375756],[7.4204791,43.7375729],[7.4204718,43.7374198],[7.4203681,43.7374253],[7.4203717,43.7375054],[7.4203312,43.7375054],[7.4203335,43.7375836],[7.4203353,43.7376036]]]}},{"type":"Feature","properties":{"kind":"building","height":0.0,"levels":null,"name":null,"building":"yes","roof":null,"colour":null},"geometry":{"type":"Polygon","coordinates":[[[7.4248071,43.7411727],[7.4250122,43.7410676],[7.4250812,43.7411378],[7.424876,43.741243],[7.4248071,43.7411727]]]}},{"type":"Feature","properties":{"kind":"building","height":0.0,"levels":null,"name":"Le Westmacott","building":"apartments","roof":"flat","colour":"white"},"geometry":{"type":"Polygon","coordinates":[[[7.4211619,43.7395745],[7.4216234,43.7397205],[7.4217446,43.7395206],[7.4212831,43.7393746],[7.4211619,43.7395745]]]}},{"type":"Feature","properties":{"kind":"building","height":12.8,"levels":"4","name":null,"building":"apartments","roof":null,"colour":null},"geometry":{"type":"Polygon","coordinates":[[[7.4187454,43.7334913],[7.4187593,43.7334031],[7.4189026,43.7334199],[7.4188879,43.7334757],[7.4188721,43.7335094],[7.4187454,43.7334913]]]}},{"type":"Feature","properties":{"kind":"building","height":0.0,"levels":null,"name":null,"building":"yes","roof":null,"colour":null},"geometry":{"type":"Polygon","coordinates":[[[7.427534,43.7434278],[7.427365,43.7433473],[7.4275451,43.7432618],[7.4276553,43.7433492],[7.427534,43.7434278]]]}},{"type":"Feature","properties":{"kind":"building","height":6.4,"levels":"2","name":"Riviera Palace","building":"yes","roof":null,"colour":null},"geometry":{"type":"Polygon","coordinates":[[[7.4284085,43.7418353],[7.4282476,43.7416847],[7.4284133,43.7416058],[7.4285595,43.7417644],[7.4284085,43.7418353]]]}},{"type":"Feature","properties":{"kind":"building","height":12.8,"levels":"4","name":null,"building":"apartments","roof":null,"colour":null},"geometry":{"type":"Polygon","coordinates":[[[7.4195846,43.7340756],[7.4196145,43.7339284],[7.4194386,43.7339127],[7.4194174,43.7340543],[7.4194573,43.7340579],[7.4195846,43.7340756]]]}},{"type":"Feature","properties":{"kind":"building","height":28.8,"levels":"9","name":"Saint Andr\u00e9","building":"apartments","roof":"flat","colour":null},"geometry":{"type":"Polygon","coordinates":[[[7.4227638,43.7390174],[7.4223111,43.7388964],[7.4223623,43.7387963],[7.4224092,43.7386966],[7.4224378,43.7386291],[7.4224768,43.7385279],[7.4225168,43.7385006],[7.4226952,43.7385188],[7.4227224,43.7385388],[7.4225892,43.7388138],[7.4228344,43.7388766],[7.4227638,43.7390174]]]}},{"type":"Feature","properties":{"kind":"building","height":12.8,"levels":"4","name":null,"building":"residential","roof":null,"colour":null},"geometry":{"type":"Polygon","coordinates":[[[7.4203137,43.7355945],[7.4203119,43.7355509],[7.4203137,43.7354581],[7.4204611,43.7354544],[7.4204613,43.7354745],[7.4204629,43.7356036],[7.4203137,43.7355945]]]}},{"type":"Feature","properties":{"kind":"building","height":19.200000000000003,"levels":"6","name":"Villa de Rome","building":"apartments","roof":"pyramidal","colour":null},"geometry":{"type":"Polygon","coordinates":[[[7.4210405,43.7382451],[7.4210357,43.7380432],[7.4212695,43.7380402],[7.4212743,43.7382422],[7.4210405,43.7382451]]]}},{"type":"Feature","properties":{"kind":"building","height":22.400000000000002,"levels":"7","name":"Palais du Soleil","building":"apartments","roof":"flat","colour":null},"geometry":{"type":"Polygon","coordinates":[[[7.419595,43.7373353],[7.4196714,43.7373007],[7.4197133,43.7372807],[7.4197387,43.7372643],[7.4197387,43.7372352],[7.4197224,43.7372207],[7.4196096,43.7371643],[7.4195131,43.7371333],[7.4193639,43.7371352],[7.4192984,43.737157],[7.4192948,43.7371843],[7.4193585,43.7372789],[7.4194567,43.7372698],[7.4194513,43.7372953],[7.4195095,43.7373117],[7.4195149,43.7372844],[7.419595,43.7373353]]]}},{"type":"Feature","properties":{"kind":"building","height":0.0,"levels":null,"name":"\u00c9glise des Franciscains","building":"church","roof":null,"colour":null},"geometry":{"type":"Polygon","coordinates":[[[7.421354,43.7401104],[7.4215303,43.7399883],[7.4213822,43.7398767],[7.4212884,43.739806],[7.4211824,43.7398794],[7.4211601,43.7398626],[7.4210898,43.7399113],[7.421354,43.7401104]]]}},{"type":"Feature","properties":{"kind":"building","height":19.200000000000003,"levels":"6","name":"Les Bruy\u00e8res","building":"apartments","roof":null,"colour":null},"geometry":{"type":"Polygon","coordinates":[[[7.421629,43.737347],[7.4216926,43.7373616],[7.421819,43.7373625],[7.4218204,43.7372513],[7.4217634,43.7372509],[7.4217645,43.7371727],[7.4216449,43.7371719],[7.4216439,43.7372481],[7.4216303,43.737248],[7.421629,43.737347]]]}},{"type":"Feature","properties":{"kind":"building","height":0.0,"levels":null,"name":null,"building":"yes","roof":null,"colour":null},"geometry":{"type":"Polygon","coordinates":[[[7.4200257,43.7335994],[7.4200451,43.7335225],[7.4200507,43.7335003],[7.4200856,43.7335049],[7.4200956,43.7334651],[7.4201381,43.7334707],[7.4201039,43.7336092],[7.4200257,43.7335994]]]}},{"type":"Feature","properties":{"kind":"building","height":0.0,"levels":null,"name":null,"building":"yes","roof":null,"colour":null},"geometry":{"type":"Polygon","coordinates":[[[7.4226433,43.7415077],[7.4227044,43.7415368],[7.4227961,43.741451],[7.4227423,43.7414291],[7.4226433,43.7415077]]]}},{"type":"Feature","properties":{"kind":"building","height":0.0,"levels":null,"name":"Le Flor Palace 2","building":"yes","roof":null,"colour":null},"geometry":{"type":"Polygon","coordinates":[[[7.4292246,43.7438238],[7.4291527,43.7436515],[7.4294026,43.743597],[7.4294745,43.7437694],[7.4292246,43.7438238]]]}},{"type":"Feature","properties":{"kind":"building","height":16.0,"levels":"5","name":null,"building":"apartments","roof":null,"colour":null},"geometry":{"type":"Polygon","coordinates":[[[7.4194678,43.7346902],[7.4194942,43.7345582],[7.4194075,43.7345492],[7.4194039,43.7345673],[7.4193269,43.7345592],[7.4193085,43.7346511],[7.4192577,43.7346458],[7.4192533,43.7346678],[7.4194678,43.7346902]]]}},{"type":"Feature","properties":{"kind":"building","height":12.8,"levels":"4","name":"Villa GLORIA","building":"apartments","roof":null,"colour":null},"geometry":{"type":"Polygon","coordinates":[[[7.4224478,43.7412677],[7.4225953,43.7413446],[7.4225111,43.7414326],[7.4223622,43.7413467],[7.4223742,43.7413425],[7.4224478,43.7412677]]]}},{"type":"Feature","properties":{"kind":"building","height":0.0,"levels":null,"name":"Croix-Rouge mon\u00e9gasque","building":"yes","roof":null,"colour":null},"geometry":{"type":"Polygon","coordinates":[[[7.4244862,43.7388191],[7.4243378,43.7385863],[7.4241999,43.7386322],[7.4242287,43.7386774],[7.4242105,43.7386835],[7.4242594,43.7387603],[7.4242987,43.7387473],[7.4243603,43.738844],[7.4244167,43.7388422],[7.4244862,43.7388191]]]}},{"type":"Feature","properties":{"kind":"building","height":19.200000000000003,"levels":"6","name":"Villa L'Echauguette","building":"apartments","roof":null,"colour":null},"geometry":{"type":"Polygon","coordinates":[[[7.4204936,43.7373125],[7.4204881,43.7372634],[7.4205227,43.7371742],[7.4206373,43.7371906],[7.4206246,43.7372452],[7.4206046,43.7372725],[7.4205209,43.7373161],[7.4204936,43.7373125]]]}},{"type":"Feature","properties":{"kind":"building","height":9.600000000000001,"levels":"3","name":null,"building":"apartments","roof":null,"colour":null},"geometry":{"type":"Polygon","coordinates":[[[7.4244685,43.740695],[7.4246358,43.740614],[7.4245155,43.7404867],[7.4243595,43.7405636],[7.4244685,43.740695]]]}},{"type":"Feature","properties":{"kind":"building","height":0.0,"levels":null,"name":"Villa Barbarin","building":"yes","roof":null,"colour":null},"geometry":{"type":"Polygon","coordinates":[[[7.4275561,43.7432272],[7.4274942,43.7430962],[7.4277034,43.7430052],[7.4277198,43.7430143],[7.427789,43.7431726],[7.4275561,43.7432272]]]}},{"type":"Feature","properties":{"kind":"building","height":19.200000000000003,"levels":"6","name":"Villa Floriane","building":"apartments","roof":null,"colour":null},"geometry":{"type":"Polygon","coordinates":[[[7.419683,43.733537],[7.419511,43.7335259],[7.4194244,43.7335076],[7.4193939,43.7336476],[7.4196813,43.7336802],[7.4196956,43.7336146],[7.4196668,43.7336114],[7.419683,43.733537]]]}},{"type":"Feature","properties":{"kind":"building","height":12.8,"levels":"4","name":null,"building":"apartments","roof":null,"colour":null},"geometry":{"type":"Polygon","coordinates":[[[7.4222195,43.741123],[7.4223651,43.7410411],[7.4221457,43.7408141],[7.4219943,43.7409082],[7.4222195,43.741123]]]}},{"type":"Feature","properties":{"kind":"building","height":25.6,"levels":"8","name":"Winter Palace","building":"apartments","roof":null,"colour":null},"geometry":{"type":"Polygon","coordinates":[[[7.4265034,43.74128],[7.4267807,43.7414808],[7.4268266,43.7415141],[7.4269567,43.7414105],[7.4269512,43.7413566],[7.4267575,43.7411183],[7.4267129,43.741113],[7.4265034,43.74128]]]}},{"type":"Feature","properties":{"kind":"building","height":19.200000000000003,"levels":"6","name":"Villa Anna","building":"apartments","roof":null,"colour":null},"geometry":{"type":"Polygon","coordinates":[[[7.4191362,43.7353089],[7.4192731,43.7352398],[7.4193039,43.7352292],[7.4192441,43.7351691],[7.4190647,43.7352383],[7.4191362,43.7353089]]]}},{"type":"Feature","properties":{"kind":"building","height":12.8,"levels":"4","name":null,"building":"apartments","roof":null,"colour":null},"geometry":{"type":"Polygon","coordinates":[[[7.4235315,43.7413421],[7.42345,43.7414179],[7.4231734,43.7412625],[7.423255,43.7411867],[7.4235315,43.7413421]]]}},{"type":"Feature","properties":{"kind":"building","height":0.0,"levels":null,"name":"Villa Esmeralda","building":"yes","roof":null,"colour":null},"geometry":{"type":"Polygon","coordinates":[[[7.4204732,43.7393244],[7.4206143,43.739372],[7.4206691,43.7392872],[7.4205281,43.7392396],[7.4204732,43.7393244]]]}},{"type":"Feature","properties":{"kind":"building","height":0.0,"levels":null,"name":"Villa de La Costa","building":"yes","roof":null,"colour":null},"geometry":{"type":"Polygon","coordinates":[[[7.4230748,43.7379554],[7.4232739,43.7380154],[7.4233494,43.7378847],[7.4231502,43.7378247],[7.4230748,43.7379554]]]}},{"type":"Feature","properties":{"kind":"building","height":12.8,"levels":"4","name":null,"building":"apartments","roof":null,"colour":null},"geometry":{"type":"Polygon","coordinates":[[[7.4192676,43.733543],[7.4192357,43.7336566],[7.419097,43.7336363],[7.4191226,43.7335449],[7.4191138,43.7335067],[7.4191794,43.7335301],[7.4192676,43.733543]]]}},{"type":"Feature","properties":{"kind":"building","height":12.8,"levels":"4","name":null,"building":"apartments","roof":null,"colour":null},"geometry":{"type":"Polygon","coordinates":[[[7.4186549,43.7338228],[7.4187046,43.7336239],[7.4187817,43.733634],[7.4187546,43.7337474],[7.4187362,43.7338349],[7.4186549,43.7338228]]]}},{"type":"Feature","properties":{"kind":"building","height":12.8,"levels":"4","name":"Les LOPEZIAS","building":"apartments","roof":null,"colour":null},"geometry":{"type":"Polygon","coordinates":[[[7.4225111,43.7414326],[7.4226433,43.7415077],[7.4227423,43.7414291],[7.4225953,43.7413446],[7.4225111,43.7414326]]]}},{"type":"Feature","properties":{"kind":"building","height":0.0,"levels":null,"name":null,"building":"restaurant","roof":null,"colour":null},"geometry":{"type":"Polygon","coordinates":[[[7.4201112,43.733372],[7.4199353,43.7333518],[7.4199073,43.733483],[7.4200507,43.7335003],[7.4200856,43.7335049],[7.4200956,43.7334651],[7.4201112,43.733372]]]}},{"type":"Feature","properties":{"kind":"building","height":0.0,"levels":null,"name":"Villa Saint-Laurent","building":"apartments","roof":"flat","colour":null},"geometry":{"type":"Polygon","coordinates":[[[7.4279036,43.7431302],[7.4281653,43.7430597],[7.4280881,43.7429103],[7.4278264,43.7429808],[7.4279036,43.7431302]]]}},{"type":"Feature","properties":{"kind":"building","height":0.0,"levels":null,"name":"Le Bristol","building":"yes","roof":null,"colour":null},"geometry":{"type":"Polygon","coordinates":[[[7.4209402,43.7363508],[7.4211865,43.7363099],[7.4211646,43.7362409],[7.4211421,43.7362557],[7.4209211,43.7362894],[7.4209402,43.7363508]]]}},{"type":"Feature","properties":{"kind":"building","height":0.0,"levels":null,"name":null,"building":"yes","roof":null,"colour":null},"geometry":{"type":"Polygon","coordinates":[[[7.4251764,43.7408476],[7.4251764,43.7407821],[7.4251982,43.7407348],[7.425231,43.7406947],[7.4253347,43.7406329],[7.4254293,43.7407439],[7.42522,43.7408476],[7.4251764,43.7408476]]]}},{"type":"Feature","properties":{"kind":"building","height":0.0,"levels":null,"name":"Villa Alsacia","building":"yes","roof":null,"colour":null},"geometry":{"type":"Polygon","coordinates":[[[7.4202176,43.739485],[7.420317,43.7395215],[7.4203703,43.739446],[7.4202709,43.7394094],[7.4202176,43.739485]]]}},{"type":"Feature","properties":{"kind":"building","height":9.600000000000001,"levels":"3","name":"Villa Pereira","building":"apartments","roof":null,"colour":null},"geometry":{"type":"Polygon","coordinates":[[[7.4203867,43.7383165],[7.4205559,43.7382747],[7.4205559,43.7382019],[7.4205468,43.7381673],[7.4205305,43.7381546],[7.4205014,43.7381509],[7.4204686,43.7381637],[7.4204431,43.7381892],[7.4203795,43.7382164],[7.4203103,43.7382237],[7.4203867,43.7383165]]]}},{"type":"Feature","properties":{"kind":"building","height":12.8,"levels":"4","name":null,"building":"apartments","roof":null,"colour":null},"geometry":{"type":"Polygon","coordinates":[[[7.4229167,43.7411677],[7.4228166,43.741232],[7.4227906,43.7412488],[7.4226285,43.7411198],[7.4227409,43.7410425],[7.422758,43.741035],[7.4229167,43.7411677]]]}},{"type":"Feature","properties":{"kind":"building","height":16.0,"levels":"5","name":null,"building":"apartments","roof":null,"colour":null},"geometry":{"type":"Polygon","coordinates":[[[7.4194925,43.7345499],[7.4195224,43.7343709],[7.4193289,43.734354],[7.4193195,43.7344107],[7.4194121,43.7344187],[7.4193917,43.7345411],[7.4194925,43.7345499]]]}},{"type":"Feature","properties":{"kind":"building","height":0.0,"levels":null,"name":null,"building":"yes","roof":null,"colour":null},"geometry":{"type":"Polygon","coordinates":[[[7.4210333,43.7392171],[7.4212816,43.7393072],[7.4213575,43.7391982],[7.4211454,43.7391211],[7.4211164,43.7391628],[7.4210802,43.7391497],[7.4210333,43.7392171]]]}},{"type":"Feature","properties":{"kind":"building","height":38.400000000000006,"levels":"12","name":"R\u00e9sidence Herakleia","building":"apartments","roof":null,"colour":null},"geometry":{"type":"Polygon","coordinates":[[[7.4194382,43.7369652],[7.4194382,43.7369053],[7.4192418,43.736752],[7.4191723,43.736764],[7.4191412,43.7368406],[7.4192268,43.7369152],[7.4193089,43.7369867],[7.4193855,43.7369652],[7.4194382,43.7369652]]]}},{"type":"Feature","properties":{"kind":"building","height":0.0,"levels":null,"name":null,"building":"yes","roof":null,"colour":null},"geometry":{"type":"Polygon","coordinates":[[[7.4214467,43.7388133],[7.4214897,43.7387478],[7.4214263,43.7387245],[7.4213864,43.7387911],[7.4214467,43.7388133]]]}},{"type":"Feature","properties":{"kind":"building","height":16.0,"levels":"5","name":"Villa Le Sphinx","building":"apartments","roof":null,"colour":null},"geometry":{"type":"Polygon","coordinates":[[[7.4215874,43.7386263],[7.4217021,43.7384717],[7.4216099,43.738436],[7.4216168,43.7384154],[7.4215952,43.7384056],[7.4215675,43.7384129],[7.4215797,43.738437],[7.4215582,43.7384427],[7.4215687,43.7384635],[7.421524,43.7385238],[7.42149,43.7385107],[7.4214738,43.7385326],[7.4215298,43.7385542],[7.4215011,43.7385929],[7.4215874,43.7386263]]]}},{"type":"Feature","properties":{"kind":"building","height":9.600000000000001,"levels":"3","name":"Villa Marie Antoinette","building":"apartments","roof":null,"colour":null},"geometry":{"type":"Polygon","coordinates":[[[7.4212991,43.7379227],[7.4214489,43.7379319],[7.4214641,43.7378015],[7.4213144,43.7377924],[7.4212991,43.7379227]]]}},{"type":"Feature","properties":{"kind":"building","height":0.0,"levels":null,"name":"Villa Victoria","building":"yes","roof":null,"colour":null},"geometry":{"type":"Polygon","coordinates":[[[7.4214863,43.7393432],[7.4216671,43.7394049],[7.4217062,43.739345],[7.4216846,43.7393377],[7.4217166,43.7392888],[7.4215574,43.7392345],[7.4214863,43.7393432]]]}},{"type":"Feature","properties":{"kind":"building","height":9.600000000000001,"levels":"3","name":"Villa Milton","building":"apartments","roof":null,"colour":null},"geometry":{"type":"Polygon","coordinates":[[[7.4211113,43.7389252],[7.4213148,43.7390002],[7.4214467,43.7388133],[7.4213864,43.7387911],[7.4213308,43.7387707],[7.4212972,43.7388182],[7.4212096,43.7387859],[7.4211113,43.7389252]]]}},{"type":"Feature","properties":{"kind":"building","height":28.8,"levels":"9","name":"Le Shakespeare","building":"apartments","roof":null,"colour":null},"geometry":{"type":"Polygon","coordinates":[[[7.4215003,43.7387516],[7.4215874,43.7386263],[7.4215011,43.7385929],[7.4213604,43.7385436],[7.4212731,43.7386686],[7.4214263,43.7387245],[7.4214897,43.7387478],[7.4215003,43.7387516]]]}},{"type":"Feature","properties":{"kind":"building","height":0.0,"levels":null,"name":null,"building":"yes","roof":null,"colour":null},"geometry":{"type":"Polygon","coordinates":[[[7.4218386,43.739475],[7.4221083,43.739564],[7.4221865,43.7394403],[7.4219168,43.7393513],[7.4218386,43.739475]]]}},{"type":"Feature","properties":{"kind":"building","height":22.400000000000002,"levels":"7","name":"Soleil d'Or","building":"apartments","roof":"flat","colour":null},"geometry":{"type":"Polygon","coordinates":[[[7.4195244,43.7366754],[7.4196226,43.7366203],[7.4196226,43.7365628],[7.4193184,43.7363017],[7.4192514,43.7363209],[7.4191795,43.7363664],[7.4192154,43.7364406],[7.4195244,43.7366754]]]}},{"type":"Feature","properties":{"kind":"building","height":19.200000000000003,"levels":"6","name":"Palais de la Scala","building":"apartments","roof":"flat","colour":null},"geometry":{"type":"Polygon","coordinates":[[[7.4244466,43.738449],[7.4245927,43.7383628],[7.4252144,43.7381862],[7.4251859,43.7381339],[7.4252992,43.7381017],[7.4253495,43.7381161],[7.4253687,43.7381783],[7.4254118,43.7381879],[7.4255624,43.7385033],[7.4255787,43.7385191],[7.4255804,43.7385377],[7.4255728,43.7385517],[7.4255579,43.7385644],[7.4255354,43.7385705],[7.4255048,43.7385705],[7.4254837,43.7385649],[7.4247632,43.738756],[7.4247493,43.7387787],[7.424716,43.7387932],[7.4246703,43.7387932],[7.4246338,43.73878],[7.4246156,43.7387562],[7.4246196,43.7387285],[7.4244466,43.738449]]]}},{"type":"Feature","properties":{"kind":"building","height":0.0,"levels":null,"name":"Villa Jacqueline","building":"yes","roof":null,"colour":null},"geometry":{"type":"Polygon","coordinates":[[[7.4207235,43.7391091],[7.4209544,43.7391813],[7.4210156,43.7390792],[7.4207846,43.739007],[7.4207235,43.7391091]]]}},{"type":"Feature","properties":{"kind":"building","height":38.400000000000006,"levels":"12","name":"Palais Cynthia","building":"apartments","roof":null,"colour":null},"geometry":{"type":"Polygon","coordinates":[[[7.4185999,43.7366586],[7.4186837,43.7365484],[7.4187628,43.7365915],[7.4189065,43.7366298],[7.4189424,43.7366011],[7.4190541,43.7366612],[7.4191604,43.7367185],[7.4189688,43.7369077],[7.4187915,43.7368119],[7.4188131,43.7367855],[7.418734,43.7367592],[7.4187412,43.7367328],[7.4186766,43.7367161],[7.4185999,43.7366586]]]}},{"type":"Feature","properties":{"kind":"building","height":0.0,"levels":null,"name":null,"building":"yes","roof":null,"colour":null},"geometry":{"type":"Polygon","coordinates":[[[7.4213139,43.7393006],[7.4214427,43.7393386],[7.421504,43.7392441],[7.4213765,43.7392025],[7.4213139,43.7393006]]]}},{"type":"Feature","properties":{"kind":"building","height":0.0,"levels":null,"name":null,"building":"yes","roof":null,"colour":null},"geometry":{"type":"Polygon","coordinates":[[[7.429279,43.7428833],[7.4292544,43.7428003],[7.4293939,43.7427656],[7.4294204,43.7428486],[7.4294003,43.7428559],[7.429279,43.7428833]]]}},{"type":"Feature","properties":{"kind":"building","height":0.0,"levels":null,"name":null,"building":"yes","roof":null,"colour":null},"geometry":{"type":"Polygon","coordinates":[[[7.4293888,43.7416727],[7.4296227,43.7416803],[7.4296255,43.741635],[7.4296415,43.74138],[7.4295088,43.7413757],[7.4294996,43.7415242],[7.4293983,43.7415209],[7.4293888,43.7416727]]]}},{"type":"Feature","properties":{"kind":"building","height":12.8,"levels":"4","name":"Villa Lucia","building":"apartments","roof":null,"colour":null},"geometry":{"type":"Polygon","coordinates":[[[7.418626,43.7385109],[7.4186918,43.7384273],[7.4188029,43.7384583],[7.4187139,43.7385685],[7.418626,43.7385109]]]}},{"type":"Feature","properties":{"kind":"building","height":0.0,"levels":null,"name":null,"building":"yes","roof":null,"colour":null},"geometry":{"type":"Polygon","coordinates":[[[7.4293,43.7429517],[7.429279,43.7428833],[7.4294003,43.7428559],[7.4294094,43.7429344],[7.4293,43.7429517]]]}},{"type":"Feature","properties":{"kind":"building","height":0.0,"levels":null,"name":"Saint Paul's Anglican Church","building":"church","roof":null,"colour":null},"geometry":{"type":"Polygon","coordinates":[[[7.4292437,43.7433443],[7.4292065,43.7433558],[7.4292186,43.743372],[7.4291354,43.7433937],[7.42912,43.7433744],[7.4290589,43.7433885],[7.4290355,43.7433528],[7.4290593,43.7433493],[7.4290198,43.7432666],[7.4289956,43.743216],[7.4290195,43.7432089],[7.4290254,43.743192],[7.4291047,43.7431661],[7.4291346,43.7431746],[7.429155,43.7431705],[7.4292437,43.7433443]]]}},{"type":"Feature","properties":{"kind":"building","height":0.0,"levels":null,"name":"La R\u00e9serve","building":"apartments","roof":"flat","colour":null},"geometry":{"type":"Polygon","coordinates":[[[7.4304042,43.7426678],[7.4303515,43.7423458],[7.4300818,43.7423633],[7.4301353,43.7426907],[7.4304042,43.7426678]]]}},{"type":"Feature","properties":{"kind":"building","height":0.0,"levels":null,"name":"Villa Henry","building":"apartments","roof":null,"colour":null},"geometry":{"type":"Polygon","coordinates":[[[7.4293557,43.7430788],[7.4293328,43.743083],[7.4293,43.7429517],[7.4294094,43.7429344],[7.4294451,43.7429302],[7.4295067,43.7429237],[7.4295214,43.7430631],[7.4295025,43.7430645],[7.4293557,43.7430788]]]}},{"type":"Feature","properties":{"kind":"building","height":0.0,"levels":null,"name":"Villa Bianca","building":"apartments","roof":null,"colour":null},"geometry":{"type":"Polygon","coordinates":[[[7.429739,43.7437821],[7.4296139,43.7434922],[7.4295068,43.7434935],[7.429417,43.743522],[7.4294669,43.7436845],[7.4294926,43.7436802],[7.4295376,43.7438216],[7.4295812,43.7438181],[7.4295886,43.7438096],[7.4296451,43.7438111],[7.4297025,43.7437868],[7.4297125,43.7437934],[7.429739,43.7437821]]]}},{"type":"Feature","properties":{"kind":"building","height":0.0,"levels":null,"name":null,"building":"yes","roof":null,"colour":null},"geometry":{"type":"Polygon","coordinates":[[[7.4293116,43.7430973],[7.4292845,43.7430032],[7.4291733,43.7430161],[7.4291918,43.743103],[7.4293116,43.7430973]]]}},{"type":"Feature","properties":{"kind":"building","height":12.8,"levels":"4","name":"Villa J Calori","building":"apartments","roof":null,"colour":null},"geometry":{"type":"Polygon","coordinates":[[[7.4187037,43.7384069],[7.4187229,43.7382898],[7.4187551,43.7382743],[7.4189691,43.7382886],[7.4189619,43.7383161],[7.418987,43.7383233],[7.4188579,43.7384787],[7.4188328,43.7384392],[7.4187982,43.7384189],[7.4187539,43.7384117],[7.4187037,43.7384069]]]}},{"type":"Feature","properties":{"kind":"building","height":0.0,"levels":null,"name":null,"building":"yes","roof":null,"colour":null},"geometry":{"type":"Polygon","coordinates":[[[7.4291203,43.7429671],[7.4292558,43.7429556],[7.4292817,43.7429534],[7.4292826,43.7429899],[7.4291276,43.7430085],[7.4291203,43.7429671]]]}},{"type":"Feature","properties":{"kind":"building","height":16.0,"levels":"5","name":"Villa Pompeo","building":"apartments","roof":null,"colour":null},"geometry":{"type":"Polygon","coordinates":[[[7.4293785,43.7432298],[7.4293557,43.7430788],[7.4295025,43.7430645],[7.4295144,43.7431362],[7.4295269,43.7432116],[7.4293785,43.7432298]]]}},{"type":"Feature","properties":{"kind":"building","height":0.0,"levels":null,"name":null,"building":"apartments","roof":null,"colour":null},"geometry":{"type":"Polygon","coordinates":[[[7.4292544,43.7428003],[7.4292188,43.7426662],[7.4292452,43.7426597],[7.4293556,43.7426324],[7.4293939,43.7427656],[7.4292544,43.7428003]]]}},{"type":"Feature","properties":{"kind":"building","height":0.0,"levels":null,"name":"Palais Solemar","building":"apartments","roof":null,"colour":null},"geometry":{"type":"Polygon","coordinates":[[[7.4292452,43.7426597],[7.4292088,43.7425211],[7.429238,43.7425211],[7.4292909,43.7425075],[7.4293328,43.7424865],[7.4294076,43.7424637],[7.4294806,43.7424609],[7.4294742,43.7425221],[7.4295134,43.7425959],[7.4293967,43.7426324],[7.4293556,43.7426324],[7.4292452,43.7426597]]]}},{"type":"Feature","properties":{"kind":"building","height":0.0,"levels":null,"name":"Villa Alice","building":"yes","roof":null,"colour":null},"geometry":{"type":"Polygon","coordinates":[[[7.4294451,43.7432999],[7.4294204,43.7432508],[7.4295472,43.7432242],[7.4295828,43.7433],[7.4295074,43.7433211],[7.4294888,43.7432872],[7.4294451,43.7432999]]]}},{"type":"Feature","properties":{"kind":"building","height":0.0,"levels":null,"name":null,"building":"yes","roof":null,"colour":null},"geometry":{"type":"Polygon","coordinates":[[[7.4289187,43.7428594],[7.4288667,43.7428667],[7.4288302,43.7427491],[7.4288159,43.7427332],[7.4288498,43.7427267],[7.4288551,43.7427413],[7.428929,43.7427272],[7.4289332,43.7427055],[7.4289567,43.7426981],[7.4289689,43.7427184],[7.4290573,43.742833],[7.4289187,43.7428594]]]}},{"type":"Feature","properties":{"kind":"building","height":0.0,"levels":null,"name":"Les Acanthes","building":"apartments","roof":null,"colour":null},"geometry":{"type":"Polygon","coordinates":[[[7.4291882,43.7420961],[7.4295251,43.7420856],[7.4295301,43.7421691],[7.4295371,43.7422873],[7.4295398,43.7423323],[7.4292029,43.7423427],[7.4291882,43.7420961]]]}},{"type":"Feature","properties":{"kind":"building","height":13.0,"levels":"3","name":"Grimaldi Forum","building":"yes","roof":null,"colour":null},"geometry":{"type":"Polygon","coordinates":[[[7.4317426,43.7447026],[7.4312552,43.7438067],[7.4313653,43.7436588],[7.4313815,43.7436322],[7.4313944,43.7436108],[7.4313477,43.7435986],[7.4312762,43.7434713],[7.4311792,43.7434449],[7.4312746,43.743276],[7.4313411,43.7432545],[7.4314209,43.7432287],[7.4314925,43.7432088],[7.4315652,43.7431885],[7.4316296,43.7432026],[7.4316386,43.7431925],[7.4321061,43.7433295],[7.4320079,43.7435238],[7.4321243,43.7435647],[7.4322134,43.743703],[7.4323765,43.7437545],[7.4323906,43.7437744],[7.4323617,43.7438196],[7.432382,43.7438556],[7.4325259,43.7438896],[7.432449,43.7440644],[7.4324373,43.7441284],[7.432449,43.7441795],[7.4323886,43.7442676],[7.432427,43.7443732],[7.4324316,43.7444256],[7.4324339,43.7444821],[7.4323866,43.7445397],[7.432321,43.7445767],[7.431816,43.7447243],[7.4317426,43.7447026]]]}},{"type":"Feature","properties":{"kind":"building","height":0.0,"levels":null,"name":null,"building":"yes","roof":null,"colour":null},"geometry":{"type":"Polygon","coordinates":[[[7.4292558,43.7429556],[7.4292234,43.7428257],[7.4291406,43.7428451],[7.4290624,43.7428633],[7.42904,43.7428686],[7.4290731,43.7429711],[7.4291203,43.7429671],[7.4292558,43.7429556]]]}},{"type":"Feature","properties":{"kind":"building","height":0.0,"levels":null,"name":"Houston","building":"apartments","roof":"flat","colour":null},"geometry":{"type":"Polygon","coordinates":[[[7.4302274,43.7434563],[7.4300402,43.7428867],[7.4303714,43.7428299],[7.4304338,43.7430198],[7.4305207,43.7432843],[7.4305586,43.7433995],[7.4302274,43.7434563]]]}},{"type":"Feature","properties":{"kind":"building","height":0.0,"levels":null,"name":"Palais Okeania","building":"yes","roof":null,"colour":null},"geometry":{"type":"Polygon","coordinates":[[[7.4290236,43.7431586],[7.4289388,43.7431377],[7.4288886,43.7430984],[7.4288767,43.7429881],[7.4289346,43.7429831],[7.4290731,43.7429711],[7.4291203,43.7429671],[7.4291276,43.7430085],[7.429144,43.7431012],[7.429071,43.7431103],[7.4290756,43.7431386],[7.4290236,43.7431586]]]}},{"type":"Feature","properties":{"kind":"building","height":0.0,"levels":null,"name":"Stella Mare","building":"yes","roof":null,"colour":null},"geometry":{"type":"Polygon","coordinates":[[[7.4289346,43.7429831],[7.4289187,43.7428594],[7.4290573,43.742833],[7.4290624,43.7428633],[7.42904,43.7428686],[7.4290731,43.7429711],[7.4289346,43.7429831]]]}},{"type":"Feature","properties":{"kind":"building","height":0.0,"levels":null,"name":"George V","building":"apartments","roof":null,"colour":null},"geometry":{"type":"Polygon","coordinates":[[[7.4290165,43.7427035],[7.4290214,43.7426684],[7.4290526,43.7426626],[7.4290464,43.7426452],[7.4290184,43.7425663],[7.4289936,43.7425709],[7.4289615,43.7424803],[7.4290057,43.7424276],[7.4289344,43.7422637],[7.4288717,43.7422537],[7.4287761,43.7422665],[7.4287273,43.7423214],[7.4287663,43.7424489],[7.4287064,43.742476],[7.4287609,43.7426248],[7.4288163,43.7426142],[7.4288358,43.7426675],[7.4287947,43.7426754],[7.4288159,43.7427332],[7.4288498,43.7427267],[7.4288551,43.7427413],[7.428929,43.7427272],[7.4289332,43.7427055],[7.4289567,43.7426981],[7.4289689,43.7427184],[7.4290165,43.7427035]]]}},{"type":"Feature","properties":{"kind":"building","height":0.0,"levels":null,"name":null,"building":"apartments","roof":null,"colour":null},"geometry":{"type":"Polygon","coordinates":[[[7.4290874,43.742822],[7.4290165,43.7427035],[7.4291841,43.742688],[7.4292179,43.7428047],[7.4291349,43.7428175],[7.4291406,43.7428451],[7.4290624,43.7428633],[7.4290573,43.742833],[7.4290874,43.742822]]]}},{"type":"Feature","properties":{"kind":"building","height":0.0,"levels":null,"name":"La Maison d'Or","building":"yes","roof":null,"colour":null},"geometry":{"type":"Polygon","coordinates":[[[7.4294451,43.7429302],[7.4294368,43.7427711],[7.429503,43.7427658],[7.4295067,43.7429237],[7.4294451,43.7429302]]]}},{"type":"Feature","properties":{"kind":"building","height":0.0,"levels":null,"name":"Prince de Galles","building":"apartments","roof":null,"colour":null},"geometry":{"type":"Polygon","coordinates":[[[7.4287122,43.7419146],[7.428766,43.7419075],[7.4288072,43.741939],[7.42884,43.7419697],[7.4288699,43.7421038],[7.4288004,43.7421466],[7.4286205,43.7421555],[7.4285666,43.7421259],[7.4285422,43.7420028],[7.42862,43.7419493],[7.4286697,43.741986],[7.4287454,43.7419697],[7.4287122,43.7419146]]]}},{"type":"Feature","properties":{"kind":"building","height":0.0,"levels":null,"name":"Villa Jeanne","building":"apartments","roof":null,"colour":null},"geometry":{"type":"Polygon","coordinates":[[[7.4294468,43.7434761],[7.4293629,43.7433237],[7.4294451,43.7432999],[7.4294888,43.7432872],[7.4295074,43.7433211],[7.4295745,43.7434368],[7.4294468,43.7434761]]]}},{"type":"Feature","properties":{"kind":"building","height":0.0,"levels":null,"name":"Le Mirabel","building":"apartments","roof":null,"colour":null},"geometry":{"type":"Polygon","coordinates":[[[7.4291794,43.7419336],[7.4296098,43.7419126],[7.4295916,43.7417169],[7.4291612,43.7417379],[7.4291794,43.7419336]]]}},{"type":"Feature","properties":{"kind":"building","height":0.0,"levels":null,"name":"Villa St Jean","building":"apartments","roof":null,"colour":null},"geometry":{"type":"Polygon","coordinates":[[[7.4300554,43.7438323],[7.4299789,43.7434537],[7.4300304,43.7434356],[7.4301988,43.7437488],[7.4301181,43.7438142],[7.4300554,43.7438323]]]}},{"type":"Feature","properties":{"kind":"building","height":0.0,"levels":null,"name":null,"building":"yes","roof":null,"colour":null},"geometry":{"type":"Polygon","coordinates":[[[7.4208794,43.7376341],[7.4208198,43.7376704],[7.420836,43.7376843],[7.420761,43.7377259],[7.4206525,43.7377849],[7.4205736,43.7378142],[7.4205391,43.7377874],[7.4205832,43.7377599],[7.4206442,43.7376987],[7.4207301,43.7375563],[7.4207602,43.7375403],[7.4207811,43.7375596],[7.4207458,43.7375796],[7.4207332,43.7376065],[7.4207498,43.7376232],[7.4207783,43.7376324],[7.4208398,43.7375976],[7.4208794,43.7376341]]]}},{"type":"Feature","properties":{"kind":"building","height":0.0,"levels":null,"name":null,"building":"yes","roof":null,"colour":null},"geometry":{"type":"Polygon","coordinates":[[[7.4252545,43.7318598],[7.4253104,43.7318772],[7.4253829,43.7318997],[7.4254339,43.7318139],[7.4253661,43.7317929],[7.4253054,43.7317742],[7.4252545,43.7318598]]]}},{"type":"Feature","properties":{"kind":"building","height":0.0,"levels":null,"name":"Conseil National de la Principaut\u00e9 de Monaco","building":"public","roof":null,"colour":null},"geometry":{"type":"Polygon","coordinates":[[[7.4255382,43.731529],[7.4260764,43.7316966],[7.426148,43.7316411],[7.4258432,43.7314429],[7.4259692,43.7313387],[7.4257538,43.7312019],[7.425649,43.7313609],[7.4255382,43.731529]]]}},{"type":"Feature","properties":{"kind":"building","height":0.0,"levels":null,"name":null,"building":"yes","roof":null,"colour":null},"geometry":{"type":"Polygon","coordinates":[[[7.4239772,43.7306941],[7.4240403,43.7306033],[7.4241944,43.7306593],[7.4241313,43.7307501],[7.4239772,43.7306941]]]}},{"type":"Feature","properties":{"kind":"building","height":0.0,"levels":null,"name":null,"building":"yes","roof":null,"colour":null},"geometry":{"type":"Polygon","coordinates":[[[7.4208166,43.7315536],[7.4207783,43.7314981],[7.4208214,43.7314839],[7.4208355,43.7314792],[7.4209936,43.7314257],[7.42105,43.7314065],[7.4210427,43.7313874],[7.4210619,43.7313834],[7.4211233,43.7313714],[7.4211921,43.7313579],[7.4212511,43.7314625],[7.4212163,43.7314741],[7.4212538,43.7315207],[7.4211573,43.73154],[7.4211497,43.7315248],[7.4211367,43.7314916],[7.4211224,43.7314703],[7.4209862,43.7315113],[7.4209457,43.7315237],[7.4208166,43.7315536]]]}},{"type":"Feature","properties":{"kind":"building","height":0.0,"levels":null,"name":"L'Estragon","building":"yes","roof":null,"colour":null},"geometry":{"type":"Polygon","coordinates":[[[7.4227907,43.7307163],[7.4228417,43.7307125],[7.4228444,43.7307299],[7.4229855,43.7307156],[7.4230183,43.7306185],[7.4228658,43.7306197],[7.4227859,43.7306746],[7.4227907,43.7307163]]]}},{"type":"Feature","properties":{"kind":"building","height":0.0,"levels":null,"name":null,"building":"yes","roof":null,"colour":null},"geometry":{"type":"Polygon","coordinates":[[[7.4230223,43.7325798],[7.4230536,43.7324846],[7.4233506,43.7325356],[7.4233193,43.7326308],[7.4230223,43.7325798]]]}},{"type":"Feature","properties":{"kind":"building","height":25.6,"levels":"8","name":"Suffren","building":"apartments","roof":null,"colour":null},"geometry":{"type":"Polygon","coordinates":[[[7.4201637,43.7346043],[7.4201718,43.7345357],[7.4201853,43.7344216],[7.4197467,43.7343946],[7.4197235,43.7345678],[7.4201637,43.7346043]]]}},{"type":"Feature","properties":{"kind":"building","height":19.200000000000003,"levels":"6","name":"Pavillon Maurice","building":"apartments","roof":null,"colour":null},"geometry":{"type":"Polygon","coordinates":[[[7.418781,43.7364879],[7.4188937,43.7364181],[7.4190224,43.7365247],[7.4190133,43.7365304],[7.4190047,43.7365359],[7.418781,43.7364879]]]}},{"type":"Feature","properties":{"kind":"building","height":16.0,"levels":"5","name":"Villa Nel","building":"apartments","roof":null,"colour":null},"geometry":{"type":"Polygon","coordinates":[[[7.4187461,43.7362983],[7.418606,43.7363851],[7.4186609,43.7364314],[7.4187272,43.7364873],[7.4188674,43.7364005],[7.4187461,43.7362983]]]}},{"type":"Feature","properties":{"kind":"building","height":12.5,"levels":"2","name":"Auditorium Rainier III","building":"yes","roof":null,"colour":"#F0DAC3"},"geometry":{"type":"Polygon","coordinates":[[[7.429432,43.7379041],[7.4296058,43.7378905],[7.4297449,43.7380244],[7.4300236,43.7382928],[7.4298933,43.738514],[7.4297963,43.7385216],[7.4296672,43.7385317],[7.4294853,43.738546],[7.4294679,43.7385836],[7.4293974,43.7385886],[7.4291765,43.738375],[7.4292018,43.7383346],[7.4291864,43.7383133],[7.429342,43.738054],[7.429432,43.7379041]]]}},{"type":"Feature","properties":{"kind":"building","height":0.0,"levels":null,"name":"Quai Lucciana","building":"yes","roof":null,"colour":null},"geometry":{"type":"Polygon","coordinates":[[[7.4297447,43.7365407],[7.4298465,43.7363697],[7.4298987,43.7363857],[7.4299116,43.7363763],[7.4299252,43.7363756],[7.429941,43.736379],[7.4299506,43.7363868],[7.4299528,43.736402],[7.4300045,43.7364178],[7.4298867,43.73662],[7.429833,43.7367122],[7.42958,43.7371464],[7.4295315,43.7372297],[7.4293175,43.737597],[7.4292496,43.7375776],[7.4292359,43.7375737],[7.4298013,43.7365602],[7.4297447,43.7365407]]]}},{"type":"Feature","properties":{"kind":"building","height":0.0,"levels":null,"name":null,"building":"yes","roof":null,"colour":null},"geometry":{"type":"Polygon","coordinates":[[[7.4318774,43.7362936],[7.4320143,43.7364131],[7.4319903,43.7364275],[7.4319812,43.7364519],[7.4319553,43.7364713],[7.4319191,43.7364877],[7.4318818,43.7364923],[7.4318546,43.7365086],[7.4318229,43.7364809],[7.431794,43.7364765],[7.4317702,43.7364631],[7.4317502,43.7364409],[7.4317459,43.7364137],[7.4317177,43.736389],[7.431868,43.7362992],[7.4318774,43.7362936]]]}},{"type":"Feature","properties":{"kind":"building","height":0.0,"levels":null,"name":null,"building":"yes","roof":null,"colour":null},"geometry":{"type":"Polygon","coordinates":[[[7.4278287,43.7335497],[7.4278769,43.7333726],[7.4279396,43.7333815],[7.4278913,43.7335586],[7.4278287,43.7335497]]]}},{"type":"Feature","properties":{"kind":"building","height":0.0,"levels":null,"name":null,"building":"yes","roof":null,"colour":null},"geometry":{"type":"Polygon","coordinates":[[[7.4267907,43.7336447],[7.4268482,43.7336574],[7.4268668,43.7336139],[7.4268092,43.7336011],[7.4267907,43.7336447]]]}},{"type":"Feature","properties":{"kind":"building","height":0.0,"levels":null,"name":null,"building":"yes","roof":null,"colour":null},"geometry":{"type":"Polygon","coordinates":[[[7.427923,43.733867],[7.4279379,43.7338129],[7.4280123,43.7338229],[7.4280428,43.7337123],[7.4279665,43.7337016],[7.4279805,43.733651],[7.4281728,43.7336784],[7.4281133,43.7338936],[7.427923,43.733867]]]}},{"type":"Feature","properties":{"kind":"building","height":0.0,"levels":null,"name":null,"building":"yes","roof":null,"colour":null},"geometry":{"type":"Polygon","coordinates":[[[7.42142,43.742397],[7.4215,43.742551],[7.421413,43.742555],[7.421385,43.742505],[7.421323,43.742466],[7.421333,43.742451],[7.421345,43.742437],[7.421359,43.742423],[7.421376,43.742409],[7.421386,43.742399],[7.42142,43.742397]]]}},{"type":"Feature","properties":{"kind":"building","height":0.0,"levels":null,"name":null,"building":"yes","roof":null,"colour":null},"geometry":{"type":"Polygon","coordinates":[[[7.42232,43.743508],[7.422344,43.743493],[7.422395,43.74346],[7.4225,43.743533],[7.42241,43.743602],[7.422368,43.743583],[7.42239,43.743567],[7.422356,43.743543],[7.422325,43.743565],[7.422273,43.743539],[7.42232,43.743508]]]}},{"type":"Feature","properties":{"kind":"building","height":0.0,"levels":null,"name":null,"building":"yes","roof":null,"colour":null},"geometry":{"type":"Polygon","coordinates":[[[7.424835,43.741788],[7.425035,43.741954],[7.425045,43.741961],[7.424933,43.742076],[7.424877,43.742042],[7.424759,43.741945],[7.424733,43.741924],[7.424734,43.741901],[7.424765,43.741879],[7.424735,43.741852],[7.424835,43.741788]]]}},{"type":"Feature","properties":{"kind":"building","height":0.0,"levels":null,"name":null,"building":"yes","roof":null,"colour":null},"geometry":{"type":"Polygon","coordinates":[[[7.421928,43.743635],[7.421981,43.743589],[7.422079,43.743644],[7.422055,43.743666],[7.422067,43.743672],[7.422085,43.743662],[7.422149,43.743698],[7.422098,43.743746],[7.422012,43.743698],[7.422023,43.743688],[7.421928,43.743635]]]}},{"type":"Feature","properties":{"kind":"building","height":0.0,"levels":null,"name":null,"building":"yes","roof":null,"colour":null},"geometry":{"type":"Polygon","coordinates":[[[7.419264,43.740861],[7.419269,43.740851],[7.419391,43.740875],[7.419451,43.740891],[7.419264,43.740861]]]}},{"type":"Feature","properties":{"kind":"building","height":0.0,"levels":null,"name":null,"building":"yes","roof":null,"colour":null},"geometry":{"type":"Polygon","coordinates":[[[7.422924,43.74276],[7.422961,43.742798],[7.422929,43.742832],[7.42284,43.742883],[7.4228,43.742841],[7.422808,43.742837],[7.422795,43.742823],[7.422879,43.742778],[7.422885,43.742784],[7.422924,43.74276]]]}},{"type":"Feature","properties":{"kind":"building","height":0.0,"levels":null,"name":null,"building":"yes","roof":null,"colour":null},"geometry":{"type":"Polygon","coordinates":[[[7.424019,43.742482],[7.423982,43.74252],[7.423888,43.742474],[7.423797,43.742406],[7.423769,43.742384],[7.423749,43.742366],[7.423831,43.742317],[7.423944,43.74241],[7.423915,43.742428],[7.423964,43.742455],[7.424019,43.742482]]]}},{"type":"Feature","properties":{"kind":"building","height":0.0,"levels":null,"name":"Villa Ker Maria","building":"yes","roof":null,"colour":null},"geometry":{"type":"Polygon","coordinates":[[[7.418695,43.740269],[7.418698,43.740237],[7.418694,43.740237],[7.418698,43.740207],[7.418735,43.740209],[7.418736,43.740203],[7.418845,43.74021],[7.418839,43.740247],[7.418854,43.740248],[7.418849,43.74028],[7.418695,43.740269]]]}},{"type":"Feature","properties":{"kind":"building","height":0.0,"levels":null,"name":null,"building":"yes","roof":null,"colour":null},"geometry":{"type":"Polygon","coordinates":[[[7.422985,43.742771],[7.422951,43.742742],[7.422911,43.742705],[7.422876,43.742666],[7.422955,43.742628],[7.42297,43.742644],[7.422949,43.742656],[7.423016,43.742726],[7.423008,43.742731],[7.423017,43.742741],[7.422985,43.742771]]]}},{"type":"Feature","properties":{"kind":"building","height":0.0,"levels":null,"name":null,"building":"yes","roof":null,"colour":null},"geometry":{"type":"Polygon","coordinates":[[[7.422265,43.741831],[7.422217,43.741862],[7.422067,43.74196],[7.422051,43.74197],[7.422026,43.74195],[7.421959,43.741895],[7.421988,43.741876],[7.422013,43.741895],[7.422071,43.74186],[7.422204,43.74178],[7.422265,43.741831]]]}},{"type":"Feature","properties":{"kind":"building","height":0.0,"levels":null,"name":"Maison Emilie","building":"yes","roof":null,"colour":null},"geometry":{"type":"Polygon","coordinates":[[[7.422596,43.742065],[7.422514,43.742098],[7.422478,43.742113],[7.4224,43.742014],[7.422458,43.741992],[7.422472,43.741987],[7.422485,43.74198],[7.422498,43.74197],[7.422617,43.742021],[7.422639,43.742047],[7.422596,43.742065]]]}},{"type":"Feature","properties":{"kind":"building","height":0.0,"levels":null,"name":null,"building":"yes","roof":null,"colour":null},"geometry":{"type":"Polygon","coordinates":[[[7.420647,43.740235],[7.42064,43.74024],[7.42061,43.740261],[7.420553,43.7403],[7.420463,43.740232],[7.420484,43.740217],[7.420514,43.74024],[7.420505,43.740246],[7.420523,43.740259],[7.420605,43.740202],[7.420647,43.740235]]]}},{"type":"Feature","properties":{"kind":"building","height":0.0,"levels":null,"name":null,"building":"yes","roof":null,"colour":null},"geometry":{"type":"Polygon","coordinates":[[[7.423223,43.742388],[7.423196,43.742403],[7.423187,43.742396],[7.423166,43.742408],[7.423148,43.742392],[7.423142,43.742394],[7.423116,43.74237],[7.423146,43.742352],[7.42315,43.742356],[7.423174,43.742344],[7.423223,43.742388]]]}},{"type":"Feature","properties":{"kind":"building","height":0.0,"levels":null,"name":null,"building":"yes","roof":null,"colour":null},"geometry":{"type":"Polygon","coordinates":[[[7.419518,43.742127],[7.419509,43.742132],[7.419533,43.742158],[7.419496,43.742175],[7.41948,43.742158],[7.419471,43.742149],[7.41943,43.742169],[7.419346,43.742078],[7.419435,43.742036],[7.419488,43.742095],[7.419518,43.742127]]]}},{"type":"Feature","properties":{"kind":"building","height":0.0,"levels":null,"name":null,"building":"yes","roof":null,"colour":null},"geometry":{"type":"Polygon","coordinates":[[[7.426562,43.742833],[7.426534,43.742854],[7.42651,43.742871],[7.426433,43.742925],[7.425855,43.742508],[7.425988,43.742416],[7.4260058,43.7424288],[7.426257,43.742609],[7.42643,43.742737],[7.426465,43.742763],[7.426526,43.742807],[7.426562,43.742833]]]}},{"type":"Feature","properties":{"kind":"building","height":0.0,"levels":null,"name":null,"building":"yes","roof":null,"colour":null},"geometry":{"type":"Polygon","coordinates":[[[7.418715,43.741068],[7.418733,43.74102],[7.418749,43.740979],[7.41885,43.740996],[7.418839,43.741026],[7.418802,43.741121],[7.418743,43.741108],[7.418734,43.741133],[7.418692,43.741126],[7.4187,43.741106],[7.418715,43.741068]]]}},{"type":"Feature","properties":{"kind":"building","height":0.0,"levels":null,"name":null,"building":"yes","roof":null,"colour":null},"geometry":{"type":"Polygon","coordinates":[[[7.424084,43.743507],[7.424047,43.743486],[7.4241,43.743451],[7.424119,43.743462],[7.424149,43.743441],[7.424219,43.74348],[7.424223,43.743499],[7.424158,43.743541],[7.42415,43.743547],[7.424142,43.743541],[7.424084,43.743507]]]}},{"type":"Feature","properties":{"kind":"building","height":0.0,"levels":null,"name":null,"building":"yes","roof":null,"colour":null},"geometry":{"type":"Polygon","coordinates":[[[7.422955,43.742628],[7.423061,43.742577],[7.423115,43.742624],[7.423161,43.742663],[7.423059,43.742741],[7.423039,43.742719],[7.423023,43.742701],[7.423041,43.74269],[7.422988,43.742635],[7.42297,43.742644],[7.422955,43.742628]]]}},{"type":"Feature","properties":{"kind":"building","height":0.0,"levels":null,"name":null,"building":"yes","roof":null,"colour":null},"geometry":{"type":"Polygon","coordinates":[[[7.426333,43.743319],[7.426332,43.743301],[7.42634,43.743296],[7.426439,43.743225],[7.426494,43.743266],[7.426478,43.743278],[7.426505,43.743298],[7.426521,43.743287],[7.4265794,43.7433316],[7.426456,43.743423],[7.426333,43.743319]]]}},{"type":"Feature","properties":{"kind":"building","height":0.0,"levels":null,"name":null,"building":"apartments","roof":null,"colour":null},"geometry":{"type":"Polygon","coordinates":[[[7.424657,43.74261],[7.424631,43.742628],[7.424589,43.742658],[7.424588,43.742674],[7.424554,43.742701],[7.424479,43.74265],[7.424626,43.742533],[7.424659,43.742533],[7.42473,43.742595],[7.424679,43.742628],[7.424657,43.74261]]]}},{"type":"Feature","properties":{"kind":"building","height":0.0,"levels":null,"name":null,"building":"yes","roof":null,"colour":null},"geometry":{"type":"Polygon","coordinates":[[[7.421998,43.743349],[7.42196,43.74331],[7.42193,43.743271],[7.421895,43.743219],[7.421877,43.74318],[7.421866,43.743148],[7.42186,43.743114],[7.421893,43.743113],[7.421897,43.743137],[7.421944,43.743151],[7.422053,43.743294],[7.421998,43.743349]]]}},{"type":"Feature","properties":{"kind":"building","height":0.0,"levels":null,"name":null,"building":"yes","roof":null,"colour":null},"geometry":{"type":"Polygon","coordinates":[[[7.422433,43.742488],[7.422469,43.742482],[7.422497,43.74251],[7.422541,43.742489],[7.422549,43.742496],[7.422594,43.742474],[7.422627,43.742502],[7.422658,43.742488],[7.42269,43.742521],[7.422548,43.742591],[7.422524,43.742575],[7.422433,43.742488]]]}},{"type":"Feature","properties":{"kind":"building","height":0.0,"levels":null,"name":"Maison Cesar Lanteri Massa","building":"yes","roof":null,"colour":null},"geometry":{"type":"Polygon","coordinates":[[[7.42167,43.742138],[7.421658,43.742146],[7.421667,43.742153],[7.421658,43.742161],[7.421712,43.742206],[7.421621,43.742268],[7.421556,43.742212],[7.42149,43.742144],[7.421502,43.742136],[7.421592,43.742076],[7.421631,43.742107],[7.42167,43.742138]]]}},{"type":"Feature","properties":{"kind":"building","height":0.0,"levels":null,"name":null,"building":"yes","roof":null,"colour":null},"geometry":{"type":"Polygon","coordinates":[[[7.423264,43.74287],[7.423344,43.742807],[7.423399,43.742764],[7.423457,43.742796],[7.423397,43.742842],[7.423428,43.742862],[7.423372,43.74291],[7.423386,43.742919],[7.423353,43.742948],[7.423294,43.742909],[7.423305,43.742898],[7.423264,43.74287]]]}},{"type":"Feature","properties":{"kind":"building","height":0.0,"levels":null,"name":null,"building":"yes","roof":null,"colour":null},"geometry":{"type":"Polygon","coordinates":[[[7.42201,43.743119],[7.422054,43.743083],[7.422091,43.743052],[7.422098,43.743047],[7.422117,43.743035],[7.422153,43.743058],[7.422165,43.743065],[7.422188,43.743077],[7.422146,43.74311],[7.422107,43.743139],[7.422085,43.743155],[7.42201,43.743119]]]}},{"type":"Feature","properties":{"kind":"building","height":0.0,"levels":null,"name":"La Pierre Emilie","building":"yes","roof":null,"colour":null},"geometry":{"type":"Polygon","coordinates":[[[7.423529,43.743465],[7.423545,43.743453],[7.423649,43.743521],[7.423585,43.743576],[7.423533,43.743542],[7.423521,43.743551],[7.423501,43.74354],[7.423482,43.743554],[7.42344,43.743538],[7.42345,43.74353],[7.423462,43.74352],[7.423529,43.743465]]]}},{"type":"Feature","properties":{"kind":"building","height":0.0,"levels":null,"name":null,"building":"yes","roof":null,"colour":null},"geometry":{"type":"Polygon","coordinates":[[[7.426706,43.742908],[7.426631,43.742961],[7.426575,43.742919],[7.426582,43.742914],[7.426577,43.742907],[7.426573,43.742895],[7.426573,43.742884],[7.426534,43.742854],[7.426562,43.742833],[7.426665,43.742759],[7.42669,43.742871],[7.426706,43.742908]]]}},{"type":"Feature","properties":{"kind":"building","height":0.0,"levels":null,"name":null,"building":"yes","roof":null,"colour":null},"geometry":{"type":"Polygon","coordinates":[[[7.421847,43.741519],[7.421676,43.741628],[7.421674,43.74163],[7.421573,43.741552],[7.421631,43.741515],[7.421696,43.741569],[7.421714,43.741558],[7.421691,43.741538],[7.421705,43.741529],[7.421663,43.741494],[7.421745,43.74144],[7.421847,43.741519]]]}},{"type":"Feature","properties":{"kind":"building","height":0.0,"levels":null,"name":null,"building":"yes","roof":null,"colour":null},"geometry":{"type":"Polygon","coordinates":[[[7.426562,43.742833],[7.426526,43.742807],[7.426556,43.742785],[7.426496,43.742742],[7.426465,43.742763],[7.42643,43.742737],[7.426567,43.74264],[7.426632,43.742687],[7.426648,43.742707],[7.426658,43.742722],[7.426665,43.742759],[7.426562,43.742833]]]}},{"type":"Feature","properties":{"kind":"building","height":0.0,"levels":null,"name":null,"building":"yes","roof":null,"colour":null},"geometry":{"type":"Polygon","coordinates":[[[7.424717,43.742181],[7.42471,43.74219],[7.424557,43.742301],[7.424544,43.742306],[7.424529,43.742309],[7.424411,43.742213],[7.4245,43.742115],[7.424508,43.742106],[7.4247,43.742148],[7.424719,43.742158],[7.42472,43.74217],[7.424717,43.742181]]]}},{"type":"Feature","properties":{"kind":"building","height":0.0,"levels":null,"name":null,"building":"yes","roof":null,"colour":null},"geometry":{"type":"Polygon","coordinates":[[[7.4253905,43.7422934],[7.4253787,43.7423051],[7.4253317,43.7422803],[7.425162,43.7421939],[7.4250171,43.7421189],[7.4249697,43.7420933],[7.4253766,43.7417013],[7.4254255,43.7417279],[7.4256344,43.7418486],[7.4257836,43.7419349],[7.4253905,43.7422934]]]}},{"type":"Feature","properties":{"kind":"building","height":0.0,"levels":null,"name":"Le Monte Cristo","building":"yes","roof":null,"colour":null},"geometry":{"type":"Polygon","coordinates":[[[7.418821,43.739891],[7.418821,43.739886],[7.418816,43.739799],[7.418936,43.739778],[7.41894,43.739781],[7.418943,43.739783],[7.418947,43.739786],[7.41895,43.739788],[7.418957,43.739792],[7.418963,43.739795],[7.418971,43.739799],[7.418977,43.739802],[7.418985,43.739805],[7.41899,43.739807],[7.418996,43.739809],[7.419003,43.739811],[7.419011,43.739813],[7.419021,43.739815],[7.419032,43.739817],[7.419046,43.739819],[7.419062,43.73982],[7.419075,43.73982],[7.41909,43.739819],[7.419101,43.739818],[7.419115,43.739815],[7.419126,43.739813],[7.419137,43.739809],[7.419713,43.739598],[7.419775,43.739619],[7.419689,43.739767],[7.4196,43.739799],[7.419614,43.739819],[7.41959,43.739828],[7.419598,43.739839],[7.419509,43.739872],[7.419501,43.739861],[7.419459,43.739876],[7.419445,43.739856],[7.419387,43.739878],[7.419372,43.739856],[7.419308,43.73988],[7.418821,43.739891]]]}},{"type":"Feature","properties":{"kind":"building","height":0.0,"levels":null,"name":null,"building":"yes","roof":null,"colour":null},"geometry":{"type":"Polygon","coordinates":[[[7.427646,43.743635],[7.427547,43.743699],[7.427504,43.743664],[7.427486,43.743677],[7.427529,43.743711],[7.427483,43.743741],[7.427404,43.743677],[7.427465,43.743613],[7.427501,43.743584],[7.427494,43.743578],[7.427539,43.743551],[7.427543,43.74355],[7.427646,43.743635]]]}},{"type":"Feature","properties":{"kind":"building","height":0.0,"levels":null,"name":"Villa Rina","building":"yes","roof":null,"colour":null},"geometry":{"type":"Polygon","coordinates":[[[7.419277,43.740245],[7.419301,43.740191],[7.419294,43.740189],[7.419317,43.740138],[7.419434,43.740165],[7.419461,43.740115],[7.419521,43.740125],[7.419483,43.740177],[7.419459,43.740171],[7.419438,43.740221],[7.419422,43.740218],[7.419399,43.740273],[7.419277,43.740245]]]}},{"type":"Feature","properties":{"kind":"building","height":0.0,"levels":null,"name":null,"building":"apartments","roof":null,"colour":null},"geometry":{"type":"Polygon","coordinates":[[[7.424804,43.742659],[7.424702,43.742738],[7.42467,43.742712],[7.424682,43.742702],[7.424665,43.742689],[7.42464,43.742669],[7.424641,43.742654],[7.424651,43.742645],[7.424631,43.742628],[7.424657,43.74261],[7.424679,43.742628],[7.42473,43.742595],[7.424804,43.742659]]]}},{"type":"Feature","properties":{"kind":"building","height":0.0,"levels":null,"name":null,"building":"yes","roof":null,"colour":null},"geometry":{"type":"Polygon","coordinates":[[[7.419048,43.739747],[7.419017,43.739756],[7.41892,43.739546],[7.419096,43.73952],[7.419104,43.739532],[7.419186,43.739648],[7.419204,43.739674],[7.41919,43.739683],[7.419164,43.739698],[7.419137,43.739713],[7.419108,43.739725],[7.419079,43.739737],[7.419048,43.739747]]]}},{"type":"Feature","properties":{"kind":"building","height":0.0,"levels":null,"name":null,"building":"yes","roof":null,"colour":null},"geometry":{"type":"Polygon","coordinates":[[[7.42339,43.741697],[7.423415,43.741774],[7.423409,43.741776],[7.423371,43.741781],[7.423373,43.741788],[7.423312,43.741833],[7.423241,43.741877],[7.423201,43.741825],[7.423142,43.741749],[7.423211,43.741722],[7.423231,43.741744],[7.42331,43.741711],[7.42339,43.741697]]]}},{"type":"Feature","properties":{"kind":"building","height":0.0,"levels":null,"name":null,"building":"yes","roof":null,"colour":null},"geometry":{"type":"Polygon","coordinates":[[[7.419748,43.740531],[7.419662,43.740622],[7.419588,43.740589],[7.419594,43.740582],[7.419562,43.740568],[7.419572,43.740556],[7.419478,43.740515],[7.419552,43.740417],[7.419653,43.740463],[7.419645,43.740472],[7.419699,43.740498],[7.419692,43.740505],[7.419748,43.740531]]]}},{"type":"Feature","properties":{"kind":"building","height":0.0,"levels":null,"name":"La T\u00e9o-Tine","building":"yes","roof":null,"colour":null},"geometry":{"type":"Polygon","coordinates":[[[7.422539,43.742896],[7.42256,43.742883],[7.422578,43.742872],[7.422625,43.742842],[7.422635,43.742836],[7.422655,43.742859],[7.422585,43.742908],[7.422664,43.742975],[7.422628,43.743],[7.422646,43.743014],[7.422602,43.743053],[7.422468,43.742941],[7.422539,43.742896]]]}},{"type":"Feature","properties":{"kind":"building","height":0.0,"levels":null,"name":"Palais Gallia","building":"yes","roof":null,"colour":null},"geometry":{"type":"Polygon","coordinates":[[[7.424641,43.741376],[7.424601,43.741397],[7.424459,43.741251],[7.424645,43.741147],[7.424664,43.74115],[7.424719,43.741216],[7.424768,43.741277],[7.424763,43.741291],[7.424777,43.741304],[7.424674,43.741358],[7.42466,43.741345],[7.424627,43.741362],[7.424641,43.741376]]]}},{"type":"Feature","properties":{"kind":"building","height":0.0,"levels":null,"name":null,"building":"yes","roof":null,"colour":null},"geometry":{"type":"Polygon","coordinates":[[[7.421118,43.741829],[7.421002,43.741867],[7.420969,43.741816],[7.420977,43.741814],[7.420924,43.74173],[7.420904,43.741735],[7.420834,43.741621],[7.420971,43.741583],[7.421097,43.741795],[7.421091,43.741796],[7.421097,43.741808],[7.421104,43.741806],[7.421118,43.741829]]]}},{"type":"Feature","properties":{"kind":"building","height":0.0,"levels":null,"name":"La Source","building":"yes","roof":null,"colour":null},"geometry":{"type":"Polygon","coordinates":[[[7.420403,43.739868],[7.420606,43.740023],[7.420555,43.740049],[7.420525,43.740027],[7.420485,43.740054],[7.420457,43.740035],[7.420443,43.740044],[7.420057,43.73975],[7.420115,43.739651],[7.420325,43.739808],[7.420318,43.739813],[7.420396,43.739872],[7.420403,43.739868]]]}},{"type":"Feature","properties":{"kind":"building","height":0.0,"levels":null,"name":null,"building":"yes","roof":null,"colour":null},"geometry":{"type":"Polygon","coordinates":[[[7.421097,43.742282],[7.421376,43.742409],[7.421359,43.742423],[7.421345,43.742437],[7.421333,43.742451],[7.421323,43.742466],[7.42131,43.742481],[7.421245,43.742538],[7.421242,43.742536],[7.42094,43.742399],[7.420956,43.742387],[7.420984,43.742357],[7.421097,43.742282]]]}},{"type":"Feature","properties":{"kind":"building","height":0.0,"levels":null,"name":null,"building":"yes","roof":null,"colour":null},"geometry":{"type":"Polygon","coordinates":[[[7.419264,43.740861],[7.419451,43.740891],[7.419526,43.740914],[7.41956,43.740926],[7.41938,43.741102],[7.419185,43.741012],[7.41922,43.740945],[7.419264,43.740861]]]}},{"type":"Feature","properties":{"kind":"building","height":0.0,"levels":null,"name":null,"building":"yes","roof":null,"colour":null},"geometry":{"type":"Polygon","coordinates":[[[7.425795,43.74221],[7.425816,43.742198],[7.425826,43.742208],[7.425793,43.742226],[7.425817,43.742252],[7.425891,43.742214],[7.425917,43.74224],[7.425804,43.742299],[7.425796,43.742292],[7.425773,43.742273],[7.425737,43.742243],[7.425786,43.742215],[7.425795,43.74221]]]}},{"type":"Feature","properties":{"kind":"building","height":0.0,"levels":null,"name":null,"building":"yes","roof":null,"colour":null},"geometry":{"type":"Polygon","coordinates":[[[7.421584,43.742727],[7.421544,43.742702],[7.421559,43.74269],[7.421549,43.742684],[7.421566,43.74267],[7.421572,43.742674],[7.42159,43.742659],[7.421626,43.742682],[7.421644,43.742667],[7.421712,43.742708],[7.421654,43.742759],[7.421591,43.742721],[7.421584,43.742727]]]}},{"type":"Feature","properties":{"kind":"building","height":0.0,"levels":null,"name":null,"building":"yes","roof":null,"colour":null},"geometry":{"type":"Polygon","coordinates":[[[7.425645,43.742378],[7.425673,43.74236],[7.425677,43.742362],[7.425708,43.74234],[7.42572,43.742351],[7.425793,43.742303],[7.425876,43.742374],[7.425756,43.742458],[7.425694,43.74241],[7.425689,43.742414],[7.425668,43.742428],[7.425627,43.742398],[7.425622,43.742393],[7.425645,43.742378]]]}},{"type":"Feature","properties":{"kind":"building","height":0.0,"levels":null,"name":null,"building":"yes","roof":null,"colour":null},"geometry":{"type":"Polygon","coordinates":[[[7.422648,43.742673],[7.422773,43.742607],[7.42281,43.742645],[7.422774,43.742665],[7.422826,43.742722],[7.422738,43.742773],[7.422729,43.742778],[7.422719,43.742763],[7.422734,43.742755],[7.422663,43.742687],[7.422649,43.742695],[7.422634,43.742684],[7.422639,43.742678],[7.422648,43.742673]]]}},{"type":"Feature","properties":{"kind":"building","height":0.0,"levels":null,"name":null,"building":"yes","roof":null,"colour":null},"geometry":{"type":"Polygon","coordinates":[[[7.4241465,43.7421237],[7.424181,43.7420969],[7.424264,43.742162],[7.424248,43.742186],[7.424246,43.742198],[7.424253,43.74223],[7.424262,43.742244],[7.4241385,43.7423307],[7.4240639,43.7422832],[7.4241348,43.7422342],[7.424069,43.7421846],[7.4241465,43.7421237]]]}},{"type":"Feature","properties":{"kind":"building","height":0.0,"levels":null,"name":null,"building":"yes","roof":null,"colour":null},"geometry":{"type":"Polygon","coordinates":[[[7.419333,43.740505],[7.419309,43.740497],[7.419328,43.740474],[7.419311,43.740466],[7.41937,43.740398],[7.419469,43.740442],[7.419476,43.740433],[7.419496,43.740441],[7.419484,43.740457],[7.419466,43.740449],[7.419412,43.740512],[7.419449,43.740528],[7.419433,43.740549],[7.419333,43.740505]]]}},{"type":"Feature","properties":{"kind":"building","height":0.0,"levels":null,"name":null,"building":"yes","roof":null,"colour":null},"geometry":{"type":"Polygon","coordinates":[[[7.423484,43.742089],[7.42341,43.742125],[7.423336,43.742038],[7.423314,43.742013],[7.423346,43.741998],[7.423339,43.741991],[7.423458,43.74194],[7.423547,43.742043],[7.4236026,43.742012],[7.4236442,43.7420539],[7.423526,43.742106],[7.423519,43.742099],[7.423501,43.74208],[7.423484,43.742089]]]}},{"type":"Feature","properties":{"kind":"building","height":0.0,"levels":null,"name":"Casa Devota","building":"yes","roof":null,"colour":null},"geometry":{"type":"Polygon","coordinates":[[[7.422618,43.743293],[7.422655,43.74327],[7.422672,43.743286],[7.422725,43.743244],[7.423034,43.743442],[7.422955,43.743512],[7.423014,43.743547],[7.422966,43.743591],[7.422857,43.743526],[7.422667,43.743413],[7.422543,43.743341],[7.422557,43.743332],[7.422594,43.743308],[7.422618,43.743293]]]}},{"type":"Feature","properties":{"kind":"building","height":0.0,"levels":null,"name":null,"building":"yes","roof":null,"colour":null},"geometry":{"type":"Polygon","coordinates":[[[7.422436,43.743434],[7.422395,43.74346],[7.422344,43.743493],[7.422265,43.743431],[7.42219,43.743482],[7.422171,43.743495],[7.422124,43.743455],[7.422309,43.743329],[7.422382,43.743383],[7.422431,43.743339],[7.422485,43.743362],[7.422454,43.743397],[7.42244,43.743438],[7.422436,43.743434]]]}},{"type":"Feature","properties":{"kind":"building","height":0.0,"levels":null,"name":null,"building":"yes","roof":null,"colour":null},"geometry":{"type":"Polygon","coordinates":[[[7.421443,43.742395],[7.421496,43.742378],[7.421512,43.742379],[7.421527,43.742381],[7.421541,43.742385],[7.421555,43.74239],[7.421567,43.742397],[7.421579,43.742404],[7.421588,43.742413],[7.421592,43.742417],[7.421627,43.742482],[7.421655,43.742531],[7.421527,43.742551],[7.421443,43.742395]]]}},{"type":"Feature","properties":{"kind":"building","height":12.8,"levels":"4","name":"Le Home","building":"apartments","roof":null,"colour":null},"geometry":{"type":"Polygon","coordinates":[[[7.424762,43.742478],[7.424642,43.742371],[7.424644,43.742354],[7.424657,43.742339],[7.424788,43.742246],[7.424806,43.742242],[7.424825,43.74224],[7.424845,43.742241],[7.424861,43.742244],[7.424978,43.742334],[7.424859,43.742413],[7.424844,43.742402],[7.424823,43.742415],[7.424838,43.742427],[7.424762,43.742478]]]}},{"type":"Feature","properties":{"kind":"building","height":0.0,"levels":null,"name":null,"building":"yes","roof":null,"colour":null},"geometry":{"type":"Polygon","coordinates":[[[7.425361,43.74241],[7.425385,43.742428],[7.42539,43.742426],[7.425421,43.742449],[7.425336,43.742505],[7.425204,43.742399],[7.42525,43.742356],[7.425266,43.742369],[7.425276,43.742364],[7.425293,43.742377],[7.425286,43.742383],[7.425313,43.742404],[7.425322,43.742396],[7.425352,43.742418],[7.425361,43.74241]]]}},{"type":"Feature","properties":{"kind":"building","height":0.0,"levels":null,"name":null,"building":"yes","roof":null,"colour":null},"geometry":{"type":"Polygon","coordinates":[[[7.422856,43.742215],[7.422815,43.742079],[7.422882,43.742056],[7.422929,43.742126],[7.422905,43.742136],[7.422971,43.742234],[7.423017,43.742216],[7.423052,43.742269],[7.423025,43.74228],[7.422952,43.742308],[7.422959,43.742318],[7.422938,43.74233],[7.422913,43.742304],[7.422891,43.742278],[7.422856,43.742215]]]}},{"type":"Feature","properties":{"kind":"building","height":0.0,"levels":null,"name":null,"building":"yes","roof":null,"colour":null},"geometry":{"type":"Polygon","coordinates":[[[7.420815,43.742009],[7.420766,43.741977],[7.42072,43.741944],[7.420675,43.741911],[7.42073,43.741889],[7.420745,43.741906],[7.42087,43.741857],[7.42094,43.741947],[7.420872,43.741974],[7.420886,43.741994],[7.420856,43.742005],[7.420843,43.741986],[7.420825,43.741993],[7.420832,43.742002],[7.420815,43.742009]]]}},{"type":"Feature","properties":{"kind":"building","height":0.0,"levels":null,"name":null,"building":"yes","roof":null,"colour":null},"geometry":{"type":"Polygon","coordinates":[[[7.424966,43.743325],[7.424847,43.743418],[7.424826,43.743405],[7.424812,43.743395],[7.424843,43.743371],[7.424808,43.743349],[7.424778,43.743373],[7.424743,43.74335],[7.424776,43.743326],[7.424746,43.743306],[7.424715,43.743332],[7.424662,43.743298],[7.424801,43.743207],[7.424975,43.743318],[7.424966,43.743325]]]}},{"type":"Feature","properties":{"kind":"building","height":0.0,"levels":null,"name":null,"building":"yes","roof":null,"colour":null},"geometry":{"type":"Polygon","coordinates":[[[7.4267021,43.7432381],[7.4266393,43.7432862],[7.426619,43.743273],[7.426587,43.743298],[7.4266068,43.7433109],[7.4265794,43.7433316],[7.426521,43.743287],[7.426536,43.743276],[7.426509,43.743256],[7.426494,43.743266],[7.426439,43.743225],[7.426549,43.743144],[7.42658,43.743146],[7.426696,43.743232],[7.4267021,43.7432381]]]}},{"type":"Feature","properties":{"kind":"building","height":0.0,"levels":null,"name":null,"building":"yes","roof":null,"colour":null},"geometry":{"type":"Polygon","coordinates":[[[7.422012,43.742915],[7.422024,43.742904],[7.422048,43.742888],[7.422082,43.742913],[7.42207,43.742927],[7.422081,43.742933],[7.422097,43.742944],[7.422111,43.742958],[7.422056,43.743004],[7.422036,43.742992],[7.422027,43.742999],[7.422013,43.742991],[7.422007,43.742998],[7.421964,43.742974],[7.422012,43.742915]]]}},{"type":"Feature","properties":{"kind":"building","height":0.0,"levels":null,"name":null,"building":"yes","roof":null,"colour":null},"geometry":{"type":"Polygon","coordinates":[[[7.421496,43.742083],[7.421484,43.742097],[7.42144,43.742064],[7.421442,43.742054],[7.421411,43.742029],[7.421417,43.74202],[7.421429,43.742029],[7.421448,43.742016],[7.421465,43.742029],[7.421478,43.742019],[7.421499,43.742035],[7.421508,43.742029],[7.42153,43.742046],[7.421487,43.742075],[7.421496,43.742083]]]}},{"type":"Feature","properties":{"kind":"building","height":0.0,"levels":null,"name":null,"building":"yes","roof":null,"colour":null},"geometry":{"type":"Polygon","coordinates":[[[7.423429,43.742496],[7.423519,43.742444],[7.423643,43.742546],[7.423562,43.742596],[7.423545,43.742605],[7.42353,43.742593],[7.423546,43.742583],[7.423513,43.742556],[7.423495,43.742565],[7.423476,43.74255],[7.423494,43.742539],[7.423452,43.742504],[7.423433,43.742515],[7.42342,43.742502],[7.423429,43.742496]]]}},{"type":"Feature","properties":{"kind":"building","height":0.0,"levels":null,"name":null,"building":"yes","roof":null,"colour":null},"geometry":{"type":"Polygon","coordinates":[[[7.425838,43.742137],[7.425814,43.742105],[7.425837,43.742097],[7.425821,43.742073],[7.425813,43.742075],[7.425793,43.742048],[7.4258,43.742045],[7.425757,43.741988],[7.425845,43.741916],[7.425905,43.741981],[7.42591,43.741979],[7.425955,43.74204],[7.425948,43.742043],[7.425989,43.742116],[7.425874,43.742169],[7.425838,43.742137]]]}},{"type":"Feature","properties":{"kind":"building","height":0.0,"levels":null,"name":null,"building":"yes","roof":null,"colour":null},"geometry":{"type":"Polygon","coordinates":[[[7.420347,43.742579],[7.420343,43.742578],[7.420224,43.742553],[7.420231,43.742534],[7.42012,43.742511],[7.420126,43.742496],[7.420118,43.742495],[7.420129,43.742468],[7.420135,43.742469],[7.420147,43.742472],[7.420188,43.74248],[7.420194,43.742463],[7.420346,43.742493],[7.420331,43.742531],[7.420363,43.742538],[7.420347,43.742579]]]}},{"type":"Feature","properties":{"kind":"building","height":0.0,"levels":null,"name":null,"building":"yes","roof":null,"colour":null},"geometry":{"type":"Polygon","coordinates":[[[7.424554,43.742701],[7.424572,43.742713],[7.424603,43.742734],[7.424655,43.742769],[7.424646,43.742777],[7.424573,43.742838],[7.424573,43.742844],[7.424539,43.742871],[7.424491,43.742909],[7.424405,43.742854],[7.424414,43.742845],[7.424377,43.742822],[7.42437,43.742828],[7.424304,43.742787],[7.424479,43.74265],[7.424554,43.742701]]]}},{"type":"Feature","properties":{"kind":"building","height":0.0,"levels":null,"name":null,"building":"yes","roof":null,"colour":null},"geometry":{"type":"Polygon","coordinates":[[[7.418706,43.739755],[7.418522,43.739758],[7.418487,43.739604],[7.418821,43.739561],[7.418873,43.739586],[7.418924,43.739696],[7.418926,43.739703],[7.418925,43.739711],[7.418922,43.739718],[7.418917,43.739725],[7.418911,43.739731],[7.418902,43.739736],[7.418893,43.73974],[7.418887,43.739742],[7.418822,43.739749],[7.418706,43.739755]]]}},{"type":"Feature","properties":{"kind":"building","height":0.0,"levels":null,"name":null,"building":"yes","roof":null,"colour":null},"geometry":{"type":"Polygon","coordinates":[[[7.421663,43.741494],[7.421631,43.741515],[7.421573,43.741552],[7.421566,43.741547],[7.421502,43.741483],[7.421506,43.74148],[7.421571,43.741446],[7.421583,43.741435],[7.421593,43.741424],[7.421601,43.741411],[7.421607,43.741399],[7.421611,43.741385],[7.421648,43.741392],[7.421677,43.741389],[7.421745,43.74144],[7.421663,43.741494]]]}},{"type":"Feature","properties":{"kind":"building","height":0.0,"levels":null,"name":null,"building":"yes","roof":null,"colour":null},"geometry":{"type":"Polygon","coordinates":[[[7.425361,43.742645],[7.425411,43.742686],[7.425404,43.742706],[7.425356,43.742736],[7.425377,43.742754],[7.425324,43.742791],[7.425301,43.742771],[7.425234,43.742717],[7.42526,43.7427],[7.425237,43.742683],[7.425212,43.742699],[7.425133,43.742635],[7.425154,43.74262],[7.425131,43.742602],[7.425227,43.742537],[7.425361,43.742645]]]}},{"type":"Feature","properties":{"kind":"building","height":0.0,"levels":null,"name":null,"building":"yes","roof":null,"colour":null},"geometry":{"type":"Polygon","coordinates":[[[7.422054,43.74247],[7.422028,43.742472],[7.421895,43.742495],[7.421883,43.742478],[7.42187,43.742477],[7.421861,43.742471],[7.421849,43.742476],[7.42186,43.742489],[7.421813,43.742509],[7.421748,43.742427],[7.4218222,43.7423945],[7.421894,43.742363],[7.421969,43.742453],[7.421982,43.742447],[7.421955,43.742415],[7.421975,43.742372],[7.421997,43.742397],[7.422054,43.74247]]]}},{"type":"Feature","properties":{"kind":"building","height":0.0,"levels":null,"name":null,"building":"yes","roof":null,"colour":null},"geometry":{"type":"Polygon","coordinates":[[[7.422862,43.742552],[7.422948,43.742508],[7.422964,43.742525],[7.42291,43.742551],[7.422954,43.742596],[7.422962,43.742591],[7.422947,43.742576],[7.423019,43.742543],[7.423061,43.742577],[7.422955,43.742628],[7.422876,43.742666],[7.422859,43.74265],[7.42288,43.742639],[7.422832,43.742589],[7.422809,43.742599],[7.422796,43.742586],[7.422862,43.742552]]]}},{"type":"Feature","properties":{"kind":"building","height":0.0,"levels":null,"name":null,"building":"yes","roof":null,"colour":null},"geometry":{"type":"Polygon","coordinates":[[[7.420503,43.741483],[7.420509,43.741481],[7.42053,43.741512],[7.420541,43.741528],[7.42057,43.741517],[7.420614,43.74158],[7.420584,43.74159],[7.420594,43.741605],[7.420624,43.741594],[7.420648,43.741629],[7.420592,43.741638],[7.42059,43.741632],[7.420571,43.741635],[7.420573,43.741641],[7.420478,43.741656],[7.420389,43.741525],[7.420503,43.741483]]]}},{"type":"Feature","properties":{"kind":"building","height":0.0,"levels":null,"name":null,"building":"apartments","roof":null,"colour":null},"geometry":{"type":"Polygon","coordinates":[[[7.425152,43.743186],[7.42519,43.743161],[7.425157,43.743134],[7.425149,43.743136],[7.425117,43.743111],[7.42512,43.743104],[7.425107,43.743094],[7.425103,43.743096],[7.425098,43.743095],[7.425095,43.743091],[7.425065,43.743111],[7.425012,43.743068],[7.425161,43.74297],[7.425236,43.743034],[7.42534,43.743126],[7.425193,43.743221],[7.425152,43.743186]]]}},{"type":"Feature","properties":{"kind":"building","height":0.0,"levels":null,"name":null,"building":"yes","roof":null,"colour":null},"geometry":{"type":"Polygon","coordinates":[[[7.424075,43.742927],[7.424093,43.74294],[7.42411,43.74295],[7.424103,43.742956],[7.424408,43.743146],[7.424401,43.743152],[7.424284,43.743251],[7.424227,43.743217],[7.424259,43.74319],[7.42421,43.743158],[7.424213,43.743152],[7.424031,43.743041],[7.424007,43.743061],[7.42393,43.743002],[7.42398,43.74296],[7.42395,43.742939],[7.423978,43.742916],[7.424075,43.742927]]]}},{"type":"Feature","properties":{"kind":"building","height":0.0,"levels":null,"name":null,"building":"yes","roof":null,"colour":null},"geometry":{"type":"Polygon","coordinates":[[[7.426628,43.743067],[7.426557,43.743015],[7.426631,43.742961],[7.426706,43.742908],[7.426721,43.74294],[7.426779,43.743024],[7.426782,43.743039],[7.426781,43.743054],[7.426776,43.743068],[7.426766,43.743082],[7.426754,43.743091],[7.426739,43.743098],[7.426722,43.743101],[7.426704,43.743102],[7.426687,43.7431],[7.426672,43.743096],[7.426641,43.743076],[7.426628,43.743067]]]}},{"type":"Feature","properties":{"kind":"building","height":0.0,"levels":null,"name":null,"building":"yes","roof":null,"colour":null},"geometry":{"type":"Polygon","coordinates":[[[7.423107,43.743652],[7.423117,43.743626],[7.423084,43.743618],[7.423078,43.743597],[7.423093,43.743583],[7.423111,43.743562],[7.423125,43.74354],[7.423152,43.74352],[7.423131,43.743504],[7.423232,43.74343],[7.423235,43.743428],[7.423299,43.743455],[7.423276,43.743473],[7.42337,43.74351],[7.423382,43.743515],[7.423363,43.743531],[7.423189,43.743673],[7.423107,43.743652]]]}},{"type":"Feature","properties":{"kind":"building","height":0.0,"levels":null,"name":null,"building":"yes","roof":null,"colour":null},"geometry":{"type":"Polygon","coordinates":[[[7.422874,43.743212],[7.422884,43.743211],[7.42289,43.743212],[7.422901,43.743217],[7.422909,43.743223],[7.42291,43.743226],[7.422909,43.743234],[7.422905,43.743241],[7.422898,43.743246],[7.422888,43.743249],[7.422877,43.743249],[7.422868,43.743246],[7.422866,43.743244],[7.4228574,43.7432326],[7.422859,43.743223],[7.422865,43.743216],[7.422874,43.743212]]]}},{"type":"Feature","properties":{"kind":"building","height":0.0,"levels":null,"name":null,"building":"yes","roof":null,"colour":null},"geometry":{"type":"Polygon","coordinates":[[[7.421461,43.741247],[7.421547,43.741286],[7.421503,43.741306],[7.421518,43.741323],[7.421582,43.741293],[7.421591,43.741323],[7.421581,43.741398],[7.421573,43.741412],[7.421533,43.741434],[7.421523,43.741433],[7.421513,43.741427],[7.4215,43.741429],[7.421483,43.741412],[7.421453,43.741423],[7.421396,43.741445],[7.421297,43.741313],[7.421414,43.741266],[7.421461,43.741247]]]}},{"type":"Feature","properties":{"kind":"building","height":0.0,"levels":null,"name":null,"building":"yes","roof":null,"colour":null},"geometry":{"type":"Polygon","coordinates":[[[7.420005,43.741854],[7.419887,43.741898],[7.419864,43.741864],[7.419777,43.741894],[7.419721,43.741808],[7.419704,43.741814],[7.419676,43.741776],[7.419849,43.741708],[7.419883,43.741765],[7.419889,43.741777],[7.419929,43.741784],[7.420018,43.741755],[7.420029,43.741773],[7.42016,43.74173],[7.420188,43.741774],[7.420053,43.741817],[7.420044,43.741805],[7.419985,43.741826],[7.420005,43.741854]]]}},{"type":"Feature","properties":{"kind":"building","height":0.0,"levels":null,"name":null,"building":"yes","roof":null,"colour":null},"geometry":{"type":"Polygon","coordinates":[[[7.41928,43.741909],[7.419286,43.741934],[7.41928,43.741952],[7.41927,43.741965],[7.419243,43.741984],[7.419209,43.741992],[7.41918,43.741989],[7.419148,43.741977],[7.419129,43.74196],[7.419122,43.741945],[7.41912,43.741927],[7.419124,43.741913],[7.419136,43.741896],[7.419165,43.741878],[7.419192,43.741872],[7.419218,43.741873],[7.419245,43.74188],[7.419266,43.741892],[7.41928,43.741909]]]}},{"type":"Feature","properties":{"kind":"building","height":0.0,"levels":null,"name":null,"building":"yes","roof":null,"colour":null},"geometry":{"type":"Polygon","coordinates":[[[7.419178,43.741854],[7.419168,43.741867],[7.41914,43.741858],[7.41895,43.74179],[7.419063,43.741626],[7.419022,43.74161],[7.419235,43.741322],[7.419511,43.741425],[7.419454,43.741505],[7.419271,43.741437],[7.419249,43.741467],[7.419295,43.741486],[7.419281,43.741505],[7.419419,43.741559],[7.4193,43.741717],[7.419295,43.741716],[7.419213,43.741827],[7.419201,43.741823],[7.419178,43.741854]]]}},{"type":"Feature","properties":{"kind":"building","height":0.0,"levels":null,"name":"Palais Flora","building":"yes","roof":null,"colour":null},"geometry":{"type":"Polygon","coordinates":[[[7.4271589,43.7436795],[7.4270795,43.7437425],[7.4270588,43.7437431],[7.4269935,43.7437935],[7.426456,43.743423],[7.4265794,43.7433316],[7.4266068,43.7433109],[7.4266393,43.7432862],[7.4267021,43.7432381],[7.4267813,43.743292],[7.426822,43.7433188],[7.4267855,43.7433478],[7.4269244,43.7434393],[7.4268954,43.7434623],[7.4270531,43.7435661],[7.4270551,43.7435674],[7.4270484,43.7435727],[7.427025,43.7435913],[7.4271589,43.7436795]]]}},{"type":"Feature","properties":{"kind":"building","height":0.0,"levels":null,"name":null,"building":"yes","roof":null,"colour":null},"geometry":{"type":"Polygon","coordinates":[[[7.419366,43.739643],[7.419346,43.739615],[7.419263,43.739497],[7.419372,43.739461],[7.419458,43.739429],[7.419462,43.739434],[7.419482,43.739427],[7.419478,43.739422],[7.419481,43.73942],[7.419493,43.739436],[7.419547,43.739431],[7.419596,43.739413],[7.419629,43.739386],[7.419617,43.73937],[7.41962,43.739369],[7.419624,43.739374],[7.419646,43.739365],[7.419642,43.73936],[7.4197993,43.7393019],[7.419942,43.7393996],[7.4199094,43.7394473],[7.419366,43.739643]]]}},{"type":"Feature","properties":{"kind":"building","height":0.0,"levels":null,"name":null,"building":"yes","roof":null,"colour":null},"geometry":{"type":"Polygon","coordinates":[[[7.425112,43.74187],[7.42511,43.741895],[7.425106,43.7419],[7.425075,43.741915],[7.425076,43.74193],[7.425035,43.741954],[7.424835,43.741788],[7.425137,43.741597],[7.425155,43.741612],[7.425207,43.741656],[7.425185,43.741671],[7.425264,43.741736],[7.425219,43.741783],[7.425191,43.741798],[7.425192,43.741811],[7.425189,43.741813],[7.425178,43.741819],[7.425165,43.741822],[7.425151,43.741822],[7.425122,43.741799],[7.425068,43.741832],[7.425112,43.74187]]]}},{"type":"Feature","properties":{"kind":"building","height":0.0,"levels":null,"name":"Le Panoramique","building":"yes","roof":null,"colour":null},"geometry":{"type":"Polygon","coordinates":[[[7.420054,43.740488],[7.420056,43.740485],[7.420128,43.740407],[7.420139,43.740394],[7.420385,43.740536],[7.420426,43.740561],[7.420333,43.740647],[7.420449,43.740715],[7.420334,43.74082],[7.420308,43.740805],[7.420142,43.740955],[7.419999,43.740872],[7.420008,43.740863],[7.419914,43.740808],[7.419917,43.740785],[7.419822,43.740731],[7.419971,43.740575],[7.420007,43.740538],[7.420062,43.74057],[7.420003,43.740627],[7.420188,43.740734],[7.420303,43.740632],[7.420054,43.740488]]]}},{"type":"Feature","properties":{"kind":"building","height":0.0,"levels":null,"name":"Palais Josephine","building":"yes","roof":null,"colour":null},"geometry":{"type":"Polygon","coordinates":[[[7.426358,43.742985],[7.426465,43.743063],[7.426464,43.743108],[7.426401,43.743153],[7.426332,43.743203],[7.426351,43.743217],[7.426331,43.743232],[7.426311,43.743218],[7.426256,43.743257],[7.425601,43.742723],[7.425603,43.742679],[7.425682,43.742624],[7.425717,43.742652],[7.425773,43.742696],[7.425835,43.742656],[7.425872,43.742632],[7.426066,43.742773],[7.426096,43.742806],[7.426124,43.742841],[7.426134,43.742856],[7.426181,43.742896],[7.426211,43.742878],[7.426358,43.742985]]]}},{"type":"Feature","properties":{"kind":"building","height":0.0,"levels":null,"name":null,"building":"civic","roof":null,"colour":null},"geometry":{"type":"Polygon","coordinates":[[[7.425673,43.74343],[7.425689,43.743433],[7.425703,43.74344],[7.425715,43.743449],[7.425723,43.74346],[7.425727,43.743472],[7.425726,43.743476],[7.425721,43.743479],[7.425709,43.743474],[7.425689,43.743485],[7.425752,43.743542],[7.42558,43.743646],[7.425562,43.74363],[7.425422,43.743504],[7.425567,43.743418],[7.425603,43.74345],[7.425611,43.743446],[7.425619,43.743453],[7.425639,43.743443],[7.425654,43.743455],[7.425674,43.743443],[7.42567,43.743439],[7.42567,43.743434],[7.425673,43.74343]]]}},{"type":"Feature","properties":{"kind":"building","height":0.0,"levels":null,"name":null,"building":"yes","roof":null,"colour":null},"geometry":{"type":"Polygon","coordinates":[[[7.420097,43.743467],[7.420062,43.743444],[7.420046,43.743457],[7.41992,43.743366],[7.419845,43.743415],[7.419612,43.743272],[7.419637,43.743249],[7.419611,43.743231],[7.41961,43.743228],[7.419607,43.743216],[7.419608,43.743204],[7.419614,43.743193],[7.419623,43.743183],[7.419719,43.743108],[7.419823,43.743173],[7.41979,43.743203],[7.419832,43.74323],[7.419866,43.7432],[7.420045,43.743312],[7.420036,43.74332],[7.420064,43.743337],[7.420075,43.743329],[7.420144,43.743372],[7.420177,43.743392],[7.420097,43.743467]]]}},{"type":"Feature","properties":{"kind":"building","height":0.0,"levels":null,"name":null,"building":"yes","roof":null,"colour":null},"geometry":{"type":"Polygon","coordinates":[[[7.4233942,43.7415838],[7.423361,43.741603],[7.423343,43.741558],[7.423328,43.7415438],[7.423411,43.741498],[7.423438,43.7415],[7.423888,43.7419309],[7.4236495,43.7420591],[7.4236442,43.7420539],[7.4236026,43.742012],[7.4236908,43.7419664],[7.4236376,43.7419127],[7.4235575,43.7419542],[7.4235096,43.7419058],[7.4235846,43.741867],[7.4235243,43.7418062],[7.4234608,43.741839],[7.4234182,43.7417961],[7.423481,43.7417635],[7.423375,43.7416567],[7.423415,43.741636],[7.423409,43.741624],[7.423408,43.741611],[7.423411,43.741599],[7.4233942,43.7415838]]]}},{"type":"Feature","properties":{"kind":"building","height":0.0,"levels":null,"name":null,"building":"yes","roof":null,"colour":null},"geometry":{"type":"Polygon","coordinates":[[[7.420302,43.743596],[7.420097,43.743467],[7.420177,43.743392],[7.420204,43.74341],[7.420255,43.743441],[7.420279,43.743457],[7.42029,43.74345],[7.420308,43.743461],[7.420383,43.743507],[7.420394,43.743515],[7.420402,43.743507],[7.420443,43.743531],[7.420481,43.743565],[7.420476,43.743569],[7.420479,43.743586],[7.420476,43.7436],[7.42047,43.743613],[7.42046,43.743625],[7.420446,43.743635],[7.42043,43.743643],[7.420423,43.743645],[7.420405,43.74365],[7.420385,43.743651],[7.420366,43.743649],[7.420347,43.743645],[7.420331,43.743637],[7.420323,43.74363],[7.420311,43.743613],[7.420302,43.743596]]]}},{"type":"Feature","properties":{"kind":"building","height":0.0,"levels":null,"name":null,"building":"yes","roof":null,"colour":null},"geometry":{"type":"Polygon","coordinates":[[[7.421645,43.742041],[7.421592,43.742076],[7.421502,43.742136],[7.421494,43.742125],[7.421488,43.742113],[7.421485,43.742101],[7.421484,43.742097],[7.421496,43.742083],[7.421487,43.742075],[7.42153,43.742046],[7.421508,43.742029],[7.421499,43.742035],[7.421478,43.742019],[7.421465,43.742029],[7.421448,43.742016],[7.421429,43.742029],[7.421417,43.74202],[7.421395,43.742003],[7.421393,43.741999],[7.421478,43.741943],[7.42152,43.741972],[7.421555,43.741948],[7.421596,43.741978],[7.421588,43.741984],[7.421589,43.741993],[7.421599,43.742001],[7.421614,43.741991],[7.421632,43.742004],[7.421614,43.742018],[7.421645,43.742041]]]}},{"type":"Feature","properties":{"kind":"building","height":0.0,"levels":null,"name":null,"building":"yes","roof":null,"colour":null},"geometry":{"type":"Polygon","coordinates":[[[7.419713,43.739598],[7.419808,43.739564],[7.419775,43.739619],[7.419713,43.739598]]]}},{"type":"Feature","properties":{"kind":"building","height":0.0,"levels":null,"name":null,"building":"yes","roof":null,"colour":null},"geometry":{"type":"Polygon","coordinates":[[[7.419308,43.73988],[7.419372,43.739856],[7.419387,43.739878],[7.419308,43.73988]]]}},{"type":"Feature","properties":{"kind":"building","height":0.0,"levels":null,"name":null,"building":"yes","roof":null,"colour":null},"geometry":{"type":"Polygon","coordinates":[[[7.418634,43.738838],[7.418709,43.738757],[7.418817,43.738809],[7.4187277,43.7388244],[7.418634,43.738838]]]}},{"type":"Feature","properties":{"kind":"building","height":0.0,"levels":null,"name":null,"building":"yes","roof":null,"colour":null},"geometry":{"type":"Polygon","coordinates":[[[7.419387,43.739878],[7.419445,43.739856],[7.419459,43.739876],[7.419387,43.739878]]]}},{"type":"Feature","properties":{"kind":"building","height":0.0,"levels":null,"name":null,"building":"yes","roof":null,"colour":null},"geometry":{"type":"Polygon","coordinates":[[[7.419848,43.741148],[7.419728,43.741234],[7.419701,43.74122],[7.419675,43.741246],[7.419607,43.741211],[7.419645,43.741172],[7.41966,43.741158],[7.419633,43.741144],[7.419619,43.741158],[7.419591,43.741144],[7.419603,43.741132],[7.41957,43.741114],[7.419558,43.741127],[7.41952,43.741165],[7.419437,43.741122],[7.419467,43.741093],[7.419446,43.741081],[7.41959,43.740944],[7.419708,43.741004],[7.41981,43.741064],[7.419856,43.741097],[7.419819,43.741134],[7.419848,43.741148]]]}},{"type":"Feature","properties":{"kind":"building","height":0.0,"levels":null,"name":null,"building":"yes","roof":null,"colour":null},"geometry":{"type":"Polygon","coordinates":[[[7.42409,43.741968],[7.424079,43.741993],[7.42408,43.742006],[7.424085,43.742019],[7.424094,43.742031],[7.424114,43.742039],[7.424142,43.742044],[7.424156,43.74205],[7.424177,43.742067],[7.424182,43.742079],[7.424181,43.7420969],[7.4241465,43.7421237],[7.4240858,43.7420829],[7.4239378,43.7421979],[7.4238245,43.7421218],[7.4238421,43.7421081],[7.423824,43.742096],[7.423815,43.742096],[7.423806,43.742093],[7.423801,43.742088],[7.423798,43.742082],[7.4238,43.742075],[7.423806,43.74207],[7.423814,43.742067],[7.423824,43.742068],[7.423839,43.742072],[7.423897,43.742042],[7.423896,43.742034],[7.423899,43.742027],[7.423906,43.742021],[7.423916,43.742018],[7.423926,43.742017],[7.423938,43.74202],[7.424033,43.7419681],[7.4240489,43.7419833],[7.4240851,43.7419634],[7.42409,43.741968]]]}},{"type":"Feature","properties":{"kind":"building","height":0.0,"levels":null,"name":null,"building":"yes","roof":null,"colour":null},"geometry":{"type":"Polygon","coordinates":[[[7.420018,43.74034],[7.42004,43.740312],[7.42007,43.740324],[7.420048,43.740353],[7.420018,43.74034]]]}},{"type":"Feature","properties":{"kind":"building","height":0.0,"levels":null,"name":null,"building":"yes","roof":null,"colour":null},"geometry":{"type":"Polygon","coordinates":[[[7.422469,43.742782],[7.422525,43.742747],[7.422579,43.742789],[7.422529,43.742824],[7.422469,43.742782]]]}},{"type":"Feature","properties":{"kind":"building","height":0.0,"levels":null,"name":null,"building":"yes","roof":null,"colour":null},"geometry":{"type":"Polygon","coordinates":[[[7.4241276,43.7426759],[7.4239848,43.7425884],[7.4241331,43.7424523],[7.4242936,43.7425462],[7.4241276,43.7426759]]]}},{"type":"Feature","properties":{"kind":"building","height":0.0,"levels":null,"name":null,"building":"yes","roof":null,"colour":null},"geometry":{"type":"Polygon","coordinates":[[[7.420559,43.741501],[7.42057,43.741517],[7.420541,43.741528],[7.42053,43.741512],[7.420559,43.741501]]]}},{"type":"Feature","properties":{"kind":"building","height":0.0,"levels":null,"name":null,"building":"yes","roof":null,"colour":null},"geometry":{"type":"Polygon","coordinates":[[[7.423696,43.742747],[7.423632,43.742804],[7.423563,43.742763],[7.423632,43.742702],[7.423696,43.742747]]]}},{"type":"Feature","properties":{"kind":"building","height":0.0,"levels":null,"name":null,"building":"yes","roof":null,"colour":null},"geometry":{"type":"Polygon","coordinates":[[[7.420208,43.740114],[7.420168,43.740095],[7.420198,43.740049],[7.42024,43.74007],[7.420208,43.740114]]]}},{"type":"Feature","properties":{"kind":"building","height":0.0,"levels":null,"name":null,"building":"yes","roof":null,"colour":null},"geometry":{"type":"Polygon","coordinates":[[[7.423653,43.742492],[7.423581,43.742427],[7.423637,43.742396],[7.423708,43.742459],[7.423653,43.742492]]]}},{"type":"Feature","properties":{"kind":"building","height":0.0,"levels":null,"name":null,"building":"yes","roof":null,"colour":null},"geometry":{"type":"Polygon","coordinates":[[[7.419697,43.741414],[7.419673,43.741401],[7.419695,43.741378],[7.41972,43.741391],[7.419697,43.741414]]]}},{"type":"Feature","properties":{"kind":"building","height":0.0,"levels":null,"name":null,"building":"yes","roof":null,"colour":null},"geometry":{"type":"Polygon","coordinates":[[[7.423644,43.743632],[7.423578,43.743612],[7.423627,43.743605],[7.423648,43.743603],[7.423644,43.743632]]]}},{"type":"Feature","properties":{"kind":"building","height":0.0,"levels":null,"name":null,"building":"yes","roof":null,"colour":null},"geometry":{"type":"Polygon","coordinates":[[[7.426332,43.743203],[7.426401,43.743153],[7.42642,43.743167],[7.426351,43.743217],[7.426332,43.743203]]]}},{"type":"Feature","properties":{"kind":"building","height":0.0,"levels":null,"name":null,"building":"yes","roof":null,"colour":null},"geometry":{"type":"Polygon","coordinates":[[[7.419552,43.740417],[7.419563,43.740403],[7.419666,43.740448],[7.419653,43.740463],[7.419552,43.740417]]]}},{"type":"Feature","properties":{"kind":"building","height":0.0,"levels":null,"name":"La Balestrals","building":"yes","roof":null,"colour":null},"geometry":{"type":"Polygon","coordinates":[[[7.422352,43.742846],[7.422232,43.742756],[7.422322,43.7427],[7.422442,43.74279],[7.422352,43.742846]]]}},{"type":"Feature","properties":{"kind":"building","height":0.0,"levels":null,"name":null,"building":"yes","roof":null,"colour":null},"geometry":{"type":"Polygon","coordinates":[[[7.423887,43.742904],[7.423887,43.742917],[7.42387,43.742916],[7.42387,43.742902],[7.423887,43.742904]]]}},{"type":"Feature","properties":{"kind":"building","height":0.0,"levels":null,"name":null,"building":"yes","roof":null,"colour":null},"geometry":{"type":"Polygon","coordinates":[[[7.423203,43.742346],[7.423194,43.742338],[7.423239,43.742323],[7.423247,43.742331],[7.423203,43.742346]]]}},{"type":"Feature","properties":{"kind":"building","height":0.0,"levels":null,"name":null,"building":"yes","roof":null,"colour":null},"geometry":{"type":"Polygon","coordinates":[[[7.419404,43.742695],[7.419302,43.742639],[7.419433,43.742519],[7.419541,43.742572],[7.419404,43.742695]]]}},{"type":"Feature","properties":{"kind":"building","height":0.0,"levels":null,"name":null,"building":"yes","roof":null,"colour":null},"geometry":{"type":"Polygon","coordinates":[[[7.419562,43.741947],[7.419592,43.74199],[7.419578,43.741994],[7.419548,43.741951],[7.419562,43.741947]]]}},{"type":"Feature","properties":{"kind":"building","height":0.0,"levels":null,"name":null,"building":"yes","roof":null,"colour":null},"geometry":{"type":"Polygon","coordinates":[[[7.419766,43.741554],[7.419703,43.741503],[7.419773,43.741457],[7.419837,43.741508],[7.419766,43.741554]]]}},{"type":"Feature","properties":{"kind":"building","height":0.0,"levels":null,"name":null,"building":"yes","roof":null,"colour":null},"geometry":{"type":"Polygon","coordinates":[[[7.425589,43.742444],[7.425614,43.742463],[7.425564,43.742498],[7.425536,43.742479],[7.425589,43.742444]]]}},{"type":"Feature","properties":{"kind":"building","height":0.0,"levels":null,"name":null,"building":"apartments","roof":null,"colour":null},"geometry":{"type":"Polygon","coordinates":[[[7.4259468,43.7435119],[7.4258231,43.7434075],[7.4259357,43.7433379],[7.4260593,43.7434423],[7.4259468,43.7435119]]]}},{"type":"Feature","properties":{"kind":"building","height":0.0,"levels":null,"name":null,"building":"yes","roof":null,"colour":null},"geometry":{"type":"Polygon","coordinates":[[[7.420021,43.741321],[7.419916,43.741364],[7.419841,43.741265],[7.419936,43.7412],[7.420021,43.741321]]]}},{"type":"Feature","properties":{"kind":"building","height":0.0,"levels":null,"name":null,"building":"yes","roof":null,"colour":null},"geometry":{"type":"Polygon","coordinates":[[[7.420781,43.741853],[7.420742,43.741868],[7.420732,43.741855],[7.42077,43.741839],[7.420781,43.741853]]]}},{"type":"Feature","properties":{"kind":"building","height":0.0,"levels":null,"name":"Villa Victoire","building":"apartments","roof":"gabled","colour":null},"geometry":{"type":"Polygon","coordinates":[[[7.425645,43.743033],[7.425746,43.742965],[7.425881,43.743074],[7.425777,43.743142],[7.425645,43.743033]]]}},{"type":"Feature","properties":{"kind":"building","height":0.0,"levels":null,"name":null,"building":"yes","roof":null,"colour":null},"geometry":{"type":"Polygon","coordinates":[[[7.424284,43.743251],[7.424401,43.743152],[7.42458,43.743259],[7.424446,43.743347],[7.424284,43.743251]]]}},{"type":"Feature","properties":{"kind":"building","height":0.0,"levels":null,"name":null,"building":"yes","roof":null,"colour":null},"geometry":{"type":"Polygon","coordinates":[[[7.422289,43.742307],[7.422445,43.742237],[7.422539,43.742348],[7.422382,43.742418],[7.422289,43.742307]]]}},{"type":"Feature","properties":{"kind":"building","height":0.0,"levels":null,"name":null,"building":"yes","roof":null,"colour":null},"geometry":{"type":"Polygon","coordinates":[[[7.419675,43.741246],[7.419701,43.74122],[7.419728,43.741234],[7.419696,43.741257],[7.419675,43.741246]]]}},{"type":"Feature","properties":{"kind":"building","height":0.0,"levels":null,"name":null,"building":"yes","roof":null,"colour":null},"geometry":{"type":"Polygon","coordinates":[[[7.426391,43.742512],[7.426567,43.74264],[7.42643,43.742737],[7.426257,43.742609],[7.426391,43.742512]]]}},{"type":"Feature","properties":{"kind":"building","height":0.0,"levels":null,"name":null,"building":"yes","roof":null,"colour":null},"geometry":{"type":"Polygon","coordinates":[[[7.418823,43.739931],[7.418884,43.739929],[7.418889,43.73997],[7.418825,43.739972],[7.418823,43.739931]]]}},{"type":"Feature","properties":{"kind":"building","height":0.0,"levels":null,"name":null,"building":"yes","roof":null,"colour":null},"geometry":{"type":"Polygon","coordinates":[[[7.420546,43.741111],[7.420454,43.741177],[7.420341,43.741097],[7.420434,43.74103],[7.420546,43.741111]]]}},{"type":"Feature","properties":{"kind":"building","height":0.0,"levels":null,"name":null,"building":"yes","roof":null,"colour":null},"geometry":{"type":"Polygon","coordinates":[[[7.41918,43.742249],[7.41914,43.742211],[7.419261,43.742138],[7.41937,43.742242],[7.41918,43.742249]]]}},{"type":"Feature","properties":{"kind":"building","height":0.0,"levels":null,"name":"Le Soleil D'or","building":"yes","roof":null,"colour":null},"geometry":{"type":"Polygon","coordinates":[[[7.420014,43.740035],[7.419937,43.740146],[7.419775,43.740092],[7.419845,43.739978],[7.420014,43.740035]]]}},{"type":"Feature","properties":{"kind":"building","height":0.0,"levels":null,"name":null,"building":"yes","roof":null,"colour":null},"geometry":{"type":"Polygon","coordinates":[[[7.423695,43.742531],[7.423653,43.742492],[7.423708,43.742459],[7.423751,43.742496],[7.423695,43.742531]]]}},{"type":"Feature","properties":{"kind":"building","height":0.0,"levels":null,"name":null,"building":"yes","roof":null,"colour":null},"geometry":{"type":"Polygon","coordinates":[[[7.422118,43.741532],[7.422135,43.741521],[7.422183,43.741562],[7.422167,43.741572],[7.422118,43.741532]]]}},{"type":"Feature","properties":{"kind":"building","height":0.0,"levels":null,"name":null,"building":"yes","roof":null,"colour":null},"geometry":{"type":"Polygon","coordinates":[[[7.419665,43.741528],[7.419703,43.741503],[7.419766,43.741554],[7.419719,43.741574],[7.419665,43.741528]]]}},{"type":"Feature","properties":{"kind":"building","height":0.0,"levels":null,"name":null,"building":"yes","roof":null,"colour":null},"geometry":{"type":"Polygon","coordinates":[[[7.420242,43.742321],[7.420218,43.742333],[7.42019,43.742306],[7.420216,43.742292],[7.420242,43.742321]]]}},{"type":"Feature","properties":{"kind":"building","height":0.0,"levels":null,"name":null,"building":"yes","roof":null,"colour":null},"geometry":{"type":"Polygon","coordinates":[[[7.421402,43.742544],[7.421372,43.742573],[7.421324,43.742547],[7.421358,43.742518],[7.421402,43.742544]]]}},{"type":"Feature","properties":{"kind":"building","height":0.0,"levels":null,"name":null,"building":"apartments","roof":null,"colour":null},"geometry":{"type":"Polygon","coordinates":[[[7.4242936,43.7425462],[7.4244734,43.7424038],[7.4246055,43.7424891],[7.4244255,43.7426343],[7.4242936,43.7425462]]]}},{"type":"Feature","properties":{"kind":"building","height":0.0,"levels":null,"name":"Les Roses","building":"yes","roof":null,"colour":null},"geometry":{"type":"Polygon","coordinates":[[[7.421165,43.742849],[7.421248,43.742893],[7.421184,43.742951],[7.421104,43.742905],[7.421165,43.742849]]]}},{"type":"Feature","properties":{"kind":"building","height":0.0,"levels":null,"name":null,"building":"yes","roof":null,"colour":null},"geometry":{"type":"Polygon","coordinates":[[[7.422753,43.741612],[7.422896,43.741715],[7.42285,43.741741],[7.42271,43.741642],[7.422753,43.741612]]]}},{"type":"Feature","properties":{"kind":"building","height":0.0,"levels":null,"name":null,"building":"yes","roof":null,"colour":null},"geometry":{"type":"Polygon","coordinates":[[[7.420763,43.741112],[7.420681,43.741066],[7.42071,43.74104],[7.42079,43.741086],[7.420763,43.741112]]]}},{"type":"Feature","properties":{"kind":"building","height":0.0,"levels":null,"name":null,"building":"yes","roof":null,"colour":null},"geometry":{"type":"Polygon","coordinates":[[[7.424796,43.742976],[7.424698,43.743041],[7.424597,43.742976],[7.42468,43.7429],[7.424796,43.742976]]]}},{"type":"Feature","properties":{"kind":"building","height":12.8,"levels":"4","name":"VIlla \u00c9milie","building":"yes","roof":"gabled","colour":null},"geometry":{"type":"Polygon","coordinates":[[[7.423906,43.743372],[7.423826,43.743449],[7.423763,43.743413],[7.423846,43.743334],[7.423906,43.743372]]]}},{"type":"Feature","properties":{"kind":"building","height":0.0,"levels":null,"name":null,"building":"yes","roof":null,"colour":null},"geometry":{"type":"Polygon","coordinates":[[[7.423039,43.742052],[7.423092,43.742132],[7.423005,43.742163],[7.422951,43.742084],[7.423039,43.742052]]]}},{"type":"Feature","properties":{"kind":"building","height":0.0,"levels":null,"name":null,"building":"yes","roof":null,"colour":null},"geometry":{"type":"Polygon","coordinates":[[[7.422111,43.743302],[7.422067,43.743279],[7.422117,43.743229],[7.422161,43.743252],[7.422111,43.743302]]]}},{"type":"Feature","properties":{"kind":"building","height":0.0,"levels":null,"name":null,"building":"yes","roof":null,"colour":null},"geometry":{"type":"Polygon","coordinates":[[[7.419062,43.742384],[7.41907,43.742376],[7.419169,43.742429],[7.41916,43.742437],[7.419062,43.742384]]]}},{"type":"Feature","properties":{"kind":"building","height":0.0,"levels":null,"name":null,"building":"yes","roof":null,"colour":null},"geometry":{"type":"Polygon","coordinates":[[[7.419693,43.743091],[7.41959,43.743163],[7.419514,43.743104],[7.419614,43.743036],[7.419693,43.743091]]]}},{"type":"Feature","properties":{"kind":"building","height":0.0,"levels":null,"name":null,"building":"yes","roof":null,"colour":null},"geometry":{"type":"Polygon","coordinates":[[[7.422864,43.7427],[7.422915,43.742752],[7.422875,43.742775],[7.422826,43.742722],[7.422864,43.7427]]]}},{"type":"Feature","properties":{"kind":"building","height":0.0,"levels":null,"name":null,"building":"yes","roof":null,"colour":null},"geometry":{"type":"Polygon","coordinates":[[[7.4234182,43.7417961],[7.4234608,43.741839],[7.423429,43.741853],[7.423395,43.741811],[7.4234182,43.7417961]]]}},{"type":"Feature","properties":{"kind":"building","height":0.0,"levels":null,"name":"La Roseraie","building":"yes","roof":null,"colour":null},"geometry":{"type":"Polygon","coordinates":[[[7.420128,43.740407],[7.420056,43.740485],[7.419947,43.740433],[7.420014,43.740354],[7.420128,43.740407]]]}},{"type":"Feature","properties":{"kind":"building","height":0.0,"levels":null,"name":null,"building":"yes","roof":null,"colour":null},"geometry":{"type":"Polygon","coordinates":[[[7.425262,43.743518],[7.425183,43.743589],[7.425021,43.743482],[7.425105,43.743416],[7.425262,43.743518]]]}},{"type":"Feature","properties":{"kind":"building","height":0.0,"levels":null,"name":null,"building":"yes","roof":null,"colour":null},"geometry":{"type":"Polygon","coordinates":[[[7.42068,43.742362],[7.420565,43.742292],[7.420645,43.74222],[7.42076,43.742289],[7.42068,43.742362]]]}},{"type":"Feature","properties":{"kind":"building","height":0.0,"levels":null,"name":null,"building":"yes","roof":null,"colour":null},"geometry":{"type":"Polygon","coordinates":[[[7.418884,43.739929],[7.4189,43.739928],[7.418902,43.73997],[7.418889,43.73997],[7.418884,43.739929]]]}},{"type":"Feature","properties":{"kind":"building","height":0.0,"levels":null,"name":null,"building":"yes","roof":null,"colour":null},"geometry":{"type":"Polygon","coordinates":[[[7.421763,43.741966],[7.421701,43.742004],[7.421637,43.741955],[7.421704,43.741914],[7.421763,43.741966]]]}},{"type":"Feature","properties":{"kind":"building","height":0.0,"levels":null,"name":null,"building":"yes","roof":null,"colour":null},"geometry":{"type":"Polygon","coordinates":[[[7.423501,43.742108],[7.423484,43.742089],[7.423501,43.74208],[7.423519,43.742099],[7.423501,43.742108]]]}},{"type":"Feature","properties":{"kind":"building","height":0.0,"levels":null,"name":null,"building":"yes","roof":null,"colour":null},"geometry":{"type":"Polygon","coordinates":[[[7.420926,43.741977],[7.420914,43.741967],[7.420928,43.741957],[7.420941,43.741967],[7.420926,43.741977]]]}},{"type":"Feature","properties":{"kind":"building","height":0.0,"levels":null,"name":null,"building":"yes","roof":null,"colour":null},"geometry":{"type":"Polygon","coordinates":[[[7.419619,43.741158],[7.419633,43.741144],[7.41966,43.741158],[7.419645,43.741172],[7.419619,43.741158]]]}},{"type":"Feature","properties":{"kind":"building","height":0.0,"levels":null,"name":null,"building":"yes","roof":null,"colour":null},"geometry":{"type":"Polygon","coordinates":[[[7.420274,43.743425],[7.420255,43.743441],[7.420204,43.74341],[7.420215,43.743403],[7.420274,43.743425]]]}},{"type":"Feature","properties":{"kind":"building","height":0.0,"levels":null,"name":null,"building":"yes","roof":null,"colour":null},"geometry":{"type":"Polygon","coordinates":[[[7.41896,43.740705],[7.419076,43.740492],[7.419195,43.740537],[7.419083,43.74074],[7.41896,43.740705]]]}},{"type":"Feature","properties":{"kind":"building","height":0.0,"levels":null,"name":null,"building":"yes","roof":null,"colour":null},"geometry":{"type":"Polygon","coordinates":[[[7.423344,43.742807],[7.423264,43.74287],[7.423186,43.742816],[7.423264,43.742753],[7.423344,43.742807]]]}},{"type":"Feature","properties":{"kind":"building","height":0.0,"levels":null,"name":null,"building":"apartments","roof":"gabled","colour":null},"geometry":{"type":"Polygon","coordinates":[[[7.425631,43.743234],[7.425512,43.743131],[7.425629,43.743057],[7.425753,43.743158],[7.425631,43.743234]]]}},{"type":"Feature","properties":{"kind":"building","height":0.0,"levels":null,"name":null,"building":"yes","roof":null,"colour":null},"geometry":{"type":"Polygon","coordinates":[[[7.419851,43.739693],[7.4199124,43.739586],[7.4200845,43.7396376],[7.420005,43.739776],[7.419851,43.739693]]]}},{"type":"Feature","properties":{"kind":"building","height":0.0,"levels":null,"name":null,"building":"yes","roof":null,"colour":null},"geometry":{"type":"Polygon","coordinates":[[[7.427224,43.743598],[7.427242,43.74358],[7.427304,43.743614],[7.427286,43.74363],[7.427224,43.743598]]]}},{"type":"Feature","properties":{"kind":"building","height":0.0,"levels":null,"name":null,"building":"yes","roof":null,"colour":null},"geometry":{"type":"Polygon","coordinates":[[[7.418895,43.741044],[7.418817,43.741124],[7.418802,43.741121],[7.418839,43.741026],[7.418895,43.741044]]]}},{"type":"Feature","properties":{"kind":"building","height":0.0,"levels":null,"name":null,"building":"yes","roof":null,"colour":null},"geometry":{"type":"Polygon","coordinates":[[[7.420575,43.739743],[7.420631,43.739708],[7.420688,43.73974],[7.420664,43.739763],[7.420575,43.739743]]]}},{"type":"Feature","properties":{"kind":"building","height":0.0,"levels":null,"name":null,"building":"yes","roof":null,"colour":null},"geometry":{"type":"Polygon","coordinates":[[[7.422429,43.743305],[7.422389,43.74329],[7.422407,43.743279],[7.422441,43.743292],[7.422429,43.743305]]]}},{"type":"Feature","properties":{"kind":"building","height":0.0,"levels":null,"name":"Les Lilas","building":"yes","roof":null,"colour":null},"geometry":{"type":"Polygon","coordinates":[[[7.419942,43.740187],[7.420002,43.740101],[7.420102,43.740137],[7.420043,43.740223],[7.419942,43.740187]]]}},{"type":"Feature","properties":{"kind":"building","height":0.0,"levels":null,"name":null,"building":"yes","roof":null,"colour":null},"geometry":{"type":"Polygon","coordinates":[[[7.419687,43.742208],[7.419664,43.742176],[7.419683,43.742168],[7.419717,43.742214],[7.419687,43.742208]]]}},{"type":"Feature","properties":{"kind":"building","height":0.0,"levels":null,"name":null,"building":"yes","roof":null,"colour":null},"geometry":{"type":"Polygon","coordinates":[[[7.419789,43.740478],[7.419768,43.740467],[7.419786,43.740446],[7.419808,43.740456],[7.419789,43.740478]]]}},{"type":"Feature","properties":{"kind":"building","height":0.0,"levels":null,"name":null,"building":"yes","roof":null,"colour":null},"geometry":{"type":"Polygon","coordinates":[[[7.422563,43.741787],[7.422506,43.741822],[7.422415,43.741748],[7.422475,43.741713],[7.422563,43.741787]]]}},{"type":"Feature","properties":{"kind":"building","height":0.0,"levels":null,"name":null,"building":"yes","roof":null,"colour":null},"geometry":{"type":"Polygon","coordinates":[[[7.420295,43.742243],[7.42037,43.74218],[7.420482,43.74225],[7.420407,43.742313],[7.420295,43.742243]]]}},{"type":"Feature","properties":{"kind":"building","height":0.0,"levels":null,"name":null,"building":"yes","roof":null,"colour":null},"geometry":{"type":"Polygon","coordinates":[[[7.420634,43.741089],[7.420662,43.741106],[7.420627,43.741133],[7.420602,43.741115],[7.420634,43.741089]]]}},{"type":"Feature","properties":{"kind":"building","height":0.0,"levels":null,"name":null,"building":"yes","roof":null,"colour":null},"geometry":{"type":"Polygon","coordinates":[[[7.42038,43.741759],[7.420419,43.741805],[7.420394,43.741814],[7.420357,43.741768],[7.42038,43.741759]]]}},{"type":"Feature","properties":{"kind":"building","height":0.0,"levels":null,"name":null,"building":"yes","roof":null,"colour":null},"geometry":{"type":"Polygon","coordinates":[[[7.422853,43.741659],[7.422873,43.741645],[7.422908,43.741668],[7.42289,43.741682],[7.422853,43.741659]]]}},{"type":"Feature","properties":{"kind":"building","height":0.0,"levels":null,"name":null,"building":"yes","roof":null,"colour":null},"geometry":{"type":"Polygon","coordinates":[[[7.420484,43.740127],[7.420445,43.740147],[7.420429,43.740131],[7.420468,43.740111],[7.420484,43.740127]]]}},{"type":"Feature","properties":{"kind":"building","height":0.0,"levels":null,"name":null,"building":"yes","roof":null,"colour":null},"geometry":{"type":"Polygon","coordinates":[[[7.423303,43.74208],[7.423335,43.742117],[7.423293,43.742135],[7.423261,43.742098],[7.423303,43.74208]]]}},{"type":"Feature","properties":{"kind":"building","height":0.0,"levels":null,"name":null,"building":"yes","roof":null,"colour":null},"geometry":{"type":"Polygon","coordinates":[[[7.422653,43.743092],[7.422618,43.743066],[7.422651,43.743036],[7.422689,43.743065],[7.422653,43.743092]]]}},{"type":"Feature","properties":{"kind":"building","height":0.0,"levels":null,"name":null,"building":"yes","roof":null,"colour":null},"geometry":{"type":"Polygon","coordinates":[[[7.423581,43.742427],[7.423511,43.742363],[7.423564,43.742333],[7.423637,43.742396],[7.423581,43.742427]]]}},{"type":"Feature","properties":{"kind":"building","height":0.0,"levels":null,"name":"Rosi Philippe","building":"yes","roof":null,"colour":null},"geometry":{"type":"Polygon","coordinates":[[[7.4262116,43.7433449],[7.4263502,43.743456],[7.426229,43.7435358],[7.4260904,43.7434219],[7.4262116,43.7433449]]]}},{"type":"Feature","properties":{"kind":"building","height":0.0,"levels":null,"name":null,"building":"yes","roof":null,"colour":null},"geometry":{"type":"Polygon","coordinates":[[[7.41992,43.741649],[7.419794,43.741699],[7.419736,43.741621],[7.419863,43.741572],[7.41992,43.741649]]]}},{"type":"Feature","properties":{"kind":"building","height":0.0,"levels":null,"name":null,"building":"yes","roof":null,"colour":null},"geometry":{"type":"Polygon","coordinates":[[[7.421141,43.741333],[7.421002,43.741382],[7.420938,43.741284],[7.421075,43.741236],[7.421141,43.741333]]]}},{"type":"Feature","properties":{"kind":"building","height":0.0,"levels":null,"name":null,"building":"yes","roof":null,"colour":null},"geometry":{"type":"Polygon","coordinates":[[[7.423696,43.742747],[7.423784,43.742804],[7.423726,43.742857],[7.423632,43.742804],[7.423696,43.742747]]]}},{"type":"Feature","properties":{"kind":"building","height":0.0,"levels":null,"name":null,"building":"yes","roof":null,"colour":null},"geometry":{"type":"Polygon","coordinates":[[[7.421401,43.742752],[7.421419,43.742736],[7.421432,43.742745],[7.421413,43.74276],[7.421401,43.742752]]]}},{"type":"Feature","properties":{"kind":"building","height":0.0,"levels":null,"name":null,"building":"yes","roof":null,"colour":null},"geometry":{"type":"Polygon","coordinates":[[[7.422792,43.741998],[7.422771,43.741926],[7.422814,43.741911],[7.422856,43.741974],[7.422792,43.741998]]]}},{"type":"Feature","properties":{"kind":"building","height":0.0,"levels":null,"name":null,"building":"yes","roof":null,"colour":null},"geometry":{"type":"Polygon","coordinates":[[[7.424695,43.743588],[7.424808,43.743653],[7.424734,43.743719],[7.424619,43.743655],[7.424695,43.743588]]]}},{"type":"Feature","properties":{"kind":"building","height":0.0,"levels":null,"name":null,"building":"yes","roof":null,"colour":null},"geometry":{"type":"Polygon","coordinates":[[[7.418865,43.740833],[7.418853,43.740901],[7.418473,43.740862],[7.418485,43.740793],[7.418865,43.740833]]]}},{"type":"Feature","properties":{"kind":"building","height":0.0,"levels":null,"name":null,"building":"yes","roof":null,"colour":null},"geometry":{"type":"Polygon","coordinates":[[[7.422232,43.742756],[7.422163,43.742707],[7.422241,43.742643],[7.422322,43.7427],[7.422232,43.742756]]]}},{"type":"Feature","properties":{"kind":"building","height":0.0,"levels":null,"name":null,"building":"yes","roof":null,"colour":null},"geometry":{"type":"Polygon","coordinates":[[[7.420962,43.74188],[7.420941,43.741853],[7.420969,43.741844],[7.420986,43.741872],[7.420962,43.74188]]]}},{"type":"Feature","properties":{"kind":"building","height":0.0,"levels":null,"name":null,"building":"yes","roof":null,"colour":null},"geometry":{"type":"Polygon","coordinates":[[[7.418994,43.740052],[7.418996,43.740076],[7.418904,43.74009],[7.418899,43.740051],[7.418994,43.740052]]]}},{"type":"Feature","properties":{"kind":"building","height":0.0,"levels":null,"name":null,"building":"yes","roof":null,"colour":null},"geometry":{"type":"Polygon","coordinates":[[[7.423274,43.742359],[7.423236,43.742381],[7.423203,43.742346],[7.423247,43.742331],[7.423274,43.742359]]]}},{"type":"Feature","properties":{"kind":"building","height":0.0,"levels":null,"name":null,"building":"yes","roof":null,"colour":null},"geometry":{"type":"Polygon","coordinates":[[[7.423135,43.741928],[7.423173,43.741985],[7.423048,43.742026],[7.423013,43.741969],[7.423135,43.741928]]]}},{"type":"Feature","properties":{"kind":"building","height":0.0,"levels":null,"name":null,"building":"yes","roof":null,"colour":null},"geometry":{"type":"Polygon","coordinates":[[[7.421844,43.742661],[7.421943,43.742713],[7.421809,43.742847],[7.42171,43.742795],[7.421844,43.742661]]]}},{"type":"Feature","properties":{"kind":"building","height":0.0,"levels":null,"name":null,"building":"yes","roof":null,"colour":null},"geometry":{"type":"Polygon","coordinates":[[[7.420974,43.742059],[7.42101,43.742023],[7.421067,43.742053],[7.421031,43.742089],[7.420974,43.742059]]]}},{"type":"Feature","properties":{"kind":"building","height":0.0,"levels":null,"name":null,"building":"yes","roof":null,"colour":null},"geometry":{"type":"Polygon","coordinates":[[[7.424695,43.743588],[7.424619,43.743655],[7.424498,43.743586],[7.424574,43.743517],[7.424695,43.743588]]]}},{"type":"Feature","properties":{"kind":"building","height":0.0,"levels":null,"name":null,"building":"yes","roof":null,"colour":null},"geometry":{"type":"Polygon","coordinates":[[[7.421347,43.741424],[7.421369,43.741455],[7.421302,43.741481],[7.42128,43.741448],[7.421347,43.741424]]]}},{"type":"Feature","properties":{"kind":"building","height":0.0,"levels":null,"name":null,"building":"yes","roof":null,"colour":null},"geometry":{"type":"Polygon","coordinates":[[[7.420065,43.742512],[7.420047,43.742519],[7.420034,43.742496],[7.420052,43.74249],[7.420065,43.742512]]]}},{"type":"Feature","properties":{"kind":"building","height":0.0,"levels":null,"name":null,"building":"yes","roof":null,"colour":null},"geometry":{"type":"Polygon","coordinates":[[[7.420449,43.741681],[7.420512,43.741672],[7.42053,43.741696],[7.420475,43.741718],[7.420449,43.741681]]]}},{"type":"Feature","properties":{"kind":"building","height":0.0,"levels":null,"name":null,"building":"yes","roof":null,"colour":null},"geometry":{"type":"Polygon","coordinates":[[[7.421025,43.741958],[7.420989,43.741923],[7.421011,43.741911],[7.421049,43.741945],[7.421025,43.741958]]]}},{"type":"Feature","properties":{"kind":"building","height":0.0,"levels":null,"name":null,"building":"yes","roof":null,"colour":null},"geometry":{"type":"Polygon","coordinates":[[[7.423853,43.742663],[7.423795,43.742617],[7.42385,43.742579],[7.423894,43.742617],[7.423853,43.742663]]]}},{"type":"Feature","properties":{"kind":"building","height":0.0,"levels":null,"name":null,"building":"yes","roof":null,"colour":null},"geometry":{"type":"Polygon","coordinates":[[[7.42648,43.743074],[7.42648,43.743097],[7.426464,43.743108],[7.426465,43.743063],[7.42648,43.743074]]]}},{"type":"Feature","properties":{"kind":"building","height":0.0,"levels":null,"name":null,"building":"yes","roof":null,"colour":null},"geometry":{"type":"Polygon","coordinates":[[[7.422625,43.742842],[7.422578,43.742872],[7.422528,43.742837],[7.422578,43.742806],[7.422625,43.742842]]]}},{"type":"Feature","properties":{"kind":"building","height":0.0,"levels":null,"name":null,"building":"yes","roof":null,"colour":null},"geometry":{"type":"Polygon","coordinates":[[[7.421515,43.741918],[7.421555,43.741948],[7.42152,43.741972],[7.421478,43.741943],[7.421515,43.741918]]]}},{"type":"Feature","properties":{"kind":"building","height":0.0,"levels":null,"name":null,"building":"yes","roof":null,"colour":null},"geometry":{"type":"Polygon","coordinates":[[[7.421726,43.742931],[7.421809,43.742847],[7.42185,43.742869],[7.421779,43.742959],[7.421726,43.742931]]]}},{"type":"Feature","properties":{"kind":"building","height":0.0,"levels":null,"name":null,"building":"yes","roof":null,"colour":null},"geometry":{"type":"Polygon","coordinates":[[[7.423725,43.742449],[7.423697,43.742423],[7.423748,43.742392],[7.423777,43.742418],[7.423725,43.742449]]]}},{"type":"Feature","properties":{"kind":"building","height":0.0,"levels":null,"name":null,"building":"yes","roof":null,"colour":null},"geometry":{"type":"Polygon","coordinates":[[[7.424971,43.742197],[7.4250171,43.7421189],[7.425162,43.7421939],[7.425078,43.742283],[7.424971,43.742197]]]}},{"type":"Feature","properties":{"kind":"building","height":0.0,"levels":null,"name":null,"building":"yes","roof":null,"colour":null},"geometry":{"type":"Polygon","coordinates":[[[7.420108,43.742087],[7.420179,43.742172],[7.420089,43.742213],[7.420015,43.74213],[7.420108,43.742087]]]}},{"type":"Feature","properties":{"kind":"building","height":0.0,"levels":null,"name":null,"building":"yes","roof":null,"colour":null},"geometry":{"type":"Polygon","coordinates":[[[7.423645,43.742181],[7.423596,43.74221],[7.423576,43.74219],[7.423627,43.742165],[7.423645,43.742181]]]}},{"type":"Feature","properties":{"kind":"building","height":0.0,"levels":null,"name":null,"building":"yes","roof":null,"colour":null},"geometry":{"type":"Polygon","coordinates":[[[7.420768,43.74007],[7.420794,43.740056],[7.420831,43.740095],[7.420803,43.740108],[7.420768,43.74007]]]}},{"type":"Feature","properties":{"kind":"building","height":0.0,"levels":null,"name":null,"building":"yes","roof":null,"colour":null},"geometry":{"type":"Polygon","coordinates":[[[7.422188,43.743031],[7.422153,43.743058],[7.422117,43.743035],[7.422163,43.743007],[7.422188,43.743031]]]}},{"type":"Feature","properties":{"kind":"building","height":0.0,"levels":null,"name":null,"building":"yes","roof":null,"colour":null},"geometry":{"type":"Polygon","coordinates":[[[7.41909,43.742178],[7.419049,43.742164],[7.419083,43.742109],[7.419125,43.742123],[7.41909,43.742178]]]}},{"type":"Feature","properties":{"kind":"building","height":0.0,"levels":null,"name":null,"building":"yes","roof":null,"colour":null},"geometry":{"type":"Polygon","coordinates":[[[7.419199,43.742572],[7.419138,43.742533],[7.419175,43.742504],[7.419236,43.742542],[7.419199,43.742572]]]}},{"type":"Feature","properties":{"kind":"building","height":0.0,"levels":null,"name":null,"building":"yes","roof":null,"colour":null},"geometry":{"type":"Polygon","coordinates":[[[7.418816,43.739797],[7.418816,43.739799],[7.418821,43.739886],[7.418546,43.739895],[7.41854,43.739805],[7.418816,43.739797]]]}},{"type":"Feature","properties":{"kind":"building","height":0.0,"levels":null,"name":null,"building":"yes","roof":null,"colour":null},"geometry":{"type":"Polygon","coordinates":[[[7.421353,43.741633],[7.421195,43.741685],[7.42112,43.741562],[7.421259,43.741531],[7.421353,43.741633]]]}},{"type":"Feature","properties":{"kind":"building","height":0.0,"levels":null,"name":"Villa Flore","building":"yes","roof":null,"colour":null},"geometry":{"type":"Polygon","coordinates":[[[7.421516,43.741168],[7.421265,43.740924],[7.421368,43.7408488],[7.421634,43.741103],[7.421516,43.741168]]]}},{"type":"Feature","properties":{"kind":"building","height":0.0,"levels":null,"name":null,"building":"yes","roof":null,"colour":null},"geometry":{"type":"Polygon","coordinates":[[[7.420064,43.741875],[7.420047,43.741852],[7.420104,43.741832],[7.420119,43.741854],[7.420064,43.741875]]]}},{"type":"Feature","properties":{"kind":"building","height":0.0,"levels":null,"name":null,"building":"yes","roof":null,"colour":null},"geometry":{"type":"Polygon","coordinates":[[[7.422213,43.742061],[7.422124,43.741973],[7.422202,43.741928],[7.422295,43.742016],[7.422213,43.742061]]]}},{"type":"Feature","properties":{"kind":"building","height":0.0,"levels":null,"name":null,"building":"yes","roof":null,"colour":null},"geometry":{"type":"Polygon","coordinates":[[[7.419874,43.742495],[7.419909,43.742489],[7.419913,43.742503],[7.419878,43.742509],[7.419874,43.742495]]]}},{"type":"Feature","properties":{"kind":"building","height":0.0,"levels":null,"name":null,"building":"yes","roof":null,"colour":null},"geometry":{"type":"Polygon","coordinates":[[[7.41916,43.742437],[7.419105,43.742491],[7.419006,43.742439],[7.419062,43.742384],[7.41916,43.742437]]]}},{"type":"Feature","properties":{"kind":"building","height":0.0,"levels":null,"name":"Villa Germaine","building":"yes","roof":null,"colour":null},"geometry":{"type":"Polygon","coordinates":[[[7.423186,43.743196],[7.423293,43.743264],[7.423183,43.743355],[7.423077,43.743289],[7.423186,43.743196]]]}},{"type":"Feature","properties":{"kind":"building","height":0.0,"levels":null,"name":null,"building":"yes","roof":null,"colour":null},"geometry":{"type":"Polygon","coordinates":[[[7.42394,43.742252],[7.424039,43.742324],[7.423965,43.742378],[7.423858,43.742301],[7.42394,43.742252]]]}},{"type":"Feature","properties":{"kind":"building","height":0.0,"levels":null,"name":null,"building":"apartments","roof":null,"colour":null},"geometry":{"type":"Polygon","coordinates":[[[7.4260782,43.7436264],[7.4259468,43.7435119],[7.4260593,43.7434423],[7.4261944,43.7435563],[7.4260782,43.7436264]]]}},{"type":"Feature","properties":{"kind":"building","height":0.0,"levels":null,"name":null,"building":"yes","roof":null,"colour":null},"geometry":{"type":"Polygon","coordinates":[[[7.419415,43.741111],[7.419446,43.741081],[7.419467,43.741093],[7.419437,43.741122],[7.419415,43.741111]]]}},{"type":"Feature","properties":{"kind":"building","height":0.0,"levels":null,"name":null,"building":"yes","roof":null,"colour":null},"geometry":{"type":"Polygon","coordinates":[[[7.419649,43.742583],[7.419608,43.742616],[7.419595,43.742606],[7.419634,43.742574],[7.419649,43.742583]]]}},{"type":"Feature","properties":{"kind":"building","height":0.0,"levels":null,"name":null,"building":"yes","roof":null,"colour":null},"geometry":{"type":"Polygon","coordinates":[[[7.422657,43.742546],[7.422672,43.742538],[7.422699,43.742563],[7.422683,43.742572],[7.422657,43.742546]]]}},{"type":"Feature","properties":{"kind":"building","height":0.0,"levels":null,"name":null,"building":"yes","roof":null,"colour":null},"geometry":{"type":"Polygon","coordinates":[[[7.419624,43.739374],[7.41962,43.739369],[7.419642,43.73936],[7.419646,43.739365],[7.419624,43.739374]]]}},{"type":"Feature","properties":{"kind":"building","height":0.0,"levels":null,"name":null,"building":"yes","roof":null,"colour":null},"geometry":{"type":"Polygon","coordinates":[[[7.420258,43.741582],[7.420358,43.74173],[7.420218,43.741776],[7.420111,43.741636],[7.420258,43.741582]]]}},{"type":"Feature","properties":{"kind":"building","height":0.0,"levels":null,"name":null,"building":"yes","roof":null,"colour":null},"geometry":{"type":"Polygon","coordinates":[[[7.424047,43.743486],[7.424084,43.743507],[7.424061,43.743522],[7.424013,43.743509],[7.424047,43.743486]]]}},{"type":"Feature","properties":{"kind":"building","height":0.0,"levels":null,"name":null,"building":"yes","roof":null,"colour":null},"geometry":{"type":"Polygon","coordinates":[[[7.418925,43.740442],[7.4189,43.740486],[7.418863,43.740476],[7.418886,43.740431],[7.418925,43.740442]]]}},{"type":"Feature","properties":{"kind":"building","height":0.0,"levels":null,"name":null,"building":"yes","roof":null,"colour":null},"geometry":{"type":"Polygon","coordinates":[[[7.423838,43.743552],[7.423896,43.743566],[7.423875,43.743607],[7.423816,43.743595],[7.423838,43.743552]]]}},{"type":"Feature","properties":{"kind":"building","height":0.0,"levels":null,"name":null,"building":"yes","roof":null,"colour":null},"geometry":{"type":"Polygon","coordinates":[[[7.420104,43.741832],[7.420126,43.741824],[7.420141,43.741845],[7.420119,43.741854],[7.420104,43.741832]]]}},{"type":"Feature","properties":{"kind":"building","height":0.0,"levels":null,"name":null,"building":"yes","roof":null,"colour":null},"geometry":{"type":"Polygon","coordinates":[[[7.422091,43.743052],[7.422054,43.743083],[7.422044,43.743077],[7.422069,43.743039],[7.422091,43.743052]]]}},{"type":"Feature","properties":{"kind":"building","height":0.0,"levels":null,"name":null,"building":"yes","roof":null,"colour":null},"geometry":{"type":"Polygon","coordinates":[[[7.420765,43.741591],[7.420665,43.741442],[7.420811,43.741391],[7.420914,43.74154],[7.420765,43.741591]]]}},{"type":"Feature","properties":{"kind":"building","height":0.0,"levels":null,"name":null,"building":"yes","roof":null,"colour":null},"geometry":{"type":"Polygon","coordinates":[[[7.423441,43.742323],[7.423496,43.742375],[7.423476,43.742387],[7.423418,43.742337],[7.423441,43.742323]]]}},{"type":"Feature","properties":{"kind":"building","height":0.0,"levels":null,"name":null,"building":"yes","roof":null,"colour":null},"geometry":{"type":"Polygon","coordinates":[[[7.421171,43.741323],[7.421209,43.74131],[7.421237,43.741349],[7.421198,43.741363],[7.421171,43.741323]]]}},{"type":"Feature","properties":{"kind":"building","height":0.0,"levels":null,"name":null,"building":"yes","roof":null,"colour":null},"geometry":{"type":"Polygon","coordinates":[[[7.421729,43.742435],[7.421748,43.742427],[7.421813,43.742509],[7.421794,43.742517],[7.421729,43.742435]]]}},{"type":"Feature","properties":{"kind":"building","height":0.0,"levels":null,"name":null,"building":"yes","roof":null,"colour":null},"geometry":{"type":"Polygon","coordinates":[[[7.420161,43.742006],[7.420134,43.742016],[7.420109,43.741984],[7.420136,43.741973],[7.420161,43.742006]]]}},{"type":"Feature","properties":{"kind":"building","height":0.0,"levels":null,"name":null,"building":"yes","roof":null,"colour":null},"geometry":{"type":"Polygon","coordinates":[[[7.420402,43.743507],[7.420414,43.743496],[7.420467,43.743528],[7.420443,43.743531],[7.420402,43.743507]]]}},{"type":"Feature","properties":{"kind":"building","height":0.0,"levels":null,"name":null,"building":"yes","roof":null,"colour":null},"geometry":{"type":"Polygon","coordinates":[[[7.421943,43.742713],[7.421974,43.742729],[7.42185,43.742869],[7.421809,43.742847],[7.421943,43.742713]]]}},{"type":"Feature","properties":{"kind":"building","height":0.0,"levels":null,"name":null,"building":"yes","roof":null,"colour":null},"geometry":{"type":"Polygon","coordinates":[[[7.423747,43.742464],[7.423725,43.742449],[7.423777,43.742418],[7.423794,43.742431],[7.423747,43.742464]]]}},{"type":"Feature","properties":{"kind":"building","height":0.0,"levels":null,"name":null,"building":"yes","roof":null,"colour":null},"geometry":{"type":"Polygon","coordinates":[[[7.420493,43.742506],[7.420543,43.74252],[7.420529,43.742555],[7.420479,43.742544],[7.420493,43.742506]]]}},{"type":"Feature","properties":{"kind":"building","height":0.0,"levels":null,"name":null,"building":"yes","roof":null,"colour":null},"geometry":{"type":"Polygon","coordinates":[[[7.419458,43.739429],[7.419478,43.739422],[7.419482,43.739427],[7.419462,43.739434],[7.419458,43.739429]]]}},{"type":"Feature","properties":{"kind":"building","height":0.0,"levels":null,"name":null,"building":"yes","roof":null,"colour":null},"geometry":{"type":"Polygon","coordinates":[[[7.42256,43.742883],[7.422539,43.742896],[7.422512,43.742876],[7.422532,43.742861],[7.42256,43.742883]]]}},{"type":"Feature","properties":{"kind":"building","height":0.0,"levels":null,"name":null,"building":"apartments","roof":"side_hipped","colour":null},"geometry":{"type":"Polygon","coordinates":[[[7.425766,43.743349],[7.425631,43.743234],[7.425753,43.743158],[7.425883,43.743265],[7.425766,43.743349]]]}},{"type":"Feature","properties":{"kind":"building","height":0.0,"levels":null,"name":null,"building":"yes","roof":null,"colour":null},"geometry":{"type":"Polygon","coordinates":[[[7.4213002,43.7402439],[7.4214198,43.7403499],[7.421324,43.740415],[7.421208,43.740307],[7.4213002,43.7402439]]]}},{"type":"Feature","properties":{"kind":"building","height":0.0,"levels":null,"name":null,"building":"yes","roof":null,"colour":null},"geometry":{"type":"Polygon","coordinates":[[[7.420614,43.74158],[7.420624,43.741594],[7.420594,43.741605],[7.420584,43.74159],[7.420614,43.74158]]]}},{"type":"Feature","properties":{"kind":"building","height":0.0,"levels":null,"name":null,"building":"yes","roof":null,"colour":null},"geometry":{"type":"Polygon","coordinates":[[[7.421188,43.742184],[7.421268,43.742131],[7.421362,43.74221],[7.421292,43.742266],[7.421188,43.742184]]]}},{"type":"Feature","properties":{"kind":"building","height":0.0,"levels":null,"name":null,"building":"yes","roof":null,"colour":null},"geometry":{"type":"Polygon","coordinates":[[[7.4242595,43.742764],[7.4241276,43.7426759],[7.4242936,43.7425462],[7.4244255,43.7426343],[7.4242595,43.742764]]]}},{"type":"Feature","properties":{"kind":"building","height":0.0,"levels":null,"name":null,"building":"yes","roof":null,"colour":null},"geometry":{"type":"Polygon","coordinates":[[[7.42224,43.74318],[7.422146,43.74311],[7.422188,43.743077],[7.422285,43.74315],[7.42224,43.74318]]]}},{"type":"Feature","properties":{"kind":"building","height":0.0,"levels":null,"name":"Villa Les Hirondelle","building":"yes","roof":null,"colour":null},"geometry":{"type":"Polygon","coordinates":[[[7.421297,43.742893],[7.42138,43.742941],[7.421305,43.743009],[7.421222,43.742961],[7.421297,43.742893]]]}},{"type":"Feature","properties":{"kind":"building","height":0.0,"levels":null,"name":null,"building":"yes","roof":null,"colour":null},"geometry":{"type":"Polygon","coordinates":[[[7.419001,43.74164],[7.419022,43.74161],[7.419063,43.741626],[7.419042,43.741656],[7.419001,43.74164]]]}},{"type":"Feature","properties":{"kind":"building","height":0.0,"levels":null,"name":null,"building":"yes","roof":null,"colour":null},"geometry":{"type":"Polygon","coordinates":[[[7.418925,43.740442],[7.418963,43.740454],[7.418938,43.740497],[7.4189,43.740486],[7.418925,43.740442]]]}},{"type":"Feature","properties":{"kind":"building","height":0.0,"levels":null,"name":null,"building":"yes","roof":null,"colour":null},"geometry":{"type":"Polygon","coordinates":[[[7.42171,43.742795],[7.421809,43.742847],[7.421726,43.742931],[7.421628,43.742878],[7.42171,43.742795]]]}},{"type":"Feature","properties":{"kind":"building","height":0.0,"levels":null,"name":null,"building":"yes","roof":null,"colour":null},"geometry":{"type":"Polygon","coordinates":[[[7.419334,43.740728],[7.419313,43.740752],[7.419248,43.740728],[7.419278,43.740703],[7.419334,43.740728]]]}},{"type":"Feature","properties":{"kind":"building","height":0.0,"levels":null,"name":null,"building":"yes","roof":null,"colour":null},"geometry":{"type":"Polygon","coordinates":[[[7.419802,43.743489],[7.419813,43.743482],[7.419853,43.743484],[7.419813,43.743512],[7.419802,43.743489]]]}},{"type":"Feature","properties":{"kind":"building","height":0.0,"levels":null,"name":null,"building":"yes","roof":null,"colour":null},"geometry":{"type":"Polygon","coordinates":[[[7.425585,43.742336],[7.425596,43.742344],[7.425586,43.742351],[7.425574,43.742343],[7.425585,43.742336]]]}},{"type":"Feature","properties":{"kind":"building","height":0.0,"levels":null,"name":null,"building":"yes","roof":null,"colour":null},"geometry":{"type":"Polygon","coordinates":[[[7.418874,43.740531],[7.418891,43.740502],[7.418915,43.740509],[7.418897,43.740539],[7.418874,43.740531]]]}},{"type":"Feature","properties":{"kind":"building","height":0.0,"levels":null,"name":null,"building":"yes","roof":null,"colour":null},"geometry":{"type":"Polygon","coordinates":[[[7.423795,43.742617],[7.423742,43.742574],[7.423801,43.742538],[7.42385,43.742579],[7.423795,43.742617]]]}},{"type":"Feature","properties":{"kind":"building","height":0.0,"levels":null,"name":null,"building":"yes","roof":null,"colour":null},"geometry":{"type":"Polygon","coordinates":[[[7.420879,43.740188],[7.420854,43.740162],[7.420882,43.740149],[7.420907,43.740176],[7.420879,43.740188]]]}},{"type":"Feature","properties":{"kind":"building","height":0.0,"levels":null,"name":null,"building":"yes","roof":null,"colour":null},"geometry":{"type":"Polygon","coordinates":[[[7.419255,43.740276],[7.419249,43.740301],[7.419204,43.740294],[7.419211,43.740271],[7.419255,43.740276]]]}},{"type":"Feature","properties":{"kind":"building","height":0.0,"levels":null,"name":null,"building":"yes","roof":null,"colour":null},"geometry":{"type":"Polygon","coordinates":[[[7.421926,43.742111],[7.421989,43.742069],[7.422011,43.742086],[7.421947,43.742128],[7.421926,43.742111]]]}},{"type":"Feature","properties":{"kind":"building","height":0.0,"levels":null,"name":null,"building":"yes","roof":null,"colour":null},"geometry":{"type":"Polygon","coordinates":[[[7.419558,43.741127],[7.41957,43.741114],[7.419603,43.741132],[7.419591,43.741144],[7.419558,43.741127]]]}},{"type":"Feature","properties":{"kind":"building","height":0.0,"levels":null,"name":null,"building":"yes","roof":null,"colour":null},"geometry":{"type":"Polygon","coordinates":[[[7.422085,43.743155],[7.422107,43.743139],[7.422134,43.743157],[7.42211,43.743173],[7.422085,43.743155]]]}},{"type":"Feature","properties":{"kind":"building","height":0.0,"levels":null,"name":null,"building":"yes","roof":null,"colour":null},"geometry":{"type":"Polygon","coordinates":[[[7.425667,43.742519],[7.425605,43.742561],[7.425554,43.742522],[7.425614,43.74248],[7.425667,43.742519]]]}},{"type":"Feature","properties":{"kind":"building","height":0.0,"levels":null,"name":null,"building":"yes","roof":null,"colour":null},"geometry":{"type":"Polygon","coordinates":[[[7.41879,43.740473],[7.41881,43.740439],[7.418872,43.740456],[7.418853,43.74049],[7.41879,43.740473]]]}},{"type":"Feature","properties":{"kind":"building","height":0.0,"levels":null,"name":null,"building":"yes","roof":null,"colour":null},"geometry":{"type":"Polygon","coordinates":[[[7.423244,43.742319],[7.423325,43.742285],[7.42334,43.7423],[7.423265,43.742342],[7.423244,43.742319]]]}},{"type":"Feature","properties":{"kind":"building","height":0.0,"levels":null,"name":"Les Cyclamens","building":"yes","roof":null,"colour":null},"geometry":{"type":"Polygon","coordinates":[[[7.418887,43.739502],[7.418641,43.739536],[7.418608,43.739412],[7.418805,43.739389],[7.418887,43.739502]]]}},{"type":"Feature","properties":{"kind":"building","height":0.0,"levels":null,"name":null,"building":"yes","roof":null,"colour":null},"geometry":{"type":"Polygon","coordinates":[[[7.421562,43.741797],[7.421456,43.741626],[7.421527,43.741603],[7.421622,43.741761],[7.421562,43.741797]]]}},{"type":"Feature","properties":{"kind":"building","height":0.0,"levels":null,"name":null,"building":"yes","roof":null,"colour":null},"geometry":{"type":"Polygon","coordinates":[[[7.422442,43.743255],[7.422424,43.743267],[7.422362,43.743251],[7.422402,43.743223],[7.422442,43.743255]]]}},{"type":"Feature","properties":{"kind":"building","height":0.0,"levels":null,"name":null,"building":"yes","roof":null,"colour":null},"geometry":{"type":"Polygon","coordinates":[[[7.427227,43.743394],[7.427356,43.743462],[7.427242,43.74358],[7.42711,43.74351],[7.427227,43.743394]]]}},{"type":"Feature","properties":{"kind":"building","height":0.0,"levels":null,"name":null,"building":"yes","roof":null,"colour":null},"geometry":{"type":"Polygon","coordinates":[[[7.419163,43.742788],[7.419143,43.742762],[7.419159,43.742747],[7.419187,43.742766],[7.419163,43.742788]]]}},{"type":"Feature","properties":{"kind":"building","height":0.0,"levels":null,"name":null,"building":"yes","roof":null,"colour":null},"geometry":{"type":"Polygon","coordinates":[[[7.419509,43.740258],[7.419553,43.740275],[7.419542,43.74029],[7.419497,43.740273],[7.419509,43.740258]]]}},{"type":"Feature","properties":{"kind":"building","height":0.0,"levels":null,"name":null,"building":"yes","roof":null,"colour":null},"geometry":{"type":"Polygon","coordinates":[[[7.420039,43.742461],[7.420017,43.742468],[7.419996,43.742436],[7.420019,43.742428],[7.420039,43.742461]]]}},{"type":"Feature","properties":{"kind":"building","height":0.0,"levels":null,"name":null,"building":"yes","roof":null,"colour":null},"geometry":{"type":"Polygon","coordinates":[[[7.423742,43.742574],[7.423695,43.742531],[7.423751,43.742496],[7.423801,43.742538],[7.423742,43.742574]]]}},{"type":"Feature","properties":{"kind":"building","height":0.0,"levels":null,"name":null,"building":"yes","roof":null,"colour":null},"geometry":{"type":"Polygon","coordinates":[[[7.423282,43.742478],[7.423262,43.742462],[7.423276,43.742453],[7.423295,43.742471],[7.423282,43.742478]]]}},{"type":"Feature","properties":{"kind":"building","height":0.0,"levels":null,"name":null,"building":"hotel","roof":null,"colour":null},"geometry":{"type":"Polygon","coordinates":[[[7.424864,43.742568],[7.424762,43.742478],[7.424838,43.742427],[7.424947,43.742517],[7.424864,43.742568]]]}},{"type":"Feature","properties":{"kind":"building","height":0.0,"levels":null,"name":"La Jeannette","building":"yes","roof":null,"colour":null},"geometry":{"type":"Polygon","coordinates":[[[7.423186,43.743196],[7.423077,43.743289],[7.422983,43.743229],[7.423093,43.743139],[7.423186,43.743196]]]}},{"type":"Feature","properties":{"kind":"building","height":0.0,"levels":null,"name":null,"building":"yes","roof":null,"colour":null},"geometry":{"type":"Polygon","coordinates":[[[7.423585,43.742328],[7.423635,43.742299],[7.42373,43.742378],[7.423681,43.742407],[7.423585,43.742328]]]}},{"type":"Feature","properties":{"kind":"building","height":0.0,"levels":null,"name":null,"building":"yes","roof":null,"colour":null},"geometry":{"type":"Polygon","coordinates":[[[7.422415,43.741748],[7.422394,43.74176],[7.422297,43.741681],[7.422315,43.741669],[7.422415,43.741748]]]}},{"type":"Feature","properties":{"kind":"building","height":0.0,"levels":null,"name":null,"building":"yes","roof":null,"colour":null},"geometry":{"type":"Polygon","coordinates":[[[7.422199,43.742342],[7.422182,43.742323],[7.422225,43.742303],[7.422242,43.742323],[7.422199,43.742342]]]}},{"type":"Feature","properties":{"kind":"building","height":0.0,"levels":null,"name":"Ma Coquille","building":"yes","roof":null,"colour":null},"geometry":{"type":"Polygon","coordinates":[[[7.423529,43.743465],[7.423462,43.74352],[7.423352,43.743449],[7.423418,43.743395],[7.4234695,43.7434275],[7.423529,43.743465]]]}},{"type":"Feature","properties":{"kind":"building","height":0.0,"levels":null,"name":null,"building":"yes","roof":null,"colour":null},"geometry":{"type":"Polygon","coordinates":[[[7.41992,43.742405],[7.419927,43.74243],[7.419832,43.742445],[7.419825,43.74242],[7.41992,43.742405]]]}},{"type":"Feature","properties":{"kind":"building","height":0.0,"levels":null,"name":null,"building":"yes","roof":null,"colour":null},"geometry":{"type":"Polygon","coordinates":[[[7.42718,43.743643],[7.4270484,43.7435727],[7.4270551,43.7435674],[7.4270531,43.7435661],[7.427086,43.743534],[7.427218,43.743604],[7.42718,43.743643]]]}},{"type":"Feature","properties":{"kind":"building","height":0.0,"levels":null,"name":null,"building":"yes","roof":null,"colour":null},"geometry":{"type":"Polygon","coordinates":[[[7.420549,43.740303],[7.420553,43.7403],[7.42061,43.740261],[7.420738,43.740399],[7.420701,43.740424],[7.420549,43.740303]]]}},{"type":"Feature","properties":{"kind":"building","height":0.0,"levels":null,"name":null,"building":"yes","roof":null,"colour":null},"geometry":{"type":"Polygon","coordinates":[[[7.425835,43.742656],[7.425773,43.742696],[7.425717,43.742652],[7.425756,43.742628],[7.425801,43.74263],[7.425835,43.742656]]]}},{"type":"Feature","properties":{"kind":"building","height":0.0,"levels":null,"name":null,"building":"yes","roof":null,"colour":null},"geometry":{"type":"Polygon","coordinates":[[[7.42497,43.742504],[7.424859,43.742413],[7.424978,43.742334],[7.425104,43.742438],[7.424982,43.742513],[7.42497,43.742504]]]}},{"type":"Feature","properties":{"kind":"building","height":0.0,"levels":null,"name":null,"building":"yes","roof":null,"colour":null},"geometry":{"type":"Polygon","coordinates":[[[7.424958,43.743536],[7.424894,43.743595],[7.424891,43.743598],[7.424728,43.743506],[7.424795,43.743437],[7.424958,43.743536]]]}},{"type":"Feature","properties":{"kind":"building","height":0.0,"levels":null,"name":"Villa Palma","building":"apartments","roof":"side_hipped","colour":null},"geometry":{"type":"Polygon","coordinates":[[[7.425883,43.743265],[7.425753,43.743158],[7.425777,43.743142],[7.425881,43.743074],[7.426006,43.743176],[7.425883,43.743265]]]}},{"type":"Feature","properties":{"kind":"building","height":0.0,"levels":null,"name":"Villa Moretta","building":"yes","roof":null,"colour":null},"geometry":{"type":"Polygon","coordinates":[[[7.420805,43.740835],[7.420931,43.740911],[7.420935,43.74094],[7.420806,43.741069],[7.420649,43.740977],[7.420805,43.740835]]]}},{"type":"Feature","properties":{"kind":"building","height":0.0,"levels":null,"name":null,"building":"yes","roof":null,"colour":null},"geometry":{"type":"Polygon","coordinates":[[[7.423309,43.741642],[7.423307,43.741655],[7.423275,43.741658],[7.42327,43.741618],[7.423301,43.741616],[7.423309,43.741642]]]}},{"type":"Feature","properties":{"kind":"building","height":0.0,"levels":null,"name":null,"building":"yes","roof":null,"colour":null},"geometry":{"type":"Polygon","coordinates":[[[7.424498,43.743586],[7.424483,43.743599],[7.424343,43.743521],[7.424442,43.743442],[7.424574,43.743517],[7.424498,43.743586]]]}},{"type":"Feature","properties":{"kind":"building","height":0.0,"levels":null,"name":null,"building":"yes","roof":null,"colour":null},"geometry":{"type":"Polygon","coordinates":[[[7.422576,43.743295],[7.422572,43.743293],[7.42253,43.743259],[7.422542,43.743252],[7.422587,43.743286],[7.422576,43.743295]]]}},{"type":"Feature","properties":{"kind":"building","height":0.0,"levels":null,"name":null,"building":"yes","roof":null,"colour":null},"geometry":{"type":"Polygon","coordinates":[[[7.422486,43.741835],[7.42242,43.741876],[7.422413,43.74188],[7.42232,43.741804],[7.422394,43.74176],[7.422486,43.741835]]]}},{"type":"Feature","properties":{"kind":"building","height":0.0,"levels":null,"name":null,"building":"yes","roof":null,"colour":null},"geometry":{"type":"Polygon","coordinates":[[[7.4260904,43.7434219],[7.426079,43.7434311],[7.4259442,43.7433228],[7.4260768,43.7432366],[7.4262116,43.7433449],[7.4260904,43.7434219]]]}},{"type":"Feature","properties":{"kind":"building","height":0.0,"levels":null,"name":"Villa Brigitte","building":"yes","roof":null,"colour":null},"geometry":{"type":"Polygon","coordinates":[[[7.421656,43.742286],[7.421814,43.742183],[7.421855,43.74223],[7.421896,43.74228],[7.421718,43.742359],[7.421656,43.742286]]]}},{"type":"Feature","properties":{"kind":"building","height":0.0,"levels":null,"name":"La Dominante","building":"yes","roof":null,"colour":null},"geometry":{"type":"Polygon","coordinates":[[[7.419588,43.740066],[7.419603,43.74004],[7.419659,43.739947],[7.419802,43.739992],[7.419732,43.740109],[7.419588,43.740066]]]}},{"type":"Feature","properties":{"kind":"building","height":0.0,"levels":null,"name":null,"building":"yes","roof":null,"colour":null},"geometry":{"type":"Polygon","coordinates":[[[7.419524,43.74276],[7.419557,43.742733],[7.419596,43.742701],[7.419699,43.742765],[7.419627,43.742823],[7.419524,43.74276]]]}},{"type":"Feature","properties":{"kind":"building","height":0.0,"levels":null,"name":null,"building":"yes","roof":null,"colour":null},"geometry":{"type":"Polygon","coordinates":[[[7.423382,43.743515],[7.42337,43.74351],[7.423393,43.743493],[7.42345,43.74353],[7.42344,43.743538],[7.423382,43.743515]]]}},{"type":"Feature","properties":{"kind":"building","height":0.0,"levels":null,"name":null,"building":"yes","roof":null,"colour":null},"geometry":{"type":"Polygon","coordinates":[[[7.423544,43.742315],[7.423552,43.742323],[7.423564,43.742333],[7.423511,43.742363],[7.423491,43.742346],[7.423544,43.742315]]]}},{"type":"Feature","properties":{"kind":"building","height":0.0,"levels":null,"name":null,"building":"yes","roof":null,"colour":null},"geometry":{"type":"Polygon","coordinates":[[[7.418626,43.741001],[7.418637,43.740997],[7.418733,43.74102],[7.418715,43.741068],[7.418588,43.74104],[7.418626,43.741001]]]}},{"type":"Feature","properties":{"kind":"building","height":0.0,"levels":null,"name":"La Clochette","building":"yes","roof":null,"colour":null},"geometry":{"type":"Polygon","coordinates":[[[7.419259,43.739962],[7.419311,43.73996],[7.419316,43.740038],[7.419228,43.74004],[7.419223,43.739963],[7.419259,43.739962]]]}},{"type":"Feature","properties":{"kind":"building","height":0.0,"levels":null,"name":null,"building":"yes","roof":null,"colour":null},"geometry":{"type":"Polygon","coordinates":[[[7.420683,43.742629],[7.420643,43.742669],[7.420639,43.742672],[7.420619,43.742662],[7.420663,43.742618],[7.420683,43.742629]]]}},{"type":"Feature","properties":{"kind":"building","height":0.0,"levels":null,"name":null,"building":"yes","roof":null,"colour":null},"geometry":{"type":"Polygon","coordinates":[[[7.42064,43.74024],[7.420647,43.740235],[7.420743,43.740169],[7.420869,43.740309],[7.420768,43.740378],[7.42064,43.74024]]]}},{"type":"Feature","properties":{"kind":"building","height":0.0,"levels":null,"name":null,"building":"yes","roof":null,"colour":null},"geometry":{"type":"Polygon","coordinates":[[[7.420691,43.741753],[7.420591,43.741792],[7.42058,43.741797],[7.420528,43.741726],[7.420638,43.741682],[7.420691,43.741753]]]}},{"type":"Feature","properties":{"kind":"building","height":0.0,"levels":null,"name":null,"building":"yes","roof":null,"colour":null},"geometry":{"type":"Polygon","coordinates":[[[7.424698,43.743041],[7.424796,43.742976],[7.424849,43.742941],[7.42495,43.743016],[7.424806,43.74311],[7.424698,43.743041]]]}},{"type":"Feature","properties":{"kind":"building","height":0.0,"levels":null,"name":null,"building":"yes","roof":null,"colour":null},"geometry":{"type":"Polygon","coordinates":[[[7.421596,43.741978],[7.421614,43.741991],[7.421599,43.742001],[7.421589,43.741993],[7.421588,43.741984],[7.421596,43.741978]]]}},{"type":"Feature","properties":{"kind":"building","height":0.0,"levels":null,"name":null,"building":"yes","roof":null,"colour":null},"geometry":{"type":"Polygon","coordinates":[[[7.420308,43.743461],[7.420327,43.743448],[7.42037,43.743469],[7.4204,43.743492],[7.420383,43.743507],[7.420308,43.743461]]]}},{"type":"Feature","properties":{"kind":"building","height":0.0,"levels":null,"name":null,"building":"yes","roof":null,"colour":null},"geometry":{"type":"Polygon","coordinates":[[[7.420907,43.740176],[7.421094,43.740096],[7.421223,43.740209],[7.421066,43.740318],[7.421041,43.740319],[7.420907,43.740176]]]}},{"type":"Feature","properties":{"kind":"building","height":0.0,"levels":null,"name":null,"building":"apartments","roof":"gabled","colour":null},"geometry":{"type":"Polygon","coordinates":[[[7.425517,43.74293],[7.425619,43.742861],[7.425746,43.742965],[7.425645,43.743033],[7.425642,43.743035],[7.425517,43.74293]]]}},{"type":"Feature","properties":{"kind":"building","height":0.0,"levels":null,"name":null,"building":"yes","roof":null,"colour":null},"geometry":{"type":"Polygon","coordinates":[[[7.420587,43.742093],[7.420645,43.742136],[7.42059,43.742183],[7.42055,43.742145],[7.420583,43.742117],[7.420587,43.742093]]]}},{"type":"Feature","properties":{"kind":"building","height":0.0,"levels":null,"name":null,"building":"yes","roof":null,"colour":null},"geometry":{"type":"Polygon","coordinates":[[[7.420517,43.741264],[7.420504,43.741268],[7.420486,43.741275],[7.420457,43.741241],[7.420478,43.741234],[7.420517,43.741264]]]}},{"type":"Feature","properties":{"kind":"building","height":0.0,"levels":null,"name":null,"building":"yes","roof":null,"colour":null},"geometry":{"type":"Polygon","coordinates":[[[7.423235,43.74208],[7.423237,43.742085],[7.423112,43.742125],[7.42308,43.742076],[7.423201,43.742028],[7.423235,43.74208]]]}},{"type":"Feature","properties":{"kind":"building","height":0.0,"levels":null,"name":"Salles des f\u00eates","building":"yes","roof":null,"colour":null},"geometry":{"type":"Polygon","coordinates":[[[7.420603,43.740518],[7.420638,43.740494],[7.420839,43.740353],[7.421094,43.740554],[7.420894,43.740696],[7.420603,43.740518]]]}},{"type":"Feature","properties":{"kind":"building","height":0.0,"levels":null,"name":null,"building":"apartments","roof":"gabled","colour":null},"geometry":{"type":"Polygon","coordinates":[[[7.425495,43.742945],[7.425621,43.743049],[7.425629,43.743057],[7.425512,43.743131],[7.425383,43.743021],[7.425495,43.742945]]]}},{"type":"Feature","properties":{"kind":"building","height":0.0,"levels":null,"name":null,"building":"yes","roof":null,"colour":null},"geometry":{"type":"Polygon","coordinates":[[[7.42232,43.743508],[7.422273,43.743539],[7.42227,43.743541],[7.422207,43.743495],[7.422261,43.743461],[7.42232,43.743508]]]}},{"type":"Feature","properties":{"kind":"building","height":0.0,"levels":null,"name":"L'Envieuse","building":"yes","roof":null,"colour":null},"geometry":{"type":"Polygon","coordinates":[[[7.422217,43.741862],[7.422265,43.741831],[7.422275,43.741824],[7.422372,43.741904],[7.422305,43.741943],[7.422217,43.741862]]]}},{"type":"Feature","properties":{"kind":"building","height":0.0,"levels":null,"name":null,"building":"yes","roof":null,"colour":null},"geometry":{"type":"Polygon","coordinates":[[[7.419204,43.742382],[7.419229,43.742392],[7.4192,43.742422],[7.419162,43.742403],[7.419187,43.742377],[7.419204,43.742382]]]}},{"type":"Feature","properties":{"kind":"building","height":0.0,"levels":null,"name":null,"building":"yes","roof":null,"colour":null},"geometry":{"type":"Polygon","coordinates":[[[7.420454,43.741177],[7.420546,43.741111],[7.420661,43.741194],[7.420608,43.741232],[7.420556,43.74125],[7.420454,43.741177]]]}},{"type":"Feature","properties":{"kind":"building","height":0.0,"levels":null,"name":null,"building":"yes","roof":null,"colour":null},"geometry":{"type":"Polygon","coordinates":[[[7.425038,43.743196],[7.424926,43.743125],[7.425012,43.743068],[7.425065,43.743111],[7.425098,43.74314],[7.425038,43.743196]]]}},{"type":"Feature","properties":{"kind":"building","height":0.0,"levels":null,"name":null,"building":"yes","roof":null,"colour":null},"geometry":{"type":"Polygon","coordinates":[[[7.420194,43.742463],[7.420201,43.742445],[7.420203,43.742441],[7.420355,43.742472],[7.420346,43.742493],[7.420194,43.742463]]]}},{"type":"Feature","properties":{"kind":"building","height":0.0,"levels":null,"name":null,"building":"apartments","roof":null,"colour":null},"geometry":{"type":"Polygon","coordinates":[[[7.4242936,43.7425462],[7.4241331,43.7424523],[7.424314,43.7422975],[7.4244734,43.7424038],[7.4242936,43.7425462]]]}},{"type":"Feature","properties":{"kind":"building","height":0.0,"levels":null,"name":null,"building":"yes","roof":null,"colour":null},"geometry":{"type":"Polygon","coordinates":[[[7.4263502,43.743456],[7.4264586,43.7435419],[7.4263187,43.743634],[7.4262104,43.7435481],[7.426229,43.7435358],[7.4263502,43.743456]]]}},{"type":"Feature","properties":{"kind":"building","height":0.0,"levels":null,"name":null,"building":"yes","roof":null,"colour":null},"geometry":{"type":"Polygon","coordinates":[[[7.419666,43.740448],[7.419708,43.740487],[7.419699,43.740498],[7.419645,43.740472],[7.419653,43.740463],[7.419666,43.740448]]]}},{"type":"Feature","properties":{"kind":"building","height":0.0,"levels":null,"name":null,"building":"yes","roof":null,"colour":null},"geometry":{"type":"Polygon","coordinates":[[[7.419166,43.739327],[7.419228,43.739413],[7.419042,43.739454],[7.418982,43.739367],[7.419071,43.739351],[7.419166,43.739327]]]}},{"type":"Feature","properties":{"kind":"building","height":0.0,"levels":null,"name":null,"building":"yes","roof":null,"colour":null},"geometry":{"type":"Polygon","coordinates":[[[7.423511,43.742734],[7.423522,43.742724],[7.42358,43.74267],[7.423632,43.742702],[7.423563,43.742763],[7.423511,43.742734]]]}},{"type":"Feature","properties":{"kind":"building","height":0.0,"levels":null,"name":"Castel Dauphin","building":"yes","roof":null,"colour":null},"geometry":{"type":"Polygon","coordinates":[[[7.426108,43.742333],[7.426146,43.742334],[7.426391,43.742512],[7.426257,43.742609],[7.4260058,43.7424288],[7.425988,43.742416],[7.426108,43.742333]]]}},{"type":"Feature","properties":{"kind":"building","height":0.0,"levels":null,"name":null,"building":"yes","roof":null,"colour":null},"geometry":{"type":"Polygon","coordinates":[[[7.421553,43.740485],[7.421591,43.740518],[7.421629,43.74055],[7.42147,43.74064],[7.421385,43.740584],[7.421553,43.740485]]]}},{"type":"Feature","properties":{"kind":"building","height":0.0,"levels":null,"name":null,"building":"yes","roof":null,"colour":null},"geometry":{"type":"Polygon","coordinates":[[[7.421631,43.742107],[7.421828,43.741979],[7.421867,43.74201],[7.421675,43.742135],[7.42167,43.742138],[7.421631,43.742107]]]}},{"type":"Feature","properties":{"kind":"building","height":0.0,"levels":null,"name":null,"building":"yes","roof":null,"colour":null},"geometry":{"type":"Polygon","coordinates":[[[7.419751,43.740528],[7.419748,43.740531],[7.419692,43.740505],[7.419699,43.740498],[7.419708,43.740487],[7.419751,43.740528]]]}},{"type":"Feature","properties":{"kind":"building","height":0.0,"levels":null,"name":null,"building":"yes","roof":null,"colour":null},"geometry":{"type":"Polygon","coordinates":[[[7.422897,43.742006],[7.422981,43.741977],[7.422989,43.741975],[7.423039,43.742052],[7.422951,43.742084],[7.422897,43.742006]]]}},{"type":"Feature","properties":{"kind":"building","height":0.0,"levels":null,"name":"Castel Lorraine","building":"yes","roof":null,"colour":null},"geometry":{"type":"Polygon","coordinates":[[[7.421385,43.740584],[7.421224,43.740478],[7.421324,43.740415],[7.4214198,43.7403499],[7.421553,43.740485],[7.421385,43.740584]]]}},{"type":"Feature","properties":{"kind":"building","height":0.0,"levels":null,"name":null,"building":"yes","roof":null,"colour":null},"geometry":{"type":"Polygon","coordinates":[[[7.422026,43.74195],[7.422051,43.74197],[7.421983,43.742028],[7.421977,43.742033],[7.421941,43.742005],[7.422026,43.74195]]]}},{"type":"Feature","properties":{"kind":"building","height":0.0,"levels":null,"name":null,"building":"yes","roof":null,"colour":null},"geometry":{"type":"Polygon","coordinates":[[[7.423891,43.742217],[7.42394,43.742252],[7.423858,43.742301],[7.423812,43.742257],[7.42386,43.742232],[7.423891,43.742217]]]}},{"type":"Feature","properties":{"kind":"building","height":0.0,"levels":null,"name":null,"building":"yes","roof":null,"colour":null},"geometry":{"type":"Polygon","coordinates":[[[7.424849,43.742941],[7.424796,43.742976],[7.42468,43.7429],[7.424738,43.742856],[7.424779,43.74289],[7.424849,43.742941]]]}},{"type":"Feature","properties":{"kind":"building","height":0.0,"levels":null,"name":null,"building":"yes","roof":null,"colour":null},"geometry":{"type":"Polygon","coordinates":[[[7.42212,43.741423],[7.422198,43.741484],[7.422135,43.741521],[7.422118,43.741532],[7.422042,43.741472],[7.42212,43.741423]]]}},{"type":"Feature","properties":{"kind":"building","height":0.0,"levels":null,"name":null,"building":"yes","roof":null,"colour":null},"geometry":{"type":"Polygon","coordinates":[[[7.421496,43.742671],[7.42148,43.742661],[7.421492,43.742651],[7.421523,43.74267],[7.421511,43.742681],[7.421496,43.742671]]]}},{"type":"Feature","properties":{"kind":"building","height":0.0,"levels":null,"name":null,"building":"yes","roof":null,"colour":null},"geometry":{"type":"Polygon","coordinates":[[[7.423054,43.743308],[7.423085,43.743331],[7.423027,43.743372],[7.422878,43.743269],[7.422933,43.743226],[7.423054,43.743308]]]}},{"type":"Feature","properties":{"kind":"building","height":0.0,"levels":null,"name":null,"building":"yes","roof":null,"colour":null},"geometry":{"type":"Polygon","coordinates":[[[7.421659,43.743255],[7.421732,43.743191],[7.421802,43.743231],[7.421827,43.74328],[7.421783,43.743318],[7.421659,43.743255]]]}},{"type":"Feature","properties":{"kind":"building","height":0.0,"levels":null,"name":null,"building":"yes","roof":null,"colour":null},"geometry":{"type":"Polygon","coordinates":[[[7.424079,43.742424],[7.424037,43.742463],[7.423963,43.742417],[7.424064,43.742342],[7.424129,43.742383],[7.424079,43.742424]]]}},{"type":"Feature","properties":{"kind":"building","height":0.0,"levels":null,"name":null,"building":"yes","roof":null,"colour":null},"geometry":{"type":"Polygon","coordinates":[[[7.41922,43.740945],[7.419185,43.741012],[7.419046,43.740972],[7.419081,43.740905],[7.41922,43.740945]]]}},{"type":"Feature","properties":{"kind":"building","height":0.0,"levels":null,"name":null,"building":"yes","roof":null,"colour":null},"geometry":{"type":"Polygon","coordinates":[[[7.419529,43.742654],[7.419503,43.742677],[7.419501,43.742679],[7.419474,43.742663],[7.419503,43.742638],[7.419529,43.742654]]]}},{"type":"Feature","properties":{"kind":"building","height":0.0,"levels":null,"name":null,"building":"yes","roof":null,"colour":null},"geometry":{"type":"Polygon","coordinates":[[[7.419337,43.739974],[7.419337,43.739959],[7.419336,43.739944],[7.419418,43.739956],[7.41941,43.739985],[7.419337,43.739974]]]}},{"type":"Feature","properties":{"kind":"building","height":0.0,"levels":null,"name":null,"building":"yes","roof":null,"colour":null},"geometry":{"type":"Polygon","coordinates":[[[7.424573,43.742844],[7.424599,43.742824],[7.424621,43.742837],[7.424562,43.742884],[7.424539,43.742871],[7.424573,43.742844]]]}},{"type":"Feature","properties":{"kind":"building","height":0.0,"levels":null,"name":null,"building":"yes","roof":null,"colour":null},"geometry":{"type":"Polygon","coordinates":[[[7.420135,43.742469],[7.420201,43.742445],[7.420194,43.742463],[7.420188,43.74248],[7.420147,43.742472],[7.420135,43.742469]]]}},{"type":"Feature","properties":{"kind":"building","height":0.0,"levels":null,"name":"Maison Riviera","building":"yes","roof":null,"colour":null},"geometry":{"type":"Polygon","coordinates":[[[7.421543,43.743178],[7.42161,43.743121],[7.421732,43.743191],[7.421659,43.743255],[7.421537,43.743183],[7.421543,43.743178]]]}},{"type":"Feature","properties":{"kind":"building","height":0.0,"levels":null,"name":null,"building":"yes","roof":null,"colour":null},"geometry":{"type":"Polygon","coordinates":[[[7.427356,43.743462],[7.427504,43.743543],[7.427387,43.743659],[7.427304,43.743614],[7.427242,43.74358],[7.427356,43.743462]]]}},{"type":"Feature","properties":{"kind":"building","height":0.0,"levels":null,"name":null,"building":"yes","roof":null,"colour":null},"geometry":{"type":"Polygon","coordinates":[[[7.418982,43.739367],[7.419042,43.739454],[7.419058,43.739478],[7.418887,43.739502],[7.418805,43.739389],[7.418982,43.739367]]]}},{"type":"Feature","properties":{"kind":"building","height":0.0,"levels":null,"name":null,"building":"yes","roof":null,"colour":null},"geometry":{"type":"Polygon","coordinates":[[[7.421987,43.741506],[7.422013,43.74149],[7.422088,43.741549],[7.422041,43.741577],[7.421969,43.741518],[7.421987,43.741506]]]}},{"type":"Feature","properties":{"kind":"building","height":0.0,"levels":null,"name":null,"building":"yes","roof":null,"colour":null},"geometry":{"type":"Polygon","coordinates":[[[7.422314,43.74313],[7.422285,43.74315],[7.422188,43.743077],[7.422165,43.743065],[7.422202,43.743039],[7.422314,43.74313]]]}},{"type":"Feature","properties":{"kind":"building","height":0.0,"levels":null,"name":null,"building":"yes","roof":null,"colour":null},"geometry":{"type":"Polygon","coordinates":[[[7.419551,43.742111],[7.419518,43.742127],[7.419488,43.742095],[7.4195,43.74209],[7.419522,43.742079],[7.419551,43.742111]]]}},{"type":"Feature","properties":{"kind":"building","height":0.0,"levels":null,"name":null,"building":"yes","roof":null,"colour":null},"geometry":{"type":"Polygon","coordinates":[[[7.422535,43.743316],[7.422515,43.743302],[7.422492,43.743287],[7.422501,43.74328],[7.422542,43.743312],[7.422535,43.743316]]]}},{"type":"Feature","properties":{"kind":"building","height":0.0,"levels":null,"name":null,"building":"yes","roof":null,"colour":null},"geometry":{"type":"Polygon","coordinates":[[[7.421829,43.741395],[7.421654,43.741253],[7.421806,43.741169],[7.421969,43.741304],[7.42184,43.741388],[7.421829,43.741395]]]}},{"type":"Feature","properties":{"kind":"building","height":0.0,"levels":null,"name":null,"building":"yes","roof":null,"colour":null},"geometry":{"type":"Polygon","coordinates":[[[7.421564,43.742751],[7.421559,43.742756],[7.421525,43.742785],[7.421431,43.742727],[7.421472,43.742692],[7.421564,43.742751]]]}},{"type":"Feature","properties":{"kind":"building","height":0.0,"levels":null,"name":null,"building":"yes","roof":null,"colour":null},"geometry":{"type":"Polygon","coordinates":[[[7.422632,43.741581],[7.422531,43.741652],[7.422432,43.741575],[7.422507,43.741525],[7.422538,43.741505],[7.422632,43.741581]]]}},{"type":"Feature","properties":{"kind":"building","height":0.0,"levels":null,"name":null,"building":"yes","roof":null,"colour":null},"geometry":{"type":"Polygon","coordinates":[[[7.423079,43.742469],[7.423014,43.742411],[7.423034,43.7424],[7.423092,43.742386],[7.423145,43.742431],[7.423079,43.742469]]]}},{"type":"Feature","properties":{"kind":"building","height":0.0,"levels":null,"name":null,"building":"yes","roof":null,"colour":null},"geometry":{"type":"Polygon","coordinates":[[[7.418958,43.73877],[7.419067,43.738841],[7.418976,43.738904],[7.418884,43.738955],[7.418801,43.738901],[7.418958,43.73877]]]}},{"type":"Feature","properties":{"kind":"building","height":0.0,"levels":null,"name":null,"building":"yes","roof":null,"colour":null},"geometry":{"type":"Polygon","coordinates":[[[7.421084,43.741508],[7.421013,43.741399],[7.421028,43.741396],[7.421148,43.741354],[7.421217,43.741459],[7.421084,43.741508]]]}},{"type":"Feature","properties":{"kind":"building","height":0.0,"levels":null,"name":null,"building":"yes","roof":null,"colour":null},"geometry":{"type":"Polygon","coordinates":[[[7.425845,43.742182],[7.425816,43.742198],[7.425795,43.74221],[7.42576,43.742179],[7.425838,43.742137],[7.425874,43.742169],[7.425845,43.742182]]]}},{"type":"Feature","properties":{"kind":"building","height":0.0,"levels":null,"name":"Jeannick","building":"yes","roof":null,"colour":null},"geometry":{"type":"Polygon","coordinates":[[[7.418816,43.740633],[7.418709,43.740601],[7.41876,43.740509],[7.418824,43.740528],[7.418819,43.740537],[7.418863,43.74055],[7.418816,43.740633]]]}},{"type":"Feature","properties":{"kind":"building","height":0.0,"levels":null,"name":null,"building":"yes","roof":null,"colour":null},"geometry":{"type":"Polygon","coordinates":[[[7.419481,43.73942],[7.419617,43.73937],[7.419629,43.739386],[7.419596,43.739413],[7.419547,43.739431],[7.419493,43.739436],[7.419481,43.73942]]]}},{"type":"Feature","properties":{"kind":"building","height":0.0,"levels":null,"name":"La Gabriel Robert","building":"yes","roof":null,"colour":null},"geometry":{"type":"Polygon","coordinates":[[[7.422149,43.742905],[7.422209,43.742865],[7.422304,43.742939],[7.42223,43.74299],[7.422152,43.742928],[7.422168,43.742917],[7.422149,43.742905]]]}},{"type":"Feature","properties":{"kind":"building","height":0.0,"levels":null,"name":null,"building":"yes","roof":null,"colour":null},"geometry":{"type":"Polygon","coordinates":[[[7.419402,43.742911],[7.41939,43.742921],[7.419334,43.742956],[7.419207,43.742848],[7.419183,43.742815],[7.419246,43.742782],[7.419402,43.742911]]]}},{"type":"Feature","properties":{"kind":"building","height":0.0,"levels":null,"name":null,"building":"yes","roof":null,"colour":null},"geometry":{"type":"Polygon","coordinates":[[[7.422204,43.74178],[7.422071,43.74186],[7.422055,43.741846],[7.422064,43.74184],[7.422025,43.741807],[7.422142,43.74173],[7.422204,43.74178]]]}},{"type":"Feature","properties":{"kind":"building","height":0.0,"levels":null,"name":null,"building":"yes","roof":null,"colour":null},"geometry":{"type":"Polygon","coordinates":[[[7.42102,43.740632],[7.421298,43.7408158],[7.421207,43.740888],[7.420962,43.740736],[7.42099,43.740711],[7.420949,43.740683],[7.42102,43.740632]]]}},{"type":"Feature","properties":{"kind":"building","height":0.0,"levels":null,"name":null,"building":"yes","roof":null,"colour":null},"geometry":{"type":"Polygon","coordinates":[[[7.419498,43.741707],[7.419576,43.74181],[7.419469,43.741856],[7.419397,43.74176],[7.419447,43.74174],[7.41944,43.741731],[7.419498,43.741707]]]}},{"type":"Feature","properties":{"kind":"building","height":0.0,"levels":null,"name":"Maison H.Ardisson","building":"yes","roof":null,"colour":null},"geometry":{"type":"Polygon","coordinates":[[[7.422626,43.743154],[7.42272,43.743229],[7.422712,43.743235],[7.422655,43.74327],[7.422618,43.743293],[7.422524,43.743221],[7.422626,43.743154]]]}},{"type":"Feature","properties":{"kind":"building","height":0.0,"levels":null,"name":null,"building":"yes","roof":null,"colour":null},"geometry":{"type":"Polygon","coordinates":[[[7.419186,43.739648],[7.419104,43.739532],[7.419263,43.739497],[7.419346,43.739615],[7.41922,43.739651],[7.41921,43.739638],[7.419186,43.739648]]]}},{"type":"Feature","properties":{"kind":"building","height":0.0,"levels":null,"name":null,"building":"yes","roof":null,"colour":null},"geometry":{"type":"Polygon","coordinates":[[[7.419598,43.739983],[7.419579,43.740015],[7.419533,43.740004],[7.41954,43.739984],[7.419549,43.739985],[7.419554,43.739977],[7.419598,43.739983]]]}},{"type":"Feature","properties":{"kind":"building","height":0.0,"levels":null,"name":null,"building":"yes","roof":null,"colour":null},"geometry":{"type":"Polygon","coordinates":[[[7.42358,43.74267],[7.423522,43.742724],[7.423384,43.742648],[7.423448,43.742587],[7.423521,43.742629],[7.423518,43.742633],[7.42358,43.74267]]]}},{"type":"Feature","properties":{"kind":"building","height":0.0,"levels":null,"name":null,"building":"yes","roof":null,"colour":null},"geometry":{"type":"Polygon","coordinates":[[[7.421324,43.742547],[7.421296,43.74257],[7.421245,43.742538],[7.42131,43.742481],[7.421363,43.742513],[7.421358,43.742518],[7.421324,43.742547]]]}},{"type":"Feature","properties":{"kind":"building","height":0.0,"levels":null,"name":null,"building":"yes","roof":null,"colour":null},"geometry":{"type":"Polygon","coordinates":[[[7.423247,43.742727],[7.423134,43.742818],[7.423131,43.74282],[7.423071,43.742773],[7.42319,43.742686],[7.423233,43.742717],[7.423247,43.742727]]]}},{"type":"Feature","properties":{"kind":"building","height":0.0,"levels":null,"name":null,"building":"yes","roof":null,"colour":null},"geometry":{"type":"Polygon","coordinates":[[[7.4241348,43.7422342],[7.4240639,43.7422832],[7.4239378,43.7421979],[7.4240858,43.7420829],[7.4241465,43.7421237],[7.424069,43.7421846],[7.4241348,43.7422342]]]}},{"type":"Feature","properties":{"kind":"building","height":0.0,"levels":null,"name":null,"building":"yes","roof":null,"colour":null},"geometry":{"type":"Polygon","coordinates":[[[7.422927,43.742921],[7.422956,43.742899],[7.422987,43.742918],[7.422992,43.742916],[7.423036,43.742947],[7.423005,43.742971],[7.422927,43.742921]]]}},{"type":"Feature","properties":{"kind":"building","height":0.0,"levels":null,"name":null,"building":"yes","roof":null,"colour":null},"geometry":{"type":"Polygon","coordinates":[[[7.424429,43.743108],[7.424414,43.743119],[7.424402,43.743129],[7.42411,43.74295],[7.424237,43.742852],[7.424521,43.743036],[7.424429,43.743108]]]}},{"type":"Feature","properties":{"kind":"building","height":0.0,"levels":null,"name":null,"building":"yes","roof":null,"colour":null},"geometry":{"type":"Polygon","coordinates":[[[7.423196,43.742403],[7.423223,43.742388],[7.423249,43.742411],[7.423237,43.742418],[7.423276,43.742453],[7.423262,43.742462],[7.423196,43.742403]]]}},{"type":"Feature","properties":{"kind":"building","height":0.0,"levels":null,"name":null,"building":"yes","roof":null,"colour":null},"geometry":{"type":"Polygon","coordinates":[[[7.426557,43.743015],[7.426438,43.742929],[7.426433,43.742925],[7.42651,43.742871],[7.426575,43.742919],[7.426631,43.742961],[7.426557,43.743015]]]}},{"type":"Feature","properties":{"kind":"building","height":0.0,"levels":null,"name":null,"building":"yes","roof":null,"colour":null},"geometry":{"type":"Polygon","coordinates":[[[7.41965,43.741966],[7.419717,43.741941],[7.419746,43.741929],[7.419758,43.741946],[7.41965,43.741985],[7.419639,43.74197],[7.41965,43.741966]]]}},{"type":"Feature","properties":{"kind":"building","height":0.0,"levels":null,"name":null,"building":"yes","roof":null,"colour":null},"geometry":{"type":"Polygon","coordinates":[[[7.41979,43.743203],[7.419823,43.743173],[7.419831,43.743149],[7.419908,43.743195],[7.419866,43.7432],[7.419832,43.74323],[7.41979,43.743203]]]}},{"type":"Feature","properties":{"kind":"building","height":0.0,"levels":null,"name":null,"building":"yes","roof":null,"colour":null},"geometry":{"type":"Polygon","coordinates":[[[7.423967,43.742537],[7.423929,43.742578],[7.42382,43.742517],[7.423762,43.742476],[7.423806,43.74244],[7.423866,43.742483],[7.423967,43.742537]]]}},{"type":"Feature","properties":{"kind":"building","height":0.0,"levels":null,"name":null,"building":"yes","roof":null,"colour":null},"geometry":{"type":"Polygon","coordinates":[[[7.419501,43.742679],[7.419503,43.742677],[7.419543,43.742699],[7.419525,43.742714],[7.419518,43.742719],[7.41948,43.742696],[7.419501,43.742679]]]}},{"type":"Feature","properties":{"kind":"building","height":0.0,"levels":null,"name":null,"building":"yes","roof":null,"colour":null},"geometry":{"type":"Polygon","coordinates":[[[7.425148,43.743621],[7.425132,43.743635],[7.425066,43.743694],[7.424894,43.743595],[7.424958,43.743536],[7.424975,43.743521],[7.425148,43.743621]]]}},{"type":"Feature","properties":{"kind":"building","height":0.0,"levels":null,"name":"Les Lucioles","building":"yes","roof":null,"colour":null},"geometry":{"type":"Polygon","coordinates":[[[7.422487,43.743226],[7.422442,43.743255],[7.422402,43.743223],[7.422312,43.743153],[7.422451,43.743064],[7.42258,43.743166],[7.422487,43.743226]]]}},{"type":"Feature","properties":{"kind":"building","height":0.0,"levels":null,"name":null,"building":"yes","roof":null,"colour":null},"geometry":{"type":"Polygon","coordinates":[[[7.422337,43.741502],[7.422221,43.741411],[7.422308,43.741374],[7.42237,43.741421],[7.422353,43.741432],[7.422394,43.741463],[7.422337,43.741502]]]}},{"type":"Feature","properties":{"kind":"building","height":0.0,"levels":null,"name":null,"building":"yes","roof":null,"colour":null},"geometry":{"type":"Polygon","coordinates":[[[7.41878,43.741181],[7.418856,43.741196],[7.418839,43.741235],[7.418907,43.74125],[7.418879,43.741317],[7.418736,43.741288],[7.41878,43.741181]]]}},{"type":"Feature","properties":{"kind":"building","height":0.0,"levels":null,"name":null,"building":"yes","roof":null,"colour":null},"geometry":{"type":"Polygon","coordinates":[[[7.419889,43.742051],[7.419829,43.741974],[7.419932,43.741932],[7.420001,43.742019],[7.41995,43.742039],[7.419943,43.742029],[7.419889,43.742051]]]}},{"type":"Feature","properties":{"kind":"building","height":0.0,"levels":null,"name":null,"building":"yes","roof":null,"colour":null},"geometry":{"type":"Polygon","coordinates":[[[7.419134,43.742676],[7.419223,43.742733],[7.419187,43.742766],[7.419159,43.742747],[7.41915,43.742741],[7.41911,43.742698],[7.419134,43.742676]]]}},{"type":"Feature","properties":{"kind":"building","height":0.0,"levels":null,"name":null,"building":"yes","roof":null,"colour":null},"geometry":{"type":"Polygon","coordinates":[[[7.420083,43.741409],[7.42007,43.741414],[7.419973,43.741451],[7.41991,43.741366],[7.419916,43.741364],[7.420021,43.741321],[7.420083,43.741409]]]}},{"type":"Feature","properties":{"kind":"building","height":0.0,"levels":null,"name":null,"building":"yes","roof":null,"colour":null},"geometry":{"type":"Polygon","coordinates":[[[7.422948,43.742508],[7.422862,43.742552],[7.422835,43.742525],[7.422855,43.742513],[7.422815,43.742474],[7.422881,43.742441],[7.422948,43.742508]]]}},{"type":"Feature","properties":{"kind":"building","height":0.0,"levels":null,"name":null,"building":"yes","roof":null,"colour":null},"geometry":{"type":"Polygon","coordinates":[[[7.420619,43.742662],[7.420463,43.742577],[7.420479,43.742544],[7.420529,43.742555],[7.420568,43.742563],[7.420663,43.742618],[7.420619,43.742662]]]}},{"type":"Feature","properties":{"kind":"building","height":0.0,"levels":null,"name":"Stella K","building":"yes","roof":null,"colour":null},"geometry":{"type":"Polygon","coordinates":[[[7.419034,43.740391],[7.419078,43.740328],[7.419092,43.740333],[7.419106,43.740313],[7.41931,43.740354],[7.419222,43.740456],[7.419034,43.740391]]]}},{"type":"Feature","properties":{"kind":"building","height":0.0,"levels":null,"name":null,"building":"yes","roof":null,"colour":null},"geometry":{"type":"Polygon","coordinates":[[[7.420683,43.742629],[7.420705,43.742607],[7.420873,43.742699],[7.420873,43.742704],[7.420815,43.742762],[7.420643,43.742669],[7.420683,43.742629]]]}},{"type":"Feature","properties":{"kind":"building","height":0.0,"levels":null,"name":null,"building":"yes","roof":null,"colour":null},"geometry":{"type":"Polygon","coordinates":[[[7.42317,43.74222],[7.423112,43.742125],[7.423237,43.742085],[7.423239,43.742088],[7.423231,43.742092],[7.423298,43.742176],[7.42317,43.74222]]]}},{"type":"Feature","properties":{"kind":"building","height":0.0,"levels":null,"name":null,"building":"yes","roof":null,"colour":null},"geometry":{"type":"Polygon","coordinates":[[[7.42328,43.742356],[7.423274,43.742351],[7.42337,43.742297],[7.423418,43.742337],[7.423317,43.742394],[7.423314,43.742395],[7.42328,43.742356]]]}},{"type":"Feature","properties":{"kind":"building","height":0.0,"levels":null,"name":null,"building":"yes","roof":null,"colour":null},"geometry":{"type":"Polygon","coordinates":[[[7.420169,43.741844],[7.420357,43.741768],[7.420394,43.741814],[7.420345,43.741833],[7.420381,43.741883],[7.420236,43.741937],[7.420169,43.741844]]]}},{"type":"Feature","properties":{"kind":"building","height":0.0,"levels":null,"name":null,"building":"yes","roof":null,"colour":null},"geometry":{"type":"Polygon","coordinates":[[[7.419454,43.74197],[7.419516,43.741948],[7.419601,43.742071],[7.419574,43.742081],[7.419514,43.741996],[7.419482,43.742009],[7.419454,43.74197]]]}},{"type":"Feature","properties":{"kind":"building","height":0.0,"levels":null,"name":null,"building":"yes","roof":null,"colour":null},"geometry":{"type":"Polygon","coordinates":[[[7.4187803,43.7418623],[7.4186983,43.7419873],[7.4185713,43.7419443],[7.4185953,43.7419063],[7.4186853,43.7419353],[7.4187423,43.7418493],[7.4187803,43.7418623]]]}},{"type":"Feature","properties":{"kind":"building","height":0.0,"levels":null,"name":null,"building":"yes","roof":null,"colour":null},"geometry":{"type":"Polygon","coordinates":[[[7.423875,43.742948],[7.423872,43.742961],[7.423842,43.74294],[7.423847,43.742915],[7.42387,43.742916],[7.423874,43.742932],[7.423875,43.742948]]]}},{"type":"Feature","properties":{"kind":"building","height":0.0,"levels":null,"name":null,"building":"yes","roof":null,"colour":null},"geometry":{"type":"Polygon","coordinates":[[[7.423729,43.742112],[7.423787,43.742171],[7.423728,43.742202],[7.423687,43.742157],[7.423674,43.742142],[7.423672,43.742139],[7.423729,43.742112]]]}},{"type":"Feature","properties":{"kind":"building","height":0.0,"levels":null,"name":null,"building":"yes","roof":null,"colour":null},"geometry":{"type":"Polygon","coordinates":[[[7.421209,43.74131],[7.421171,43.741323],[7.421148,43.741331],[7.421116,43.741282],[7.42122,43.741246],[7.421254,43.741294],[7.421209,43.74131]]]}},{"type":"Feature","properties":{"kind":"building","height":0.0,"levels":null,"name":null,"building":"yes","roof":null,"colour":null},"geometry":{"type":"Polygon","coordinates":[[[7.419256,43.739913],[7.419336,43.739912],[7.419336,43.739944],[7.419337,43.739959],[7.419311,43.73996],[7.419259,43.739962],[7.419256,43.739913]]]}},{"type":"Feature","properties":{"kind":"building","height":0.0,"levels":null,"name":null,"building":"yes","roof":null,"colour":null},"geometry":{"type":"Polygon","coordinates":[[[7.421146,43.74279],[7.421042,43.742663],[7.421078,43.742647],[7.421091,43.742666],[7.421123,43.742654],[7.421213,43.742763],[7.421146,43.74279]]]}},{"type":"Feature","properties":{"kind":"building","height":0.0,"levels":null,"name":null,"building":"yes","roof":null,"colour":null},"geometry":{"type":"Polygon","coordinates":[[[7.421962,43.74168],[7.421864,43.74174],[7.421806,43.741688],[7.421893,43.741635],[7.421942,43.741678],[7.421952,43.741672],[7.421962,43.74168]]]}},{"type":"Feature","properties":{"kind":"building","height":0.0,"levels":null,"name":null,"building":"yes","roof":null,"colour":null},"geometry":{"type":"Polygon","coordinates":[[[7.421126,43.741841],[7.421139,43.741836],[7.421229,43.741984],[7.421148,43.742017],[7.421127,43.742025],[7.421031,43.741873],[7.421126,43.741841]]]}},{"type":"Feature","properties":{"kind":"building","height":0.0,"levels":null,"name":null,"building":"yes","roof":null,"colour":null},"geometry":{"type":"Polygon","coordinates":[[[7.424521,43.743036],[7.424722,43.743166],[7.424594,43.743251],[7.424559,43.743225],[7.424574,43.743215],[7.424429,43.743108],[7.424521,43.743036]]]}},{"type":"Feature","properties":{"kind":"building","height":0.0,"levels":null,"name":null,"building":"yes","roof":null,"colour":null},"geometry":{"type":"Polygon","coordinates":[[[7.424795,43.743437],[7.424728,43.743506],[7.424524,43.743389],[7.424625,43.743322],[7.424779,43.743418],[7.424771,43.743425],[7.424795,43.743437]]]}},{"type":"Feature","properties":{"kind":"building","height":0.0,"levels":null,"name":null,"building":"yes","roof":null,"colour":null},"geometry":{"type":"Polygon","coordinates":[[[7.419422,43.740631],[7.419363,43.740696],[7.41926,43.740646],[7.419278,43.740627],[7.419228,43.740606],[7.419256,43.740556],[7.419422,43.740631]]]}},{"type":"Feature","properties":{"kind":"building","height":0.0,"levels":null,"name":null,"building":"yes","roof":null,"colour":null},"geometry":{"type":"Polygon","coordinates":[[[7.419837,43.742668],[7.419771,43.742723],[7.419677,43.74268],[7.419684,43.742673],[7.41967,43.742666],[7.419725,43.742617],[7.419837,43.742668]]]}},{"type":"Feature","properties":{"kind":"building","height":0.0,"levels":null,"name":null,"building":"yes","roof":null,"colour":null},"geometry":{"type":"Polygon","coordinates":[[[7.418933,43.738987],[7.418884,43.738955],[7.418976,43.738904],[7.419067,43.738841],[7.419109,43.738869],[7.419028,43.738929],[7.418933,43.738987]]]}},{"type":"Feature","properties":{"kind":"building","height":0.0,"levels":null,"name":null,"building":"yes","roof":null,"colour":null},"geometry":{"type":"Polygon","coordinates":[[[7.420333,43.741127],[7.420278,43.741158],[7.420195,43.741205],[7.420189,43.741208],[7.420083,43.741087],[7.420193,43.741013],[7.420333,43.741127]]]}},{"type":"Feature","properties":{"kind":"building","height":0.0,"levels":null,"name":null,"building":"yes","roof":null,"colour":null},"geometry":{"type":"Polygon","coordinates":[[[7.421772,43.741708],[7.421788,43.741699],[7.421847,43.741751],[7.421842,43.741753],[7.421821,43.741766],[7.421766,43.741712],[7.421772,43.741708]]]}},{"type":"Feature","properties":{"kind":"building","height":0.0,"levels":null,"name":null,"building":"yes","roof":null,"colour":null},"geometry":{"type":"Polygon","coordinates":[[[7.422515,43.743302],[7.422535,43.743316],[7.422557,43.743332],[7.422543,43.743341],[7.422523,43.743354],[7.422482,43.743325],[7.422515,43.743302]]]}},{"type":"Feature","properties":{"kind":"building","height":0.0,"levels":null,"name":"La Yandu-Dee","building":"yes","roof":null,"colour":null},"geometry":{"type":"Polygon","coordinates":[[[7.418816,43.740633],[7.418863,43.74055],[7.418907,43.740563],[7.418912,43.740555],[7.418975,43.740574],[7.418923,43.740665],[7.418816,43.740633]]]}},{"type":"Feature","properties":{"kind":"building","height":0.0,"levels":null,"name":null,"building":"yes","roof":null,"colour":null},"geometry":{"type":"Polygon","coordinates":[[[7.421415,43.742645],[7.421454,43.742645],[7.42148,43.742661],[7.421496,43.742671],[7.421472,43.742692],[7.421408,43.74265],[7.421415,43.742645]]]}},{"type":"Feature","properties":{"kind":"building","height":0.0,"levels":null,"name":"Villa Le F\u00e9tiche","building":"yes","roof":null,"colour":null},"geometry":{"type":"Polygon","coordinates":[[[7.421336,43.743038],[7.421404,43.742976],[7.421517,43.743044],[7.421471,43.743085],[7.421437,43.743064],[7.421413,43.743085],[7.421336,43.743038]]]}},{"type":"Feature","properties":{"kind":"building","height":0.0,"levels":null,"name":null,"building":"yes","roof":null,"colour":null},"geometry":{"type":"Polygon","coordinates":[[[7.421675,43.742135],[7.421867,43.74201],[7.421897,43.742034],[7.42192,43.742052],[7.421924,43.742063],[7.421738,43.742189],[7.421675,43.742135]]]}},{"type":"Feature","properties":{"kind":"building","height":0.0,"levels":null,"name":null,"building":"yes","roof":null,"colour":null},"geometry":{"type":"Polygon","coordinates":[[[7.422594,43.743308],[7.422557,43.743332],[7.422535,43.743316],[7.422542,43.743312],[7.422572,43.743293],[7.422576,43.743295],[7.422594,43.743308]]]}},{"type":"Feature","properties":{"kind":"building","height":0.0,"levels":null,"name":null,"building":"yes","roof":null,"colour":null},"geometry":{"type":"Polygon","coordinates":[[[7.42319,43.742686],[7.423177,43.742677],[7.423205,43.742656],[7.423245,43.742683],[7.423268,43.742692],[7.423233,43.742717],[7.42319,43.742686]]]}},{"type":"Feature","properties":{"kind":"building","height":0.0,"levels":null,"name":"Maison Inbert","building":"yes","roof":null,"colour":null},"geometry":{"type":"Polygon","coordinates":[[[7.422668,43.74216],[7.422552,43.742207],[7.422531,43.742181],[7.422566,43.742168],[7.422514,43.742098],[7.422596,43.742065],[7.422668,43.74216]]]}},{"type":"Feature","properties":{"kind":"building","height":0.0,"levels":null,"name":null,"building":"yes","roof":null,"colour":null},"geometry":{"type":"Polygon","coordinates":[[[7.424033,43.742467],[7.424019,43.742482],[7.423964,43.742455],[7.423915,43.742428],[7.423944,43.74241],[7.423966,43.742427],[7.424033,43.742467]]]}},{"type":"Feature","properties":{"kind":"building","height":0.0,"levels":null,"name":null,"building":"yes","roof":null,"colour":null},"geometry":{"type":"Polygon","coordinates":[[[7.423303,43.74208],[7.423286,43.742059],[7.423336,43.742038],[7.42341,43.742125],[7.423361,43.742148],[7.423335,43.742117],[7.423303,43.74208]]]}},{"type":"Feature","properties":{"kind":"building","height":0.0,"levels":null,"name":null,"building":"yes","roof":null,"colour":null},"geometry":{"type":"Polygon","coordinates":[[[7.41952,43.739177],[7.419563,43.739158],[7.419705,43.739246],[7.41973,43.739263],[7.419687,43.739279],[7.419617,43.739236],[7.41952,43.739177]]]}},{"type":"Feature","properties":{"kind":"building","height":0.0,"levels":null,"name":null,"building":"yes","roof":null,"colour":null},"geometry":{"type":"Polygon","coordinates":[[[7.423756,43.743518],[7.423711,43.743549],[7.423702,43.743542],[7.42369,43.743551],[7.423654,43.743535],[7.423698,43.743489],[7.423756,43.743518]]]}},{"type":"Feature","properties":{"kind":"building","height":0.0,"levels":null,"name":null,"building":"yes","roof":null,"colour":null},"geometry":{"type":"Polygon","coordinates":[[[7.42313,43.742191],[7.423153,43.742229],[7.423052,43.742269],[7.423017,43.742216],[7.423063,43.742204],[7.423068,43.742211],[7.42313,43.742191]]]}},{"type":"Feature","properties":{"kind":"building","height":0.0,"levels":null,"name":null,"building":"yes","roof":null,"colour":null},"geometry":{"type":"Polygon","coordinates":[[[7.421877,43.743039],[7.421889,43.742993],[7.422039,43.743082],[7.422016,43.7431],[7.42201,43.743097],[7.421992,43.74311],[7.421877,43.743039]]]}},{"type":"Feature","properties":{"kind":"building","height":0.0,"levels":null,"name":null,"building":"apartments","roof":null,"colour":null},"geometry":{"type":"Polygon","coordinates":[[[7.4261997,43.743736],[7.4260782,43.7436264],[7.4261944,43.7435563],[7.4262104,43.7435481],[7.4263187,43.743634],[7.4263575,43.7436454],[7.4261997,43.743736]]]}},{"type":"Feature","properties":{"kind":"building","height":0.0,"levels":null,"name":null,"building":"yes","roof":null,"colour":null},"geometry":{"type":"Polygon","coordinates":[[[7.420882,43.740149],[7.420831,43.740095],[7.420794,43.740056],[7.420951,43.739972],[7.421094,43.740096],[7.420907,43.740176],[7.420882,43.740149]]]}},{"type":"Feature","properties":{"kind":"building","height":0.0,"levels":null,"name":null,"building":"yes","roof":null,"colour":null},"geometry":{"type":"Polygon","coordinates":[[[7.419311,43.742342],[7.419387,43.742337],[7.419415,43.742366],[7.419447,43.74235],[7.419495,43.742407],[7.419408,43.742448],[7.419311,43.742342]]]}},{"type":"Feature","properties":{"kind":"building","height":0.0,"levels":null,"name":null,"building":"yes","roof":null,"colour":null},"geometry":{"type":"Polygon","coordinates":[[[7.41882,43.742208],[7.41874,43.742181],[7.418781,43.74212],[7.418917,43.742167],[7.418863,43.742249],[7.418806,43.74223],[7.41882,43.742208]]]}},{"type":"Feature","properties":{"kind":"building","height":0.0,"levels":null,"name":null,"building":"yes","roof":null,"colour":null},"geometry":{"type":"Polygon","coordinates":[[[7.419909,43.742489],[7.419874,43.742495],[7.419848,43.742499],[7.419832,43.742445],[7.419927,43.74243],[7.419943,43.742483],[7.419909,43.742489]]]}},{"type":"Feature","properties":{"kind":"building","height":0.0,"levels":null,"name":null,"building":"yes","roof":null,"colour":null},"geometry":{"type":"Polygon","coordinates":[[[7.420579,43.74101],[7.420596,43.740995],[7.420618,43.741007],[7.420633,43.740994],[7.420704,43.741036],[7.420674,43.741063],[7.420579,43.74101]]]}},{"type":"Feature","properties":{"kind":"building","height":0.0,"levels":null,"name":null,"building":"yes","roof":null,"colour":null},"geometry":{"type":"Polygon","coordinates":[[[7.422432,43.741575],[7.422337,43.741502],[7.422394,43.741463],[7.422442,43.7415],[7.422459,43.741488],[7.422507,43.741525],[7.422432,43.741575]]]}},{"type":"Feature","properties":{"kind":"building","height":0.0,"levels":null,"name":"Les Papillons","building":"yes","roof":null,"colour":null},"geometry":{"type":"Polygon","coordinates":[[[7.420534,43.740313],[7.420401,43.740407],[7.420359,43.740381],[7.420357,43.740384],[7.420246,43.740321],[7.420375,43.740193],[7.420534,43.740313]]]}},{"type":"Feature","properties":{"kind":"building","height":0.0,"levels":null,"name":null,"building":"yes","roof":null,"colour":null},"geometry":{"type":"Polygon","coordinates":[[[7.420045,43.743312],[7.420066,43.743294],[7.420096,43.743312],[7.420088,43.743319],[7.420075,43.743329],[7.420064,43.743337],[7.420036,43.74332],[7.420045,43.743312]]]}},{"type":"Feature","properties":{"kind":"building","height":0.0,"levels":null,"name":null,"building":"yes","roof":null,"colour":null},"geometry":{"type":"Polygon","coordinates":[[[7.425021,43.743482],[7.424993,43.743506],[7.424988,43.74351],[7.424844,43.74342],[7.424847,43.743418],[7.424966,43.743325],[7.425105,43.743416],[7.425021,43.743482]]]}},{"type":"Feature","properties":{"kind":"building","height":0.0,"levels":null,"name":null,"building":"yes","roof":null,"colour":null},"geometry":{"type":"Polygon","coordinates":[[[7.418789,43.740098],[7.418788,43.74005],[7.418899,43.740051],[7.418904,43.74009],[7.418871,43.740094],[7.418838,43.740097],[7.418805,43.740098],[7.418789,43.740098]]]}},{"type":"Feature","properties":{"kind":"building","height":0.0,"levels":null,"name":null,"building":"government","roof":null,"colour":null},"geometry":{"type":"Polygon","coordinates":[[[7.425193,43.743221],[7.42534,43.743126],[7.425414,43.74319],[7.425409,43.74321],[7.425195,43.743352],[7.425176,43.743351],[7.425086,43.743292],[7.425193,43.743221]]]}},{"type":"Feature","properties":{"kind":"building","height":0.0,"levels":null,"name":"La Passerose","building":"yes","roof":null,"colour":null},"geometry":{"type":"Polygon","coordinates":[[[7.422442,43.74279],[7.422449,43.742794],[7.422532,43.742861],[7.422512,43.742876],[7.422539,43.742896],[7.422468,43.742941],[7.422352,43.742846],[7.422442,43.74279]]]}},{"type":"Feature","properties":{"kind":"building","height":0.0,"levels":null,"name":null,"building":"yes","roof":null,"colour":null},"geometry":{"type":"Polygon","coordinates":[[[7.42292,43.741827],[7.42285,43.741741],[7.422896,43.741715],[7.422903,43.741711],[7.42293,43.74173],[7.423067,43.741649],[7.423129,43.741707],[7.42292,43.741827]]]}},{"type":"Feature","properties":{"kind":"building","height":0.0,"levels":null,"name":null,"building":"yes","roof":null,"colour":null},"geometry":{"type":"Polygon","coordinates":[[[7.423333,43.74256],[7.423357,43.742544],[7.423422,43.742598],[7.423362,43.742636],[7.423324,43.742607],[7.423313,43.742613],[7.423284,43.742591],[7.423333,43.74256]]]}},{"type":"Feature","properties":{"kind":"building","height":0.0,"levels":null,"name":null,"building":"yes","roof":null,"colour":null},"geometry":{"type":"Polygon","coordinates":[[[7.423613,43.742282],[7.423635,43.742299],[7.423585,43.742328],[7.423567,43.742315],[7.423511,43.74226],[7.423565,43.742232],[7.423587,43.742258],[7.423613,43.742282]]]}},{"type":"Feature","properties":{"kind":"building","height":0.0,"levels":null,"name":"Maison Lanteri","building":"yes","roof":null,"colour":null},"geometry":{"type":"Polygon","coordinates":[[[7.421864,43.74174],[7.421962,43.74168],[7.42202,43.741645],[7.422076,43.741694],[7.421901,43.741804],[7.421842,43.741753],[7.421847,43.741751],[7.421864,43.74174]]]}},{"type":"Feature","properties":{"kind":"building","height":0.0,"levels":null,"name":null,"building":"yes","roof":null,"colour":"yellow"},"geometry":{"type":"Polygon","coordinates":[[[7.419476,43.739272],[7.41948,43.739278],[7.419465,43.739283],[7.419508,43.739346],[7.419415,43.73938],[7.419345,43.739284],[7.419459,43.739246],[7.419476,43.739272]]]}},{"type":"Feature","properties":{"kind":"building","height":0.0,"levels":null,"name":null,"building":"yes","roof":null,"colour":null},"geometry":{"type":"Polygon","coordinates":[[[7.427076,43.743463],[7.426935,43.743398],[7.426948,43.74339],[7.42706,43.743317],[7.427227,43.743394],[7.42711,43.74351],[7.427058,43.743481],[7.427076,43.743463]]]}},{"type":"Feature","properties":{"kind":"building","height":0.0,"levels":null,"name":null,"building":"yes","roof":null,"colour":null},"geometry":{"type":"Polygon","coordinates":[[[7.419029,43.74228],[7.419035,43.742274],[7.419061,43.742252],[7.41909,43.742232],[7.419128,43.742256],[7.4191,43.742279],[7.419039,43.742287],[7.419029,43.74228]]]}},{"type":"Feature","properties":{"kind":"building","height":0.0,"levels":null,"name":null,"building":"yes","roof":null,"colour":null},"geometry":{"type":"Polygon","coordinates":[[[7.421811,43.743114],[7.421813,43.74312],[7.421788,43.743142],[7.421759,43.743122],[7.421728,43.743146],[7.421655,43.743094],[7.421721,43.743048],[7.421811,43.743114]]]}},{"type":"Feature","properties":{"kind":"building","height":0.0,"levels":null,"name":null,"building":"yes","roof":null,"colour":null},"geometry":{"type":"Polygon","coordinates":[[[7.42548,43.742408],[7.425472,43.742404],[7.425463,43.742396],[7.425457,43.742386],[7.425455,43.742376],[7.425467,43.742365],[7.425503,43.742393],[7.42548,43.742408]]]}},{"type":"Feature","properties":{"kind":"building","height":0.0,"levels":null,"name":null,"building":"yes","roof":null,"colour":null},"geometry":{"type":"Polygon","coordinates":[[[7.42089,43.742],[7.42091,43.741985],[7.420958,43.742019],[7.420952,43.742024],[7.420963,43.742032],[7.420949,43.742042],[7.420893,43.742005],[7.42089,43.742]]]}},{"type":"Feature","properties":{"kind":"building","height":0.0,"levels":null,"name":"Maison J Barral","building":"yes","roof":null,"colour":null},"geometry":{"type":"Polygon","coordinates":[[[7.422163,43.742707],[7.422148,43.742718],[7.421996,43.742656],[7.422082,43.742586],[7.422133,43.742621],[7.42217,43.742594],[7.422241,43.742643],[7.422163,43.742707]]]}},{"type":"Feature","properties":{"kind":"building","height":0.0,"levels":null,"name":null,"building":"yes","roof":null,"colour":null},"geometry":{"type":"Polygon","coordinates":[[[7.420155,43.743362],[7.420144,43.743372],[7.420075,43.743329],[7.420088,43.743319],[7.420102,43.743324],[7.420123,43.743335],[7.420141,43.743348],[7.420155,43.743362]]]}},{"type":"Feature","properties":{"kind":"building","height":0.0,"levels":null,"name":null,"building":"yes","roof":null,"colour":null},"geometry":{"type":"Polygon","coordinates":[[[7.419557,43.742733],[7.419524,43.74276],[7.419509,43.742772],[7.419442,43.742729],[7.41948,43.742696],[7.419518,43.742719],[7.419525,43.742714],[7.419557,43.742733]]]}},{"type":"Feature","properties":{"kind":"building","height":0.0,"levels":null,"name":null,"building":"yes","roof":null,"colour":null},"geometry":{"type":"Polygon","coordinates":[[[7.419687,43.739279],[7.419522,43.739341],[7.41948,43.739278],[7.419476,43.739272],[7.419523,43.739256],[7.419534,43.739272],[7.419617,43.739236],[7.419687,43.739279]]]}},{"type":"Feature","properties":{"kind":"building","height":0.0,"levels":null,"name":null,"building":"yes","roof":null,"colour":null},"geometry":{"type":"Polygon","coordinates":[[[7.423748,43.742224],[7.423728,43.742202],[7.423787,43.742171],[7.42386,43.742232],[7.423812,43.742257],[7.423789,43.742269],[7.423768,43.742245],[7.423748,43.742224]]]}},{"type":"Feature","properties":{"kind":"building","height":0.0,"levels":null,"name":null,"building":"yes","roof":null,"colour":null},"geometry":{"type":"Polygon","coordinates":[[[7.420517,43.741264],[7.420556,43.74125],[7.420608,43.741232],[7.420721,43.741191],[7.42081,43.741326],[7.420598,43.741402],[7.420504,43.741268],[7.420517,43.741264]]]}},{"type":"Feature","properties":{"kind":"building","height":0.0,"levels":null,"name":null,"building":"apartments","roof":null,"colour":null},"geometry":{"type":"Polygon","coordinates":[[[7.425088,43.742599],[7.425064,43.742614],[7.424978,43.742668],[7.424864,43.742568],[7.424947,43.742517],[7.425017,43.742572],[7.425038,43.742558],[7.425088,43.742599]]]}},{"type":"Feature","properties":{"kind":"building","height":16.0,"levels":"5","name":"Le Centre","building":"civic","roof":null,"colour":null},"geometry":{"type":"Polygon","coordinates":[[[7.425164,43.743606],[7.425183,43.743589],[7.425262,43.743518],[7.42546,43.743645],[7.425408,43.743684],[7.425352,43.743724],[7.425267,43.743672],[7.425164,43.743606]]]}},{"type":"Feature","properties":{"kind":"building","height":0.0,"levels":null,"name":null,"building":"yes","roof":null,"colour":null},"geometry":{"type":"Polygon","coordinates":[[[7.424849,43.742941],[7.424779,43.74289],[7.424853,43.742848],[7.424956,43.742791],[7.425091,43.742909],[7.425085,43.742925],[7.42495,43.743016],[7.424849,43.742941]]]}},{"type":"Feature","properties":{"kind":"building","height":0.0,"levels":null,"name":null,"building":"yes","roof":null,"colour":null},"geometry":{"type":"Polygon","coordinates":[[[7.421901,43.741804],[7.422076,43.741694],[7.422088,43.741686],[7.422142,43.74173],[7.422025,43.741807],[7.42193,43.74187],[7.421877,43.74182],[7.421901,43.741804]]]}},{"type":"Feature","properties":{"kind":"building","height":0.0,"levels":null,"name":null,"building":"yes","roof":null,"colour":null},"geometry":{"type":"Polygon","coordinates":[[[7.419973,43.741451],[7.42007,43.741414],[7.420092,43.741443],[7.420082,43.741446],[7.420119,43.741495],[7.420015,43.741536],[7.419957,43.741458],[7.419973,43.741451]]]}},{"type":"Feature","properties":{"kind":"building","height":0.0,"levels":null,"name":null,"building":"yes","roof":null,"colour":null},"geometry":{"type":"Polygon","coordinates":[[[7.42161,43.743121],[7.421543,43.743178],[7.42147,43.743134],[7.4215,43.743109],[7.421533,43.743128],[7.421582,43.743084],[7.421622,43.74311],[7.42161,43.743121]]]}},{"type":"Feature","properties":{"kind":"building","height":0.0,"levels":null,"name":null,"building":"yes","roof":null,"colour":null},"geometry":{"type":"Polygon","coordinates":[[[7.418877,43.742652],[7.418934,43.742602],[7.419009,43.742647],[7.419022,43.742659],[7.418904,43.742763],[7.418836,43.742724],[7.418901,43.742666],[7.418877,43.742652]]]}},{"type":"Feature","properties":{"kind":"building","height":0.0,"levels":null,"name":null,"building":"yes","roof":null,"colour":null},"geometry":{"type":"Polygon","coordinates":[[[7.420503,43.741483],[7.420389,43.741525],[7.420383,43.741527],[7.420375,43.74153],[7.420195,43.741205],[7.420278,43.741158],[7.420384,43.741265],[7.420503,43.741483]]]}},{"type":"Feature","properties":{"kind":"building","height":0.0,"levels":null,"name":null,"building":"yes","roof":null,"colour":null},"geometry":{"type":"Polygon","coordinates":[[[7.425038,43.743196],[7.425098,43.74314],[7.425152,43.743186],[7.425193,43.743221],[7.425086,43.743292],[7.425001,43.743236],[7.42505,43.743204],[7.425038,43.743196]]]}},{"type":"Feature","properties":{"kind":"building","height":0.0,"levels":null,"name":null,"building":"yes","roof":null,"colour":null},"geometry":{"type":"Polygon","coordinates":[[[7.422734,43.741802],[7.422701,43.74177],[7.422792,43.741724],[7.422835,43.741756],[7.422874,43.741801],[7.422773,43.74185],[7.422763,43.741837],[7.422734,43.741802]]]}},{"type":"Feature","properties":{"kind":"building","height":0.0,"levels":null,"name":null,"building":"yes","roof":null,"colour":null},"geometry":{"type":"Polygon","coordinates":[[[7.422773,43.742607],[7.422648,43.742673],[7.422567,43.742591],[7.422657,43.742546],[7.422683,43.742572],[7.422703,43.742591],[7.422739,43.742572],[7.422773,43.742607]]]}},{"type":"Feature","properties":{"kind":"building","height":0.0,"levels":null,"name":null,"building":"yes","roof":null,"colour":null},"geometry":{"type":"Polygon","coordinates":[[[7.419725,43.742617],[7.41967,43.742666],[7.419657,43.74266],[7.419648,43.742667],[7.419583,43.742637],[7.419608,43.742616],[7.419649,43.742583],[7.419725,43.742617]]]}},{"type":"Feature","properties":{"kind":"building","height":0.0,"levels":null,"name":null,"building":"yes","roof":null,"colour":null},"geometry":{"type":"Polygon","coordinates":[[[7.425267,43.741513],[7.425328,43.741519],[7.425384,43.741617],[7.425264,43.741736],[7.425185,43.741671],[7.425207,43.741656],[7.425155,43.741612],[7.425267,43.741513]]]}},{"type":"Feature","properties":{"kind":"building","height":0.0,"levels":null,"name":null,"building":"yes","roof":null,"colour":null},"geometry":{"type":"Polygon","coordinates":[[[7.420579,43.74101],[7.420528,43.740982],[7.420586,43.74093],[7.420616,43.740947],[7.420601,43.740961],[7.420621,43.740973],[7.420596,43.740995],[7.420579,43.74101]]]}},{"type":"Feature","properties":{"kind":"building","height":0.0,"levels":null,"name":null,"building":"yes","roof":null,"colour":null},"geometry":{"type":"Polygon","coordinates":[[[7.420701,43.740424],[7.420582,43.740506],[7.420448,43.740426],[7.420442,43.740431],[7.420401,43.740407],[7.420534,43.740313],[7.420549,43.740303],[7.420701,43.740424]]]}},{"type":"Feature","properties":{"kind":"building","height":0.0,"levels":null,"name":null,"building":"yes","roof":null,"colour":null},"geometry":{"type":"Polygon","coordinates":[[[7.422026,43.742238],[7.422091,43.742208],[7.422148,43.742273],[7.422103,43.742293],[7.422117,43.742309],[7.422062,43.742335],[7.421991,43.742254],[7.422026,43.742238]]]}},{"type":"Feature","properties":{"kind":"building","height":0.0,"levels":null,"name":null,"building":"apartments","roof":null,"colour":null},"geometry":{"type":"Polygon","coordinates":[[[7.424687,43.742751],[7.424702,43.742738],[7.424804,43.742659],[7.424956,43.742791],[7.424853,43.742848],[7.424802,43.742803],[7.424768,43.742822],[7.424687,43.742751]]]}},{"type":"Feature","properties":{"kind":"building","height":0.0,"levels":null,"name":"Les Glycines","building":"yes","roof":null,"colour":null},"geometry":{"type":"Polygon","coordinates":[[[7.425088,43.742599],[7.425038,43.742558],[7.424982,43.742513],[7.425104,43.742438],[7.425227,43.742537],[7.425131,43.742602],[7.425109,43.742616],[7.425088,43.742599]]]}},{"type":"Feature","properties":{"kind":"building","height":0.0,"levels":null,"name":null,"building":"yes","roof":null,"colour":null},"geometry":{"type":"Polygon","coordinates":[[[7.424989,43.743243],[7.424879,43.74317],[7.424882,43.743154],[7.424926,43.743125],[7.425038,43.743196],[7.42505,43.743204],[7.425001,43.743236],[7.424989,43.743243]]]}},{"type":"Feature","properties":{"kind":"building","height":0.0,"levels":null,"name":null,"building":"yes","roof":null,"colour":null},"geometry":{"type":"Polygon","coordinates":[[[7.425845,43.742182],[7.425874,43.742169],[7.425989,43.742116],[7.426018,43.742185],[7.425932,43.742232],[7.425884,43.742183],[7.425858,43.742196],[7.425845,43.742182]]]}},{"type":"Feature","properties":{"kind":"building","height":0.0,"levels":null,"name":null,"building":"yes","roof":null,"colour":null},"geometry":{"type":"Polygon","coordinates":[[[7.4247,43.742148],[7.424508,43.742106],[7.424574,43.741993],[7.424609,43.741933],[7.424642,43.741911],[7.424712,43.741974],[7.424719,43.742158],[7.4247,43.742148]]]}},{"type":"Feature","properties":{"kind":"building","height":0.0,"levels":null,"name":"La Maisonnette","building":"yes","roof":null,"colour":null},"geometry":{"type":"Polygon","coordinates":[[[7.422826,43.742517],[7.422835,43.742525],[7.422862,43.742552],[7.422796,43.742586],[7.422725,43.742519],[7.422763,43.742501],[7.422796,43.742533],[7.422826,43.742517]]]}},{"type":"Feature","properties":{"kind":"building","height":0.0,"levels":null,"name":"Villa Marie","building":"yes","roof":null,"colour":null},"geometry":{"type":"Polygon","coordinates":[[[7.424011,43.743591],[7.424066,43.743604],[7.424026,43.743654],[7.423957,43.743719],[7.423848,43.743675],[7.423913,43.743594],[7.423992,43.743624],[7.424011,43.743591]]]}},{"type":"Feature","properties":{"kind":"building","height":0.0,"levels":null,"name":null,"building":"yes","roof":null,"colour":null},"geometry":{"type":"Polygon","coordinates":[[[7.421983,43.742028],[7.422051,43.74197],[7.422067,43.74196],[7.422191,43.742087],[7.422179,43.742094],[7.422139,43.742116],[7.422091,43.742143],[7.421983,43.742028]]]}},{"type":"Feature","properties":{"kind":"building","height":0.0,"levels":null,"name":null,"building":"yes","roof":null,"colour":null},"geometry":{"type":"Polygon","coordinates":[[[7.425786,43.742215],[7.425737,43.742243],[7.425734,43.742241],[7.425599,43.74213],[7.425738,43.742005],[7.425769,43.742043],[7.425677,43.742125],[7.425786,43.742215]]]}},{"type":"Feature","properties":{"kind":"building","height":0.0,"levels":null,"name":null,"building":"yes","roof":null,"colour":null},"geometry":{"type":"Polygon","coordinates":[[[7.426932,43.743239],[7.426943,43.743249],[7.426966,43.743268],[7.426991,43.743285],[7.42706,43.743317],[7.426948,43.74339],[7.426837,43.743306],[7.426932,43.743239]]]}},{"type":"Feature","properties":{"kind":"building","height":0.0,"levels":null,"name":null,"building":"yes","roof":null,"colour":null},"geometry":{"type":"Polygon","coordinates":[[[7.42203,43.74148],[7.422013,43.74149],[7.421987,43.741506],[7.42184,43.741388],[7.421969,43.741304],[7.42212,43.741423],[7.422042,43.741472],[7.42203,43.74148]]]}},{"type":"Feature","properties":{"kind":"building","height":0.0,"levels":null,"name":null,"building":"yes","roof":null,"colour":null},"geometry":{"type":"Polygon","coordinates":[[[7.419323,43.741814],[7.419379,43.741891],[7.41934,43.741948],[7.419335,43.741953],[7.419291,43.741938],[7.419312,43.741909],[7.419264,43.741889],[7.419323,43.741814]]]}},{"type":"Feature","properties":{"kind":"building","height":0.0,"levels":null,"name":null,"building":"yes","roof":null,"colour":null},"geometry":{"type":"Polygon","coordinates":[[[7.419946,43.743724],[7.419877,43.743673],[7.419954,43.743601],[7.420065,43.743668],[7.420017,43.743711],[7.420078,43.74375],[7.420031,43.743791],[7.419946,43.743724]]]}},{"type":"Feature","properties":{"kind":"building","height":0.0,"levels":null,"name":null,"building":"apartments","roof":null,"colour":null},"geometry":{"type":"Polygon","coordinates":[[[7.419476,43.739272],[7.419459,43.739246],[7.419437,43.739213],[7.41952,43.739177],[7.419617,43.739236],[7.419534,43.739272],[7.419523,43.739256],[7.419476,43.739272]]]}},{"type":"Feature","properties":{"kind":"building","height":0.0,"levels":null,"name":"Pilchouna","building":"yes","roof":null,"colour":null},"geometry":{"type":"Polygon","coordinates":[[[7.423205,43.743105],[7.423133,43.743057],[7.423019,43.742983],[7.423157,43.742904],[7.423196,43.742936],[7.423159,43.74296],[7.423273,43.74306],[7.423205,43.743105]]]}},{"type":"Feature","properties":{"kind":"building","height":0.0,"levels":null,"name":null,"building":"yes","roof":null,"colour":null},"geometry":{"type":"Polygon","coordinates":[[[7.422749,43.741695],[7.422708,43.741723],[7.422678,43.741702],[7.422646,43.741723],[7.422572,43.741661],[7.422631,43.741621],[7.422642,43.741621],[7.422749,43.741695]]]}},{"type":"Feature","properties":{"kind":"building","height":0.0,"levels":null,"name":null,"building":"yes","roof":null,"colour":null},"geometry":{"type":"Polygon","coordinates":[[[7.424655,43.742769],[7.424603,43.742734],[7.424665,43.742689],[7.424682,43.742702],[7.42467,43.742712],[7.424702,43.742738],[7.424687,43.742751],[7.424655,43.742769]]]}},{"type":"Feature","properties":{"kind":"building","height":0.0,"levels":null,"name":null,"building":"yes","roof":null,"colour":null},"geometry":{"type":"Polygon","coordinates":[[[7.421356,43.741534],[7.421439,43.741494],[7.421441,43.741496],[7.421481,43.741476],[7.421531,43.741515],[7.421482,43.741539],[7.421502,43.74156],[7.421418,43.741601],[7.421356,43.741534]]]}},{"type":"Feature","properties":{"kind":"building","height":0.0,"levels":null,"name":null,"building":"yes","roof":null,"colour":null},"geometry":{"type":"Polygon","coordinates":[[[7.422981,43.741977],[7.422897,43.742006],[7.422882,43.742011],[7.422784,43.741851],[7.422847,43.741825],[7.422845,43.741821],[7.422872,43.74181],[7.42293,43.741896],[7.422981,43.741977]]]}},{"type":"Feature","properties":{"kind":"building","height":0.0,"levels":null,"name":null,"building":"yes","roof":null,"colour":null},"geometry":{"type":"Polygon","coordinates":[[[7.423317,43.742394],[7.423418,43.742337],[7.423476,43.742387],[7.423371,43.742449],[7.423356,43.742435],[7.423376,43.742422],[7.423349,43.742398],[7.423334,43.742408],[7.423317,43.742394]]]}},{"type":"Feature","properties":{"kind":"building","height":0.0,"levels":null,"name":null,"building":"yes","roof":null,"colour":null},"geometry":{"type":"Polygon","coordinates":[[[7.419717,43.742214],[7.419724,43.742224],[7.419713,43.74226],[7.419615,43.742245],[7.41957,43.742185],[7.419647,43.742153],[7.419664,43.742176],[7.419687,43.742208],[7.419717,43.742214]]]}},{"type":"Feature","properties":{"kind":"building","height":0.0,"levels":null,"name":null,"building":"yes","roof":null,"colour":null},"geometry":{"type":"Polygon","coordinates":[[[7.419902,43.742781],[7.419963,43.742811],[7.419955,43.74282],[7.419993,43.74284],[7.419913,43.742918],[7.419875,43.742898],[7.41989,43.74288],[7.419832,43.742849],[7.419902,43.742781]]]}},{"type":"Feature","properties":{"kind":"building","height":0.0,"levels":null,"name":"Maison Jh Barla","building":"yes","roof":null,"colour":null},"geometry":{"type":"Polygon","coordinates":[[[7.422076,43.742756],[7.422189,43.74281],[7.422121,43.742883],[7.422066,43.742857],[7.422024,43.742904],[7.421931,43.742862],[7.421961,43.742825],[7.421999,43.742843],[7.422076,43.742756]]]}},{"type":"Feature","properties":{"kind":"building","height":0.0,"levels":null,"name":null,"building":"yes","roof":null,"colour":null},"geometry":{"type":"Polygon","coordinates":[[[7.4267813,43.743292],[7.4267021,43.7432381],[7.426696,43.743232],[7.426835,43.743144],[7.426879,43.743153],[7.426932,43.743239],[7.426837,43.743306],[7.426801,43.743279],[7.4267813,43.743292]]]}},{"type":"Feature","properties":{"kind":"building","height":0.0,"levels":null,"name":null,"building":"yes","roof":null,"colour":null},"geometry":{"type":"Polygon","coordinates":[[[7.421991,43.742254],[7.421951,43.742272],[7.421919,43.742264],[7.421879,43.742219],[7.421855,43.74223],[7.421814,43.742183],[7.421922,43.742113],[7.422026,43.742238],[7.421991,43.742254]]]}},{"type":"Feature","properties":{"kind":"building","height":0.0,"levels":null,"name":null,"building":"yes","roof":null,"colour":null},"geometry":{"type":"Polygon","coordinates":[[[7.421336,43.741161],[7.421197,43.741214],[7.421178,43.741188],[7.421201,43.741179],[7.421174,43.741142],[7.421152,43.741151],[7.421119,43.741104],[7.421234,43.74106],[7.421336,43.741161]]]}},{"type":"Feature","properties":{"kind":"building","height":12.8,"levels":"4","name":"Villa Ch\u00eane","building":"yes","roof":"hipped","colour":null},"geometry":{"type":"Polygon","coordinates":[[[7.423673,43.74322],[7.423645,43.743201],[7.423665,43.743184],[7.423596,43.74314],[7.42368,43.743073],[7.423854,43.743185],[7.423768,43.743253],[7.423692,43.743204],[7.423673,43.74322]]]}},{"type":"Feature","properties":{"kind":"building","height":0.0,"levels":null,"name":"Villa Cyrnos","building":"yes","roof":null,"colour":null},"geometry":{"type":"Polygon","coordinates":[[[7.419823,43.740226],[7.419877,43.740246],[7.419821,43.740325],[7.419817,43.740324],[7.419785,43.740364],[7.419661,43.740312],[7.419717,43.740238],[7.419793,43.740268],[7.419823,43.740226]]]}},{"type":"Feature","properties":{"kind":"building","height":0.0,"levels":null,"name":null,"building":"yes","roof":null,"colour":null},"geometry":{"type":"Polygon","coordinates":[[[7.421893,43.741635],[7.421806,43.741688],[7.421788,43.741699],[7.421772,43.741708],[7.421676,43.741628],[7.421847,43.741519],[7.421866,43.741507],[7.421966,43.741588],[7.421893,43.741635]]]}},{"type":"Feature","properties":{"kind":"building","height":0.0,"levels":null,"name":null,"building":"yes","roof":null,"colour":null},"geometry":{"type":"Polygon","coordinates":[[[7.421081,43.740384],[7.421139,43.740344],[7.421228,43.7404],[7.421247,43.740388],[7.421287,43.740416],[7.421243,43.740447],[7.421249,43.740452],[7.421216,43.740473],[7.421081,43.740384]]]}},{"type":"Feature","properties":{"kind":"building","height":0.0,"levels":null,"name":"Maison L'Berro","building":"yes","roof":null,"colour":null},"geometry":{"type":"Polygon","coordinates":[[[7.425204,43.742399],[7.425089,43.742305],[7.425168,43.742221],[7.425226,43.742248],[7.425282,43.742278],[7.425314,43.742296],[7.425262,43.742345],[7.42525,43.742356],[7.425204,43.742399]]]}},{"type":"Feature","properties":{"kind":"building","height":0.0,"levels":null,"name":null,"building":"yes","roof":null,"colour":null},"geometry":{"type":"Polygon","coordinates":[[[7.422875,43.742775],[7.422879,43.742778],[7.422795,43.742823],[7.422772,43.742795],[7.422756,43.742804],[7.422729,43.742778],[7.422738,43.742773],[7.422826,43.742722],[7.422875,43.742775]]]}},{"type":"Feature","properties":{"kind":"building","height":0.0,"levels":null,"name":"Sam-Soffit","building":"yes","roof":null,"colour":null},"geometry":{"type":"Polygon","coordinates":[[[7.423997,43.743386],[7.424083,43.743427],[7.424014,43.743501],[7.423981,43.743485],[7.423966,43.743501],[7.423924,43.743479],[7.423936,43.743465],[7.423926,43.743459],[7.423997,43.743386]]]}},{"type":"Feature","properties":{"kind":"building","height":0.0,"levels":null,"name":null,"building":"yes","roof":null,"colour":null},"geometry":{"type":"Polygon","coordinates":[[[7.424075,43.742927],[7.423978,43.742916],[7.423887,43.742904],[7.42387,43.742902],[7.423895,43.742697],[7.423921,43.74267],[7.423945,43.742666],[7.424201,43.742829],[7.424075,43.742927]]]}},{"type":"Feature","properties":{"kind":"building","height":0.0,"levels":null,"name":null,"building":"yes","roof":null,"colour":null},"geometry":{"type":"Polygon","coordinates":[[[7.423562,43.742596],[7.423643,43.742546],[7.423709,43.742597],[7.423626,43.742649],[7.423604,43.74263],[7.423592,43.742636],[7.423572,43.742621],[7.423582,43.742613],[7.423562,43.742596]]]}},{"type":"Feature","properties":{"kind":"building","height":0.0,"levels":null,"name":null,"building":"yes","roof":null,"colour":null},"geometry":{"type":"Polygon","coordinates":[[[7.423969,43.743142],[7.42402,43.743178],[7.42415,43.743267],[7.42402,43.743361],[7.424013,43.743365],[7.424006,43.743354],[7.423949,43.743179],[7.423946,43.743148],[7.423969,43.743142]]]}},{"type":"Feature","properties":{"kind":"building","height":0.0,"levels":null,"name":null,"building":"yes","roof":null,"colour":null},"geometry":{"type":"Polygon","coordinates":[[[7.41939,43.742921],[7.419402,43.742911],[7.419443,43.742875],[7.419636,43.743],[7.41949,43.743102],[7.419486,43.743103],[7.419409,43.743028],[7.419481,43.74298],[7.41939,43.742921]]]}},{"type":"Feature","properties":{"kind":"building","height":0.0,"levels":null,"name":null,"building":"yes","roof":null,"colour":null},"geometry":{"type":"Polygon","coordinates":[[[7.424473,43.7409391],[7.4244847,43.7409695],[7.4244991,43.7409616],[7.4245997,43.7410583],[7.4245816,43.7410681],[7.4246085,43.741094],[7.4244403,43.7411853],[7.4242849,43.7410359],[7.424473,43.7409391]]]}},{"type":"Feature","properties":{"kind":"building","height":0.0,"levels":null,"name":null,"building":"yes","roof":null,"colour":null},"geometry":{"type":"Polygon","coordinates":[[[7.423339,43.741991],[7.423346,43.741998],[7.423314,43.742013],[7.423336,43.742038],[7.423286,43.742059],[7.423251,43.74202],[7.423304,43.741996],[7.423312,43.742004],[7.423339,43.741991]]]}},{"type":"Feature","properties":{"kind":"building","height":0.0,"levels":null,"name":"Maison Leotard","building":"yes","roof":null,"colour":null},"geometry":{"type":"Polygon","coordinates":[[[7.42121,43.741041],[7.421103,43.741082],[7.421043,43.741001],[7.421052,43.740984],[7.421058,43.740967],[7.421063,43.740949],[7.421065,43.740931],[7.421066,43.740923],[7.42121,43.741041]]]}},{"type":"Feature","properties":{"kind":"building","height":0.0,"levels":null,"name":"Villa Musika","building":"yes","roof":null,"colour":null},"geometry":{"type":"Polygon","coordinates":[[[7.418935,43.740304],[7.41892,43.74025],[7.418907,43.740252],[7.418894,43.740199],[7.41905,43.740175],[7.419076,43.740256],[7.419062,43.740258],[7.41907,43.740284],[7.418935,43.740304]]]}},{"type":"Feature","properties":{"kind":"building","height":0.0,"levels":null,"name":null,"building":"yes","roof":null,"colour":null},"geometry":{"type":"Polygon","coordinates":[[[7.421525,43.742785],[7.421559,43.742756],[7.421625,43.742798],[7.421606,43.742814],[7.421653,43.742842],[7.421622,43.742874],[7.421548,43.742829],[7.421569,43.742812],[7.421525,43.742785]]]}},{"type":"Feature","properties":{"kind":"building","height":0.0,"levels":null,"name":null,"building":"yes","roof":null,"colour":null},"geometry":{"type":"Polygon","coordinates":[[[7.419553,43.740275],[7.419509,43.740258],[7.419473,43.740243],[7.41954,43.740159],[7.41959,43.74018],[7.419588,43.740183],[7.419634,43.740202],[7.419573,43.740283],[7.419553,43.740275]]]}},{"type":"Feature","properties":{"kind":"building","height":0.0,"levels":null,"name":null,"building":"yes","roof":null,"colour":null},"geometry":{"type":"Polygon","coordinates":[[[7.420351,43.742108],[7.420332,43.742084],[7.420344,43.74208],[7.420295,43.742017],[7.420405,43.741973],[7.42043,43.742006],[7.420418,43.742011],[7.42046,43.742064],[7.420351,43.742108]]]}},{"type":"Feature","properties":{"kind":"building","height":0.0,"levels":null,"name":"Le Rivi\u00e9ra","building":"yes","roof":null,"colour":null},"geometry":{"type":"Polygon","coordinates":[[[7.4263187,43.743634],[7.4264586,43.7435419],[7.4267379,43.7437389],[7.4266544,43.7438046],[7.4266174,43.7437776],[7.4266042,43.7437868],[7.4264069,43.74364],[7.4263575,43.7436454],[7.4263187,43.743634]]]}},{"type":"Feature","properties":{"kind":"building","height":0.0,"levels":null,"name":"Villa Blanche","building":"yes","roof":null,"colour":null},"geometry":{"type":"Polygon","coordinates":[[[7.419924,43.740262],[7.419973,43.74028],[7.41994,43.740324],[7.419974,43.740337],[7.419909,43.740423],[7.419821,43.740389],[7.419884,43.740301],[7.419892,43.740305],[7.419924,43.740262]]]}},{"type":"Feature","properties":{"kind":"building","height":0.0,"levels":null,"name":null,"building":"yes","roof":null,"colour":null},"geometry":{"type":"Polygon","coordinates":[[[7.424137,43.743397],[7.424095,43.743368],[7.424086,43.743374],[7.424059,43.743355],[7.424134,43.743299],[7.424162,43.743319],[7.424169,43.743314],[7.424211,43.743344],[7.424137,43.743397]]]}},{"type":"Feature","properties":{"kind":"building","height":0.0,"levels":null,"name":null,"building":"yes","roof":null,"colour":null},"geometry":{"type":"Polygon","coordinates":[[[7.421629,43.74055],[7.421663,43.740578],[7.421555,43.74064],[7.421603,43.74067],[7.421577,43.740686],[7.421555,43.740683],[7.421541,43.74069],[7.42147,43.74064],[7.421629,43.74055]]]}},{"type":"Feature","properties":{"kind":"building","height":0.0,"levels":null,"name":null,"building":"yes","roof":null,"colour":null},"geometry":{"type":"Polygon","coordinates":[[[7.422358,43.743101],[7.422335,43.743116],[7.42221,43.743015],[7.422236,43.742997],[7.422249,43.743005],[7.422352,43.742935],[7.42245,43.743013],[7.42234,43.743086],[7.422358,43.743101]]]}},{"type":"Feature","properties":{"kind":"building","height":0.0,"levels":null,"name":null,"building":"yes","roof":null,"colour":null},"geometry":{"type":"Polygon","coordinates":[[[7.423252,43.743687],[7.423189,43.743673],[7.423363,43.743531],[7.423499,43.743609],[7.423426,43.743677],[7.423401,43.743677],[7.423319,43.743629],[7.423286,43.743657],[7.423252,43.743687]]]}},{"type":"Feature","properties":{"kind":"building","height":0.0,"levels":null,"name":"Villa Laurent","building":"yes","roof":null,"colour":null},"geometry":{"type":"Polygon","coordinates":[[[7.420076,43.740235],[7.420159,43.740091],[7.420168,43.740095],[7.420208,43.740114],[7.420323,43.74017],[7.420205,43.740297],[7.420101,43.740249],[7.420105,43.740245],[7.420076,43.740235]]]}},{"type":"Feature","properties":{"kind":"building","height":0.0,"levels":null,"name":null,"building":"yes","roof":null,"colour":null},"geometry":{"type":"Polygon","coordinates":[[[7.425734,43.742241],[7.425585,43.742336],[7.425574,43.742343],[7.425556,43.742355],[7.42552,43.742384],[7.42542,43.742314],[7.425418,43.742303],[7.425599,43.74213],[7.425734,43.742241]]]}},{"type":"Feature","properties":{"kind":"building","height":0.0,"levels":null,"name":null,"building":"yes","roof":null,"colour":null},"geometry":{"type":"Polygon","coordinates":[[[7.424152,43.743415],[7.424237,43.743358],[7.4243,43.743395],[7.424297,43.743397],[7.424327,43.743415],[7.424269,43.743466],[7.424209,43.743433],[7.424199,43.743441],[7.424152,43.743415]]]}},{"type":"Feature","properties":{"kind":"building","height":0.0,"levels":null,"name":null,"building":"apartments","roof":null,"colour":null},"geometry":{"type":"Polygon","coordinates":[[[7.425201,43.742732],[7.425234,43.742717],[7.425301,43.742771],[7.425271,43.742792],[7.425276,43.742796],[7.425192,43.742855],[7.424978,43.742668],[7.425064,43.742614],[7.425201,43.742732]]]}},{"type":"Feature","properties":{"kind":"building","height":0.0,"levels":null,"name":null,"building":"yes","roof":null,"colour":null},"geometry":{"type":"Polygon","coordinates":[[[7.423371,43.742449],[7.423476,43.742387],[7.423533,43.742436],[7.423519,43.742444],[7.423429,43.742496],[7.423384,43.742457],[7.423377,43.742461],[7.423367,43.742452],[7.423371,43.742449]]]}},{"type":"Feature","properties":{"kind":"building","height":0.0,"levels":null,"name":null,"building":"yes","roof":null,"colour":null},"geometry":{"type":"Polygon","coordinates":[[[7.421431,43.742727],[7.421419,43.742736],[7.421401,43.742752],[7.421385,43.742742],[7.421418,43.742716],[7.42137,43.74268],[7.421408,43.74265],[7.421472,43.742692],[7.421431,43.742727]]]}},{"type":"Feature","properties":{"kind":"building","height":0.0,"levels":null,"name":"Maison Chiletti","building":"yes","roof":null,"colour":null},"geometry":{"type":"Polygon","coordinates":[[[7.420499,43.740797],[7.420533,43.740772],[7.420569,43.740794],[7.420637,43.740735],[7.420787,43.740824],[7.420709,43.740895],[7.420597,43.740828],[7.420579,43.740843],[7.420499,43.740797]]]}},{"type":"Feature","properties":{"kind":"building","height":0.0,"levels":null,"name":"Villa Lathy","building":"yes","roof":null,"colour":null},"geometry":{"type":"Polygon","coordinates":[[[7.419138,43.740257],[7.419112,43.740161],[7.419234,43.740145],[7.419258,43.740242],[7.419221,43.740247],[7.419223,43.740254],[7.419176,43.74026],[7.419174,43.740253],[7.419138,43.740257]]]}},{"type":"Feature","properties":{"kind":"building","height":0.0,"levels":null,"name":null,"building":"yes","roof":null,"colour":null},"geometry":{"type":"Polygon","coordinates":[[[7.421229,43.741984],[7.421267,43.742047],[7.421205,43.74207],[7.421241,43.742117],[7.421148,43.742175],[7.421072,43.742093],[7.421164,43.742042],[7.421148,43.742017],[7.421229,43.741984]]]}},{"type":"Feature","properties":{"kind":"building","height":0.0,"levels":null,"name":null,"building":"yes","roof":null,"colour":null},"geometry":{"type":"Polygon","coordinates":[[[7.425917,43.74224],[7.425932,43.742232],[7.426018,43.742185],[7.426023,43.742183],[7.426063,43.742233],[7.42606,43.742246],[7.425882,43.742369],[7.425804,43.742299],[7.425917,43.74224]]]}},{"type":"Feature","properties":{"kind":"building","height":0.0,"levels":null,"name":null,"building":"yes","roof":null,"colour":null},"geometry":{"type":"Polygon","coordinates":[[[7.419023,43.739179],[7.418992,43.739137],[7.418972,43.73911],[7.419035,43.739084],[7.419139,43.739029],[7.419264,43.739202],[7.41911,43.739261],[7.419044,43.739171],[7.419023,43.739179]]]}},{"type":"Feature","properties":{"kind":"building","height":0.0,"levels":null,"name":null,"building":"yes","roof":null,"colour":null},"geometry":{"type":"Polygon","coordinates":[[[7.423728,43.742202],[7.423748,43.742224],[7.423679,43.742262],[7.423687,43.742271],[7.423659,43.742287],[7.423585,43.742216],[7.423596,43.74221],[7.423645,43.742181],[7.423687,43.742157],[7.423728,43.742202]]]}},{"type":"Feature","properties":{"kind":"building","height":0.0,"levels":null,"name":null,"building":"yes","roof":null,"colour":null},"geometry":{"type":"Polygon","coordinates":[[[7.425361,43.74241],[7.425262,43.742345],[7.425314,43.742296],[7.425438,43.742385],[7.425404,43.742412],[7.42544,43.742437],[7.425421,43.742449],[7.42539,43.742426],[7.425385,43.742428],[7.425361,43.74241]]]}},{"type":"Feature","properties":{"kind":"building","height":0.0,"levels":null,"name":null,"building":"yes","roof":null,"colour":null},"geometry":{"type":"Polygon","coordinates":[[[7.421353,43.741633],[7.421366,43.741629],[7.421507,43.741865],[7.421358,43.741952],[7.421309,43.741872],[7.421369,43.741852],[7.4213,43.741739],[7.42124,43.741758],[7.421195,43.741685],[7.421353,43.741633]]]}},{"type":"Feature","properties":{"kind":"building","height":0.0,"levels":null,"name":null,"building":"yes","roof":null,"colour":null},"geometry":{"type":"Polygon","coordinates":[[[7.419625,43.742063],[7.419601,43.742071],[7.419516,43.741948],[7.419539,43.741939],[7.419548,43.741951],[7.419578,43.741994],[7.419592,43.74199],[7.419615,43.742023],[7.419603,43.74203],[7.419625,43.742063]]]}},{"type":"Feature","properties":{"kind":"building","height":0.0,"levels":null,"name":null,"building":"yes","roof":null,"colour":null},"geometry":{"type":"Polygon","coordinates":[[[7.425498,43.742455],[7.425474,43.74244],[7.425465,43.742433],[7.425528,43.742391],[7.42552,43.742384],[7.425556,43.742355],[7.425613,43.742394],[7.425577,43.742426],[7.425557,43.742411],[7.425498,43.742455]]]}},{"type":"Feature","properties":{"kind":"building","height":0.0,"levels":null,"name":null,"building":"yes","roof":null,"colour":null},"geometry":{"type":"Polygon","coordinates":[[[7.419418,43.741902],[7.419417,43.741897],[7.419475,43.741874],[7.419492,43.741894],[7.419483,43.7419],[7.419433,43.741937],[7.419418,43.741924],[7.419413,43.741912],[7.419416,43.741907],[7.419418,43.741902]]]}},{"type":"Feature","properties":{"kind":"building","height":0.0,"levels":null,"name":"La Soleiade","building":"yes","roof":null,"colour":null},"geometry":{"type":"Polygon","coordinates":[[[7.422118,43.741532],[7.422167,43.741572],[7.422297,43.741681],[7.422394,43.74176],[7.42232,43.741804],[7.422181,43.741692],[7.422041,43.741577],[7.422088,43.741549],[7.422106,43.741539],[7.422118,43.741532]]]}},{"type":"Feature","properties":{"kind":"building","height":0.0,"levels":null,"name":"Villa Riviera","building":"yes","roof":null,"colour":null},"geometry":{"type":"Polygon","coordinates":[[[7.421119,43.741104],[7.421152,43.741151],[7.421045,43.741191],[7.421075,43.741236],[7.420938,43.741284],[7.420871,43.741188],[7.420879,43.741163],[7.421043,43.741001],[7.421103,43.741082],[7.421119,43.741104]]]}},{"type":"Feature","properties":{"kind":"building","height":0.0,"levels":null,"name":null,"building":"yes","roof":null,"colour":null},"geometry":{"type":"Polygon","coordinates":[[[7.425627,43.742398],[7.425668,43.742428],[7.425689,43.742414],[7.425751,43.742461],[7.425686,43.742506],[7.425647,43.742476],[7.425653,43.74247],[7.425603,43.742434],[7.425595,43.742428],[7.425627,43.742398]]]}},{"type":"Feature","properties":{"kind":"building","height":0.0,"levels":null,"name":null,"building":"yes","roof":null,"colour":null},"geometry":{"type":"Polygon","coordinates":[[[7.423135,43.741928],[7.423013,43.741969],[7.422942,43.741854],[7.423021,43.741826],[7.423069,43.741895],[7.423186,43.741853],[7.423174,43.741836],[7.423201,43.741825],[7.423241,43.741877],[7.423135,43.741928]]]}},{"type":"Feature","properties":{"kind":"building","height":0.0,"levels":null,"name":null,"building":"yes","roof":null,"colour":null},"geometry":{"type":"Polygon","coordinates":[[[7.418961,43.739006],[7.418933,43.738987],[7.419028,43.738929],[7.419109,43.738869],[7.4191274,43.7388804],[7.4191546,43.7388973],[7.419201,43.738926],[7.41903,43.73901],[7.419017,43.739003],[7.418969,43.739038],[7.418943,43.739019],[7.418961,43.739006]]]}},{"type":"Feature","properties":{"kind":"building","height":0.0,"levels":null,"name":null,"building":"yes","roof":null,"colour":null},"geometry":{"type":"Polygon","coordinates":[[[7.42468,43.7429],[7.424597,43.742976],[7.424491,43.742909],[7.424539,43.742871],[7.424562,43.742884],[7.424621,43.742837],[7.424599,43.742824],[7.424653,43.742782],[7.424738,43.742856],[7.42468,43.7429]]]}},{"type":"Feature","properties":{"kind":"building","height":0.0,"levels":null,"name":null,"building":"yes","roof":null,"colour":null},"geometry":{"type":"Polygon","coordinates":[[[7.423626,43.742649],[7.423709,43.742597],[7.42383,43.742694],[7.423777,43.742768],[7.423675,43.742696],[7.423686,43.742687],[7.423661,43.74267],[7.423649,43.742677],[7.423616,43.742655],[7.423626,43.742649]]]}},{"type":"Feature","properties":{"kind":"building","height":0.0,"levels":null,"name":null,"building":"yes","roof":null,"colour":null},"geometry":{"type":"Polygon","coordinates":[[[7.423333,43.74256],[7.423284,43.742591],[7.423262,43.742606],[7.423203,43.742567],[7.423158,43.742533],[7.423079,43.742469],[7.423145,43.742431],[7.423216,43.742492],[7.423235,43.742481],[7.423333,43.74256]]]}},{"type":"Feature","properties":{"kind":"building","height":0.0,"levels":null,"name":"Sperare Qui","building":"yes","roof":null,"colour":null},"geometry":{"type":"Polygon","coordinates":[[[7.419172,43.739012],[7.41926,43.738968],[7.419479,43.739103],[7.4193,43.739172],[7.419283,43.739149],[7.419292,43.73913],[7.419264,43.739123],[7.419213,43.73905],[7.419202,43.739054],[7.419172,43.739012]]]}},{"type":"Feature","properties":{"kind":"building","height":0.0,"levels":null,"name":null,"building":"yes","roof":null,"colour":null},"geometry":{"type":"Polygon","coordinates":[[[7.419717,43.741941],[7.41965,43.741966],[7.419597,43.741897],[7.419576,43.741905],[7.419567,43.741895],[7.419552,43.741901],[7.419524,43.741901],[7.4195,43.741865],[7.419626,43.741816],[7.419717,43.741941]]]}},{"type":"Feature","properties":{"kind":"building","height":0.0,"levels":null,"name":null,"building":"yes","roof":null,"colour":null},"geometry":{"type":"Polygon","coordinates":[[[7.41987,43.743667],[7.419742,43.743529],[7.419765,43.743514],[7.419786,43.74353],[7.419813,43.743512],[7.419853,43.743484],[7.419954,43.74356],[7.419892,43.743607],[7.419915,43.743623],[7.41987,43.743667]]]}},{"type":"Feature","properties":{"kind":"building","height":0.0,"levels":null,"name":null,"building":"yes","roof":null,"colour":null},"geometry":{"type":"Polygon","coordinates":[[[7.421959,43.741895],[7.422026,43.74195],[7.421941,43.742005],[7.421897,43.742034],[7.421867,43.74201],[7.421828,43.741979],[7.421931,43.741911],[7.421913,43.741898],[7.42194,43.74188],[7.421959,43.741895]]]}},{"type":"Feature","properties":{"kind":"building","height":0.0,"levels":null,"name":null,"building":"yes","roof":null,"colour":null},"geometry":{"type":"Polygon","coordinates":[[[7.419329,43.739261],[7.419345,43.739284],[7.419415,43.73938],[7.41939,43.739389],[7.419319,43.739415],[7.41925,43.739443],[7.419228,43.739413],[7.419166,43.739327],[7.419193,43.739319],[7.419329,43.739261]]]}},{"type":"Feature","properties":{"kind":"building","height":0.0,"levels":null,"name":null,"building":"yes","roof":null,"colour":null},"geometry":{"type":"Polygon","coordinates":[[[7.420617,43.740035],[7.420743,43.740169],[7.420647,43.740235],[7.420605,43.740202],[7.420557,43.740164],[7.420592,43.740141],[7.420555,43.740112],[7.420521,43.740136],[7.420481,43.740104],[7.420617,43.740035]]]}},{"type":"Feature","properties":{"kind":"building","height":0.0,"levels":null,"name":null,"building":"yes","roof":null,"colour":null},"geometry":{"type":"Polygon","coordinates":[[[7.420591,43.741792],[7.420691,43.741753],[7.420701,43.741749],[7.420755,43.74182],[7.420745,43.741824],[7.420752,43.741832],[7.420706,43.741851],[7.420699,43.741841],[7.420645,43.741863],[7.420591,43.741792]]]}},{"type":"Feature","properties":{"kind":"building","height":0.0,"levels":null,"name":null,"building":"yes","roof":null,"colour":null},"geometry":{"type":"Polygon","coordinates":[[[7.421997,43.742397],[7.422039,43.742379],[7.422125,43.742341],[7.422181,43.742424],[7.422173,43.742427],[7.42215,43.74243],[7.422155,43.742455],[7.422156,43.742458],[7.422054,43.74247],[7.421997,43.742397]]]}},{"type":"Feature","properties":{"kind":"building","height":0.0,"levels":null,"name":"Palais Martine","building":"yes","roof":null,"colour":null},"geometry":{"type":"Polygon","coordinates":[[[7.422684,43.74238],[7.422552,43.742207],[7.422668,43.74216],[7.422688,43.742186],[7.422671,43.742194],[7.422794,43.742355],[7.42275,43.742374],[7.422743,43.742375],[7.422732,43.74236],[7.422684,43.74238]]]}},{"type":"Feature","properties":{"kind":"building","height":0.0,"levels":null,"name":null,"building":"yes","roof":null,"colour":null},"geometry":{"type":"Polygon","coordinates":[[[7.419579,43.740015],[7.419553,43.740059],[7.419433,43.740027],[7.419346,43.740023],[7.419345,43.739988],[7.419337,43.739988],[7.419337,43.739974],[7.41941,43.739985],[7.419512,43.739999],[7.419533,43.740004],[7.419579,43.740015]]]}},{"type":"Feature","properties":{"kind":"building","height":0.0,"levels":null,"name":null,"building":"yes","roof":null,"colour":null},"geometry":{"type":"Polygon","coordinates":[[[7.422613,43.741821],[7.422624,43.741833],[7.422589,43.741848],[7.422597,43.741859],[7.422556,43.741877],[7.422506,43.741822],[7.422563,43.741787],[7.422572,43.741781],[7.422593,43.741801],[7.422613,43.741821]]]}},{"type":"Feature","properties":{"kind":"building","height":0.0,"levels":null,"name":null,"building":"yes","roof":null,"colour":null},"geometry":{"type":"Polygon","coordinates":[[[7.419438,43.742491],[7.419418,43.742504],[7.419408,43.742498],[7.419397,43.742491],[7.419379,43.742472],[7.419415,43.742456],[7.41943,43.742471],[7.419467,43.742456],[7.419478,43.742472],[7.419438,43.742491]]]}},{"type":"Feature","properties":{"kind":"building","height":0.0,"levels":null,"name":null,"building":"yes","roof":null,"colour":null},"geometry":{"type":"Polygon","coordinates":[[[7.425536,43.742479],[7.425516,43.742493],[7.425554,43.742522],[7.425605,43.742561],[7.425517,43.742623],[7.425484,43.742623],[7.425352,43.742518],[7.425474,43.74244],[7.425498,43.742455],[7.425536,43.742479]]]}},{"type":"Feature","properties":{"kind":"building","height":0.0,"levels":null,"name":null,"building":"yes","roof":null,"colour":null},"geometry":{"type":"Polygon","coordinates":[[[7.425585,43.742336],[7.425734,43.742241],[7.425737,43.742243],[7.425773,43.742273],[7.425762,43.742279],[7.425751,43.742284],[7.425694,43.742318],[7.425622,43.742362],[7.425596,43.742344],[7.425585,43.742336]]]}},{"type":"Feature","properties":{"kind":"building","height":0.0,"levels":null,"name":null,"building":"yes","roof":null,"colour":null},"geometry":{"type":"Polygon","coordinates":[[[7.421704,43.741914],[7.421661,43.741876],[7.42164,43.741888],[7.421592,43.741843],[7.42176,43.741742],[7.42185,43.741825],[7.421904,43.741881],[7.421765,43.741968],[7.421763,43.741966],[7.421704,43.741914]]]}},{"type":"Feature","properties":{"kind":"building","height":0.0,"levels":null,"name":null,"building":"yes","roof":null,"colour":null},"geometry":{"type":"Polygon","coordinates":[[[7.422563,43.741952],[7.42242,43.741876],[7.422486,43.741835],[7.422502,43.741825],[7.422567,43.741901],[7.422631,43.741876],[7.422668,43.741958],[7.422632,43.741971],[7.422601,43.741937],[7.422563,43.741952]]]}},{"type":"Feature","properties":{"kind":"building","height":0.0,"levels":null,"name":"La Jouris","building":"yes","roof":null,"colour":null},"geometry":{"type":"Polygon","coordinates":[[[7.423027,43.743372],[7.423085,43.743331],[7.423173,43.74339],[7.423213,43.743417],[7.423132,43.743472],[7.423127,43.743457],[7.423118,43.74344],[7.423105,43.743425],[7.423089,43.743411],[7.423027,43.743372]]]}},{"type":"Feature","properties":{"kind":"building","height":0.0,"levels":null,"name":"Maison J. Rolfo","building":"yes","roof":null,"colour":null},"geometry":{"type":"Polygon","coordinates":[[[7.421414,43.741266],[7.421297,43.741313],[7.421274,43.741322],[7.421254,43.741294],[7.421295,43.74128],[7.421256,43.741224],[7.421214,43.741238],[7.421197,43.741214],[7.421336,43.741161],[7.421414,43.741266]]]}},{"type":"Feature","properties":{"kind":"building","height":0.0,"levels":null,"name":null,"building":"yes","roof":null,"colour":null},"geometry":{"type":"Polygon","coordinates":[[[7.424338,43.743521],[7.424343,43.743521],[7.424483,43.743599],[7.424464,43.743617],[7.424402,43.743673],[7.424242,43.743581],[7.424251,43.743573],[7.424317,43.743526],[7.424326,43.743522],[7.424338,43.743521]]]}},{"type":"Feature","properties":{"kind":"building","height":0.0,"levels":null,"name":null,"building":"yes","roof":null,"colour":null},"geometry":{"type":"Polygon","coordinates":[[[7.419351,43.740709],[7.419363,43.740696],[7.419422,43.740631],[7.419558,43.740715],[7.419556,43.740719],[7.419608,43.74075],[7.419545,43.740803],[7.41949,43.74077],[7.419472,43.740784],[7.419351,43.740709]]]}},{"type":"Feature","properties":{"kind":"building","height":0.0,"levels":null,"name":null,"building":"yes","roof":null,"colour":null},"geometry":{"type":"Polygon","coordinates":[[[7.422181,43.742424],[7.422125,43.742341],[7.422173,43.74232],[7.42223,43.742402],[7.422214,43.742407],[7.422231,43.742445],[7.422155,43.742455],[7.42215,43.74243],[7.422173,43.742427],[7.422181,43.742424]]]}},{"type":"Feature","properties":{"kind":"building","height":0.0,"levels":null,"name":null,"building":"yes","roof":null,"colour":null},"geometry":{"type":"Polygon","coordinates":[[[7.420341,43.741097],[7.420337,43.741101],[7.420235,43.741022],[7.42033,43.740959],[7.420353,43.740956],[7.420389,43.74098],[7.420413,43.740964],[7.420477,43.740999],[7.420434,43.74103],[7.420341,43.741097]]]}},{"type":"Feature","properties":{"kind":"building","height":0.0,"levels":null,"name":null,"building":"yes","roof":null,"colour":null},"geometry":{"type":"Polygon","coordinates":[[[7.418684,43.739191],[7.418832,43.739164],[7.418968,43.739141],[7.419082,43.739297],[7.418946,43.739323],[7.418916,43.739283],[7.418861,43.739292],[7.418862,43.739304],[7.418725,43.739327],[7.418684,43.739191]]]}},{"type":"Feature","properties":{"kind":"building","height":0.0,"levels":null,"name":null,"building":"yes","roof":null,"colour":null},"geometry":{"type":"Polygon","coordinates":[[[7.422029,43.741226],[7.422025,43.741229],[7.422037,43.741239],[7.42203,43.741249],[7.422017,43.74124],[7.422007,43.741238],[7.4218706,43.7411289],[7.4219331,43.7411456],[7.421986,43.741178],[7.422029,43.741226]]]}},{"type":"Feature","properties":{"kind":"building","height":0.0,"levels":null,"name":null,"building":"yes","roof":null,"colour":null},"geometry":{"type":"Polygon","coordinates":[[[7.424655,43.742769],[7.424687,43.742751],[7.424768,43.742822],[7.424802,43.742803],[7.424853,43.742848],[7.424779,43.74289],[7.424738,43.742856],[7.424653,43.742782],[7.424646,43.742777],[7.424655,43.742769]]]}},{"type":"Feature","properties":{"kind":"building","height":3.2,"levels":"1","name":null,"building":"roof","roof":null,"colour":null},"geometry":{"type":"Polygon","coordinates":[[[7.4311076,43.7426438],[7.4312063,43.7426444],[7.4312078,43.7425184],[7.4311091,43.7425178],[7.4311076,43.7426438]]]}},{"type":"Feature","properties":{"kind":"building","height":3.2,"levels":"1","name":null,"building":"yes","roof":null,"colour":null},"geometry":{"type":"Polygon","coordinates":[[[7.4307227,43.742252],[7.4307775,43.7422483],[7.4307712,43.7422004],[7.4307165,43.7422041],[7.4307227,43.742252]]]}},{"type":"Feature","properties":{"kind":"building","height":0.0,"levels":null,"name":null,"building":"train_station","roof":null,"colour":null},"geometry":{"type":"Polygon","coordinates":[[[7.4198458,43.7382385],[7.419766,43.7383227],[7.4197524,43.7383376],[7.4195752,43.7385218],[7.4194847,43.7386116],[7.419514,43.7386448],[7.4192106,43.738913],[7.4189945,43.7390323],[7.4187957,43.738899],[7.4189748,43.7387522],[7.4191318,43.7386631],[7.4193268,43.7385155],[7.4195773,43.7380762],[7.4197138,43.738157],[7.4198458,43.7382385]]]}},{"type":"Feature","properties":{"kind":"building","height":6.4,"levels":"2","name":null,"building":"retail","roof":null,"colour":null},"geometry":{"type":"Polygon","coordinates":[[[7.4275522,43.739898],[7.4278993,43.7402343],[7.4279725,43.7401949],[7.4280015,43.740223],[7.4280731,43.7401844],[7.4280884,43.740197],[7.4281073,43.7402068],[7.4281282,43.7402133],[7.4281505,43.7402163],[7.4281788,43.740215],[7.4282055,43.7402083],[7.4282295,43.740196],[7.4282467,43.7401808],[7.4282559,43.740167],[7.428261,43.7401522],[7.4282601,43.7401271],[7.4282542,43.7401129],[7.4282447,43.7400999],[7.4283751,43.7400224],[7.4283881,43.7399769],[7.4284483,43.739926],[7.4284688,43.7398536],[7.4284572,43.7398031],[7.4284915,43.7397802],[7.4281275,43.7394392],[7.4276878,43.7396662],[7.4277154,43.7396908],[7.4276916,43.7397038],[7.4276678,43.7397168],[7.4276572,43.7397067],[7.4276468,43.7397016],[7.4276279,43.7397004],[7.4276137,43.7397065],[7.4276079,43.739719],[7.4276119,43.7397352],[7.4276213,43.7397438],[7.4275814,43.7397689],[7.4276135,43.7397958],[7.4275384,43.7398368],[7.4275522,43.739898]]]}},{"type":"Feature","properties":{"kind":"building","height":0.0,"levels":null,"name":null,"building":"yes","roof":null,"colour":null},"geometry":{"type":"Polygon","coordinates":[[[7.4264864,43.7374228],[7.4264853,43.7374341],[7.4264717,43.7375794],[7.4264907,43.7375806],[7.4264912,43.7376003],[7.4264944,43.7376252],[7.4265016,43.7376524],[7.4265102,43.7376802],[7.4265202,43.7377064],[7.4265469,43.7377227],[7.4264956,43.7377652],[7.4265577,43.7377938],[7.4265897,43.7377618],[7.4266189,43.7377714],[7.4266576,43.7377788],[7.4266921,43.7377808],[7.4267097,43.7378202],[7.4267745,43.7378137],[7.426762,43.7377762],[7.4267701,43.7377558],[7.4267929,43.7377444],[7.4268179,43.7377307],[7.4268369,43.7377153],[7.4268619,43.7376936],[7.4268848,43.7376731],[7.4270051,43.7377082],[7.4269884,43.7377369],[7.4271558,43.7377835],[7.4271818,43.7377481],[7.4272365,43.7377638],[7.4272401,43.7377586],[7.4272561,43.737763],[7.4273122,43.7376446],[7.4273177,43.737658],[7.4273241,43.7376597],[7.4273404,43.7376289],[7.4273411,43.7376224],[7.4273407,43.7376166],[7.4273379,43.7376115],[7.4273334,43.7376068],[7.4273263,43.7376031],[7.4273179,43.7376],[7.4270825,43.7375418],[7.4270831,43.7375353],[7.4270825,43.7375272],[7.4270799,43.73752],[7.4270754,43.7375129],[7.4270677,43.7375052],[7.4270596,43.737499],[7.4270532,43.7374948],[7.4270425,43.7374896],[7.4270363,43.7374867],[7.4270256,43.7374835],[7.4270153,43.7374814],[7.4270046,43.7374801],[7.426991,43.7374801],[7.4269801,43.7374815],[7.4269676,43.7374854],[7.426957,43.7374899],[7.4269471,43.7374958],[7.4269351,43.737503],[7.4264864,43.7374228]]]}},{"type":"Feature","properties":{"kind":"building","height":25.6,"levels":"8","name":"Sardanapale","building":"yes","roof":null,"colour":null},"geometry":{"type":"Polygon","coordinates":[[[7.4297773,43.7405522],[7.4297567,43.7405511],[7.4297575,43.7405433],[7.4296076,43.7405358],[7.4296068,43.7405436],[7.4295984,43.7405432],[7.4295886,43.7405427],[7.4295875,43.7405539],[7.4295857,43.7405729],[7.4295693,43.7405721],[7.4295628,43.7405718],[7.429562,43.7405792],[7.4295559,43.7406434],[7.4295184,43.7406415],[7.4295054,43.7407774],[7.4295428,43.7407793],[7.4295356,43.7408539],[7.4295585,43.7408551],[7.4295549,43.7408918],[7.4295723,43.7408927],[7.4295713,43.7409028],[7.429728,43.7409107],[7.4297289,43.7409007],[7.4297439,43.7409014],[7.4297773,43.7405522]]]}},{"type":"Feature","properties":{"kind":"building","height":6.4,"levels":"2","name":null,"building":"retail","roof":null,"colour":null},"geometry":{"type":"Polygon","coordinates":[[[7.4289952,43.7400415],[7.4290502,43.7400116],[7.4290598,43.7400208],[7.4292729,43.7399049],[7.4292633,43.7398957],[7.4293163,43.7398669],[7.429319,43.7398363],[7.4292739,43.739793],[7.4292903,43.7397841],[7.4291272,43.7396275],[7.4291292,43.739581],[7.429024,43.73948],[7.4290711,43.7394544],[7.4290791,43.7394142],[7.4288621,43.739206],[7.4288095,43.7392026],[7.4287619,43.7392285],[7.4286549,43.7391259],[7.4286802,43.7391121],[7.428682,43.7390872],[7.428647,43.7390536],[7.4286818,43.7390347],[7.428617,43.7389725],[7.4286409,43.7389595],[7.4283994,43.7387277],[7.4283755,43.7387407],[7.4283068,43.7386748],[7.4281435,43.7387636],[7.4280915,43.7387494],[7.4280183,43.7387892],[7.4280094,43.7387807],[7.427977,43.7387789],[7.4279327,43.738803],[7.4279297,43.7388241],[7.4279386,43.7388326],[7.4278619,43.7388743],[7.4278998,43.7389107],[7.4277945,43.738968],[7.4277872,43.7389981],[7.427867,43.7390747],[7.4278492,43.7390844],[7.4280027,43.7392317],[7.4280205,43.739222],[7.4281233,43.7393207],[7.428175,43.7392925],[7.4289497,43.7400359],[7.4289952,43.7400415]]]}},{"type":"Feature","properties":{"kind":"building","height":9.600000000000001,"levels":"3","name":null,"building":"apartments","roof":null,"colour":null},"geometry":{"type":"Polygon","coordinates":[[[7.4256203,43.7377714],[7.4256047,43.7378064],[7.4254898,43.7378632],[7.4254453,43.7379163],[7.4255761,43.7379596],[7.4256845,43.7381574],[7.4256958,43.7381298],[7.4257324,43.7381009],[7.4257721,43.7380916],[7.42582,43.7381],[7.4258347,43.7380606],[7.4258443,43.7380383],[7.4257974,43.7380278],[7.4258055,43.7380089],[7.4257227,43.7379904],[7.4257963,43.737819],[7.4256203,43.7377714]]]}},{"type":"Feature","properties":{"kind":"building","height":9.600000000000001,"levels":"3","name":"Villa Les Aigles","building":"apartments","roof":null,"colour":null},"geometry":{"type":"Polygon","coordinates":[[[7.4256032,43.7377531],[7.4251289,43.7375884],[7.4251043,43.7376383],[7.4251159,43.7377616],[7.4252399,43.7378028],[7.4252334,43.7378134],[7.4254421,43.7378811],[7.4254542,43.7378636],[7.4255868,43.7377965],[7.4256032,43.7377531]]]}},{"type":"Feature","properties":{"kind":"building","height":57.6,"levels":"18","name":"Ermanno Palace","building":"apartments","roof":null,"colour":null},"geometry":{"type":"Polygon","coordinates":[[[7.4211097,43.7366183],[7.4211184,43.7366261],[7.4211282,43.7366332],[7.421139,43.7366393],[7.4211507,43.7366444],[7.4211629,43.7366484],[7.4211756,43.7366513],[7.4211888,43.7366529],[7.421202,43.7366534],[7.4212151,43.7366527],[7.421228,43.7366508],[7.4212405,43.7366478],[7.4212523,43.7366436],[7.4212634,43.7366384],[7.4212736,43.7366322],[7.4212826,43.7366251],[7.4212904,43.7366172],[7.4212969,43.7366087],[7.4213021,43.7365996],[7.4213058,43.73659],[7.4213081,43.7365799],[7.4213089,43.7365696],[7.4213082,43.7365589],[7.421306,43.7365481],[7.4213025,43.7365382],[7.4212975,43.736528],[7.4212667,43.7364654],[7.4212224,43.7363753],[7.4212118,43.7363567],[7.4209949,43.7364221],[7.4211049,43.7366125],[7.4211097,43.7366183]]]}},{"type":"Feature","properties":{"kind":"building","height":0.0,"levels":null,"name":null,"building":"yes","roof":null,"colour":null},"geometry":{"type":"Polygon","coordinates":[[[7.4218556,43.7367165],[7.4218392,43.7367478],[7.421828,43.736769],[7.4218568,43.7367814],[7.4218961,43.7367933],[7.4219356,43.7368035],[7.4219732,43.7368088],[7.4219817,43.7367926],[7.4220007,43.7367563],[7.4218556,43.7367165]]]}},{"type":"Feature","properties":{"kind":"building","height":0.0,"levels":null,"name":"Salle d'Exposition","building":"yes","roof":null,"colour":null},"geometry":{"type":"Polygon","coordinates":[[[7.4265434,43.7328495],[7.4252679,43.7325818],[7.425275,43.732564],[7.4247341,43.7324523],[7.4247309,43.7324602],[7.4244667,43.7324056],[7.4240787,43.7323349],[7.4239062,43.7323406],[7.4238944,43.7323704],[7.4237611,43.7323429],[7.4236307,43.7323365],[7.4236223,43.7323578],[7.423544,43.7323416],[7.4232401,43.7322979],[7.4232347,43.7323114],[7.4230416,43.7322715],[7.4230183,43.7323303],[7.4236589,43.7324626],[7.4236511,43.7324822],[7.4236449,43.7324979],[7.4245967,43.7326947],[7.4264194,43.7330717],[7.426447,43.7330774],[7.4264543,43.73306],[7.4265434,43.7328495]]]}},{"type":"Feature","properties":{"kind":"building","height":0.0,"levels":null,"name":null,"building":"yes","roof":null,"colour":null},"geometry":{"type":"Polygon","coordinates":[[[7.4237559,43.7299885],[7.4237771,43.7299531],[7.4238468,43.729975],[7.4238256,43.7300103],[7.4237559,43.7299885]]]}},{"type":"Feature","properties":{"kind":"building","height":0.0,"levels":null,"name":null,"building":"yes","roof":null,"colour":null},"geometry":{"type":"Polygon","coordinates":[[[7.423494,43.7299824],[7.4235103,43.72996],[7.4235433,43.7299724],[7.4235257,43.7299949],[7.423494,43.7299824]]]}},{"type":"Feature","properties":{"kind":"building","height":0.0,"levels":null,"name":null,"building":"yes","roof":null,"colour":null},"geometry":{"type":"Polygon","coordinates":[[[7.4209711,43.7315669],[7.4209516,43.7315337],[7.4209457,43.7315237],[7.4209862,43.7315113],[7.4210116,43.7315545],[7.4209711,43.7315669]]]}},{"type":"Feature","properties":{"kind":"building","height":0.0,"levels":null,"name":null,"building":"yes","roof":null,"colour":null},"geometry":{"type":"Polygon","coordinates":[[[7.4212188,43.7317649],[7.4212078,43.7317473],[7.4211893,43.7317177],[7.42117,43.7316868],[7.4212471,43.7316744],[7.4212614,43.7316921],[7.4212741,43.7317215],[7.4213479,43.7317039],[7.4213598,43.7317254],[7.4212188,43.7317649]]]}},{"type":"Feature","properties":{"kind":"building","height":0.0,"levels":null,"name":"Centre de Rencontre International","building":"public","roof":null,"colour":null},"geometry":{"type":"Polygon","coordinates":[[[7.4256536,43.7376202],[7.4256184,43.737607],[7.4255113,43.7375705],[7.4253736,43.7375207],[7.4252788,43.7374832],[7.425418,43.7374666],[7.4255557,43.7374677],[7.4257362,43.7374743],[7.4259306,43.7374843],[7.4261065,43.7374964],[7.4262519,43.7375141],[7.4264064,43.7375296],[7.4264584,43.737534],[7.4264783,43.7375838],[7.4264263,43.7377728],[7.4261677,43.737754],[7.4261213,43.7377499],[7.4260591,43.7377352],[7.4259918,43.7377219],[7.4259045,43.7376987],[7.425882,43.737693],[7.4258433,43.7376833],[7.4257623,43.7376578],[7.4257011,43.7376368],[7.4256536,43.7376202]]]}},{"type":"Feature","properties":{"kind":"building","height":9.600000000000001,"levels":"3","name":"Monte Carlo Star","building":"residential","roof":null,"colour":null},"geometry":{"type":"Polygon","coordinates":[[[7.4291378,43.7388823],[7.4287859,43.7385268],[7.4286604,43.7384127],[7.4285068,43.7383064],[7.4282817,43.7381797],[7.4280913,43.7380828],[7.42792,43.7379955],[7.4279687,43.7379148],[7.4279977,43.7378666],[7.427935,43.7378435],[7.4279727,43.7377783],[7.428005,43.7377226],[7.4280091,43.7377155],[7.4280421,43.7377128],[7.4283949,43.7376844],[7.4284895,43.7377607],[7.4289309,43.7377201],[7.4290158,43.7378085],[7.4292555,43.7380578],[7.4290892,43.7382915],[7.4291765,43.738375],[7.4293202,43.7385148],[7.4293974,43.7385886],[7.4294531,43.7386418],[7.4293032,43.7386355],[7.4291378,43.7388823]]]}},{"type":"Feature","properties":{"kind":"building","height":12.8,"levels":"4","name":null,"building":"apartments","roof":null,"colour":null},"geometry":{"type":"Polygon","coordinates":[[[7.4230596,43.7377324],[7.4233062,43.7377636],[7.4234209,43.7377777],[7.4235594,43.7378246],[7.4236849,43.7378762],[7.4238017,43.7379309],[7.4239078,43.7378324],[7.4239034,43.7377195],[7.423871,43.7377195],[7.4238688,43.7376839],[7.4230601,43.7377054],[7.4230596,43.7377324]]]}},{"type":"Feature","properties":{"kind":"building","height":0.0,"levels":null,"name":"Porte Neuve","building":"yes","roof":null,"colour":null},"geometry":{"type":"Polygon","coordinates":[[[7.4269971,43.7325042],[7.427053,43.7325128],[7.4270618,43.7324827],[7.4270059,43.7324741],[7.4269971,43.7325042]]]}},{"type":"Feature","properties":{"kind":"building","height":0.0,"levels":null,"name":"Porte Neuve","building":"yes","roof":null,"colour":null},"geometry":{"type":"Polygon","coordinates":[[[7.4269697,43.7326079],[7.4270287,43.7326137],[7.427034,43.7325749],[7.4269786,43.7325611],[7.4269697,43.7326079]]]}},{"type":"Feature","properties":{"kind":"building","height":0.0,"levels":null,"name":null,"building":"yes","roof":null,"colour":null},"geometry":{"type":"Polygon","coordinates":[[[7.4207349,43.7304644],[7.42067,43.730327],[7.4207461,43.7303082],[7.420811,43.7304456],[7.4207349,43.7304644]]]}},{"type":"Feature","properties":{"kind":"building","height":3.2,"levels":"1","name":null,"building":"yes","roof":null,"colour":null},"geometry":{"type":"Polygon","coordinates":[[[7.4208108,43.7305908],[7.4208018,43.7305758],[7.4207349,43.7304644],[7.420811,43.7304456],[7.4207461,43.7303082],[7.4208836,43.7302777],[7.4209651,43.7304949],[7.4209576,43.7305953],[7.4209072,43.7306124],[7.4208497,43.7306128],[7.4208108,43.7305908]]]}},{"type":"Feature","properties":{"kind":"building","height":0.0,"levels":null,"name":"Halles du march\u00e9 de la Condamine","building":"retail","roof":null,"colour":null},"geometry":{"type":"Polygon","coordinates":[[[7.4200838,43.732895],[7.419827,43.7328433],[7.4199211,43.7325993],[7.4199902,43.7324128],[7.4200273,43.7323241],[7.4201334,43.7323449],[7.4201446,43.7323158],[7.4203029,43.7322999],[7.4200838,43.732895]]]}},{"type":"Feature","properties":{"kind":"building","height":0.0,"levels":null,"name":null,"building":"yes","roof":null,"colour":null},"geometry":{"type":"Polygon","coordinates":[[[7.4217194,43.7325583],[7.4218142,43.7326338],[7.4218543,43.7326076],[7.4218692,43.7326195],[7.4218584,43.7326266],[7.4218991,43.732659],[7.4219431,43.7326301],[7.421949,43.7326348],[7.4220353,43.7325783],[7.42202,43.7325662],[7.4220364,43.7325554],[7.4219893,43.7325178],[7.4219618,43.7325358],[7.4219465,43.7325236],[7.4219692,43.7325087],[7.4218987,43.7324525],[7.4218803,43.7324645],[7.4218723,43.7324581],[7.4217194,43.7325583]]]}},{"type":"Feature","properties":{"kind":"building","height":0.0,"levels":null,"name":null,"building":"apartments","roof":null,"colour":null},"geometry":{"type":"Polygon","coordinates":[[[7.4208999,43.733066],[7.421227,43.7331235],[7.4212442,43.7326619],[7.4208938,43.7326545],[7.420891,43.7329126],[7.4208999,43.733066]]]}},{"type":"Feature","properties":{"kind":"building","height":12.8,"levels":"4","name":null,"building":"apartments","roof":null,"colour":null},"geometry":{"type":"Polygon","coordinates":[[[7.4189496,43.7327981],[7.4200567,43.7330277],[7.4200995,43.73292],[7.4189924,43.7326902],[7.4189496,43.7327981]]]}},{"type":"Feature","properties":{"kind":"building","height":12.8,"levels":"4","name":null,"building":"apartments","roof":"flat","colour":null},"geometry":{"type":"Polygon","coordinates":[[[7.4209105,43.7353476],[7.4209785,43.7349539],[7.4211265,43.7349709],[7.4210711,43.7353624],[7.4209105,43.7353476]]]}},{"type":"Feature","properties":{"kind":"building","height":0.0,"levels":null,"name":"S\u00fbret\u00e9 Publique de Monaco","building":"yes","roof":null,"colour":null},"geometry":{"type":"Polygon","coordinates":[[[7.4210253,43.7346095],[7.4205938,43.7345598],[7.4201718,43.7345357],[7.4201853,43.7344216],[7.4206212,43.7344572],[7.421045,43.7344992],[7.4210253,43.7346095]]]}},{"type":"Feature","properties":{"kind":"building","height":0.0,"levels":null,"name":null,"building":"apartments","roof":null,"colour":null},"geometry":{"type":"Polygon","coordinates":[[[7.4237435,43.7380764],[7.4236079,43.7380119],[7.4235361,43.7380905],[7.4236718,43.7381551],[7.4237435,43.7380764]]]}},{"type":"Feature","properties":{"kind":"building","height":0.0,"levels":null,"name":"Villa Sa\u00efd","building":"apartments","roof":null,"colour":null},"geometry":{"type":"Polygon","coordinates":[[[7.4240277,43.7398216],[7.4241994,43.7397654],[7.4242101,43.7397776],[7.4243335,43.7399184],[7.4241994,43.7399688],[7.4241109,43.7399281],[7.4240277,43.7398216]]]}},{"type":"Feature","properties":{"kind":"building","height":0.0,"levels":null,"name":null,"building":"industrial","roof":null,"colour":null},"geometry":{"type":"Polygon","coordinates":[[[7.4296504,43.7345066],[7.4303391,43.7351276],[7.4303771,43.7351067],[7.4304851,43.7350473],[7.4304118,43.7349902],[7.4303862,43.7350035],[7.430139,43.7347847],[7.4300727,43.7347261],[7.4298212,43.7345037],[7.4298474,43.7344872],[7.429781,43.7344324],[7.4296915,43.7344798],[7.4296703,43.7344929],[7.4296504,43.7345066]]]}},{"type":"Feature","properties":{"kind":"building","height":0.0,"levels":null,"name":"Villa Laura","building":"yes","roof":null,"colour":null},"geometry":{"type":"Polygon","coordinates":[[[7.4197993,43.7393019],[7.4199395,43.7392513],[7.4200155,43.7392689],[7.4199508,43.7393953],[7.4197993,43.7393019]]]}},{"type":"Feature","properties":{"kind":"building","height":0.0,"levels":null,"name":"Les Acacias","building":"apartments","roof":null,"colour":null},"geometry":{"type":"Polygon","coordinates":[[[7.428159,43.742699],[7.4280904,43.7425384],[7.4283041,43.7424793],[7.4283798,43.7426472],[7.428159,43.742699]]]}},{"type":"Feature","properties":{"kind":"building","height":0.0,"levels":null,"name":"Cath\u00e9drale Notre-Dame-Immacul\u00e9e","building":"cathedral","roof":null,"colour":null},"geometry":{"type":"Polygon","coordinates":[[[7.4228064,43.7303678],[7.4228605,43.730366],[7.4228671,43.7304661],[7.4228894,43.730467],[7.4229106,43.7304722],[7.4229327,43.7304838],[7.4229464,43.7304974],[7.4229543,43.7305131],[7.4229558,43.7305302],[7.4229504,43.7305468],[7.4229399,43.7305605],[7.4229248,43.7305718],[7.4229054,43.73058],[7.4228836,43.7305841],[7.4228598,43.7305837],[7.4228372,43.7305783],[7.4228449,43.730596],[7.4228475,43.7306046],[7.422847,43.730613],[7.4228427,43.7306208],[7.4228352,43.7306272],[7.4228253,43.7306314],[7.4228139,43.7306332],[7.4228024,43.7306322],[7.4227919,43.7306285],[7.4227959,43.7306323],[7.4227991,43.7306404],[7.4227985,43.7306487],[7.4227943,43.7306565],[7.4227868,43.7306629],[7.4227768,43.7306672],[7.4227655,43.7306689],[7.422754,43.7306679],[7.4227434,43.7306642],[7.4227329,43.7306599],[7.4227324,43.7306683],[7.4227281,43.7306761],[7.4227206,43.7306825],[7.4227106,43.7306868],[7.4226993,43.7306885],[7.4226878,43.7306875],[7.4226772,43.7306838],[7.4226689,43.7306778],[7.4226638,43.7306702],[7.4226623,43.7306618],[7.4226569,43.7306658],[7.4226494,43.7306722],[7.4226394,43.7306764],[7.4226281,43.7306782],[7.4226166,43.7306772],[7.422606,43.7306735],[7.4225977,43.7306675],[7.4225925,43.7306599],[7.4225911,43.7306515],[7.4225936,43.7306432],[7.422595,43.7306386],[7.422585,43.7306429],[7.4225737,43.7306446],[7.4225622,43.7306436],[7.4225516,43.7306399],[7.4225433,43.7306339],[7.4225382,43.7306263],[7.4225367,43.7306179],[7.4225393,43.7305908],[7.422536,43.7305791],[7.4225256,43.7305773],[7.4225198,43.7305738],[7.4225179,43.7305553],[7.4225219,43.730547],[7.4225141,43.7305389],[7.422509,43.7304833],[7.4224438,43.7304864],[7.4224346,43.730385],[7.4225206,43.7303809],[7.4224974,43.7301264],[7.4224637,43.730128],[7.422454,43.7300217],[7.4225403,43.7300176],[7.4225767,43.7300158],[7.4225757,43.7300002],[7.4226374,43.729997],[7.4226992,43.7299937],[7.4226995,43.7300099],[7.4227269,43.7300086],[7.4227629,43.7300069],[7.4227755,43.730034],[7.4227884,43.7300306],[7.4228021,43.7300304],[7.4228151,43.7300333],[7.4228261,43.7300389],[7.4228314,43.7300435],[7.4228354,43.7300487],[7.4228382,43.7300552],[7.4228389,43.730062],[7.422836,43.7300722],[7.4228286,43.730081],[7.4228168,43.7300887],[7.4228229,43.7300924],[7.4228263,43.7300961],[7.4228283,43.7301003],[7.4228289,43.730106],[7.422827,43.7301114],[7.4228234,43.7301158],[7.4228182,43.7301193],[7.4228119,43.7301216],[7.4228047,43.7301226],[7.4227974,43.7301221],[7.4227906,43.73012],[7.4228064,43.7303678]]]}},{"type":"Feature","properties":{"kind":"building","height":0.0,"levels":null,"name":"La Fr\u00e9gate","building":"yes","roof":null,"colour":null},"geometry":{"type":"Polygon","coordinates":[[[7.4196377,43.7350275],[7.4196965,43.7346922],[7.4198964,43.7347105],[7.4198737,43.7348398],[7.419968,43.7348484],[7.4199319,43.7350544],[7.4196377,43.7350275]]]}},{"type":"Feature","properties":{"kind":"building","height":0.0,"levels":null,"name":null,"building":"commercial","roof":null,"colour":null},"geometry":{"type":"Polygon","coordinates":[[[7.4204325,43.7347421],[7.4204742,43.7346129],[7.4203074,43.7345978],[7.4202791,43.7347204],[7.4204325,43.7347421]]]}},{"type":"Feature","properties":{"kind":"building","height":12.8,"levels":"4","name":null,"building":"apartments","roof":null,"colour":null},"geometry":{"type":"Polygon","coordinates":[[[7.4202727,43.7353574],[7.4202974,43.7351926],[7.4200975,43.7351645],[7.4198722,43.7351433],[7.4198573,43.7351421],[7.4198634,43.7351119],[7.4196118,43.735089],[7.4195764,43.73529],[7.4198359,43.7353151],[7.4202727,43.7353574]]]}},{"type":"Feature","properties":{"kind":"building","height":12.8,"levels":"4","name":null,"building":"apartments","roof":null,"colour":null},"geometry":{"type":"Polygon","coordinates":[[[7.4188851,43.732935],[7.4188456,43.7330245],[7.4191659,43.7330803],[7.4192039,43.7329929],[7.4190438,43.7329617],[7.4188851,43.732935]]]}},{"type":"Feature","properties":{"kind":"building","height":12.8,"levels":"4","name":null,"building":"apartments","roof":null,"colour":null},"geometry":{"type":"Polygon","coordinates":[[[7.41893,43.7328472],[7.4190744,43.7328807],[7.4190438,43.7329617],[7.4188851,43.732935],[7.41893,43.7328472]]]}},{"type":"Feature","properties":{"kind":"building","height":12.8,"levels":"4","name":null,"building":"apartments","roof":null,"colour":null},"geometry":{"type":"Polygon","coordinates":[[[7.4192684,43.7329189],[7.4192342,43.7329996],[7.4192039,43.7329929],[7.4190438,43.7329617],[7.4190744,43.7328807],[7.4192684,43.7329189]]]}},{"type":"Feature","properties":{"kind":"building","height":12.8,"levels":"4","name":null,"building":"apartments","roof":null,"colour":null},"geometry":{"type":"Polygon","coordinates":[[[7.4193889,43.7330346],[7.4194242,43.7329548],[7.4192684,43.7329189],[7.4192342,43.7329996],[7.4193369,43.7330223],[7.4193889,43.7330346]]]}},{"type":"Feature","properties":{"kind":"building","height":12.8,"levels":"4","name":null,"building":"apartments","roof":null,"colour":null},"geometry":{"type":"Polygon","coordinates":[[[7.4196191,43.7330866],[7.4196521,43.7330093],[7.4194242,43.7329548],[7.4193889,43.7330346],[7.4196191,43.7330866]]]}},{"type":"Feature","properties":{"kind":"building","height":12.8,"levels":"4","name":null,"building":"apartments","roof":null,"colour":null},"geometry":{"type":"Polygon","coordinates":[[[7.4198171,43.7331287],[7.4198493,43.7330534],[7.4196521,43.7330093],[7.4196191,43.7330866],[7.4196601,43.7330957],[7.4198171,43.7331287]]]}},{"type":"Feature","properties":{"kind":"building","height":12.8,"levels":"4","name":null,"building":"apartments","roof":null,"colour":null},"geometry":{"type":"Polygon","coordinates":[[[7.4197941,43.7331907],[7.4198171,43.7331287],[7.4196601,43.7330957],[7.4196361,43.7331601],[7.4197941,43.7331907]]]}},{"type":"Feature","properties":{"kind":"building","height":12.8,"levels":"4","name":null,"building":"apartments","roof":null,"colour":null},"geometry":{"type":"Polygon","coordinates":[[[7.4193152,43.733086],[7.4196361,43.7331601],[7.4196601,43.7330957],[7.4196191,43.7330866],[7.4193889,43.7330346],[7.4193369,43.7330223],[7.4193152,43.733086]]]}},{"type":"Feature","properties":{"kind":"building","height":12.8,"levels":"4","name":null,"building":"apartments","roof":null,"colour":null},"geometry":{"type":"Polygon","coordinates":[[[7.4191659,43.7330803],[7.4193152,43.733086],[7.4193369,43.7330223],[7.4192342,43.7329996],[7.4192039,43.7329929],[7.4191659,43.7330803]]]}},{"type":"Feature","properties":{"kind":"building","height":12.8,"levels":"4","name":null,"building":"apartments","roof":"pyramidal","colour":null},"geometry":{"type":"Polygon","coordinates":[[[7.4211868,43.7332037],[7.4211802,43.733334],[7.421032,43.7333267],[7.4209758,43.733321],[7.4210168,43.7331926],[7.4211868,43.7332037]]]}},{"type":"Feature","properties":{"kind":"building","height":12.8,"levels":"4","name":null,"building":"apartments","roof":null,"colour":null},"geometry":{"type":"Polygon","coordinates":[[[7.4209378,43.7331821],[7.4210168,43.7331926],[7.4209758,43.733321],[7.4209138,43.7333137],[7.4209378,43.7331821]]]}},{"type":"Feature","properties":{"kind":"building","height":12.8,"levels":"4","name":null,"building":"apartments","roof":null,"colour":null},"geometry":{"type":"Polygon","coordinates":[[[7.4208389,43.7333046],[7.4208641,43.7331779],[7.4209378,43.7331821],[7.4209138,43.7333137],[7.4208389,43.7333046]]]}},{"type":"Feature","properties":{"kind":"building","height":12.8,"levels":"4","name":null,"building":"apartments","roof":null,"colour":null},"geometry":{"type":"Polygon","coordinates":[[[7.4206739,43.7332855],[7.4207632,43.7332956],[7.4208389,43.7333046],[7.4208641,43.7331779],[7.4206938,43.7331588],[7.4206739,43.7332855]]]}},{"type":"Feature","properties":{"kind":"building","height":12.8,"levels":"4","name":null,"building":"apartments","roof":null,"colour":null},"geometry":{"type":"Polygon","coordinates":[[[7.4205515,43.7332733],[7.4206739,43.7332855],[7.4206938,43.7331588],[7.4205698,43.7331496],[7.4205515,43.7332733]]]}},{"type":"Feature","properties":{"kind":"building","height":12.8,"levels":"4","name":null,"building":"apartments","roof":null,"colour":null},"geometry":{"type":"Polygon","coordinates":[[[7.4204612,43.7331414],[7.4204442,43.7332285],[7.4204437,43.73326],[7.4205515,43.7332733],[7.4205698,43.7331496],[7.4204612,43.7331414]]]}},{"type":"Feature","properties":{"kind":"building","height":12.8,"levels":"4","name":null,"building":"apartments","roof":null,"colour":null},"geometry":{"type":"Polygon","coordinates":[[[7.4203377,43.7332175],[7.4203547,43.7331294],[7.4204612,43.7331414],[7.4204442,43.7332285],[7.4203377,43.7332175]]]}},{"type":"Feature","properties":{"kind":"building","height":12.8,"levels":"4","name":null,"building":"apartments","roof":null,"colour":null},"geometry":{"type":"Polygon","coordinates":[[[7.4201405,43.7331915],[7.4201577,43.7331045],[7.4203547,43.7331294],[7.4203377,43.7332175],[7.4201405,43.7331915]]]}},{"type":"Feature","properties":{"kind":"building","height":12.8,"levels":"4","name":null,"building":"apartments","roof":null,"colour":null},"geometry":{"type":"Polygon","coordinates":[[[7.419969,43.7331572],[7.4199908,43.7330846],[7.4201577,43.7331045],[7.4201405,43.7331915],[7.419969,43.7331572]]]}},{"type":"Feature","properties":{"kind":"building","height":0.0,"levels":null,"name":null,"building":"residential","roof":"hipped","colour":null},"geometry":{"type":"Polygon","coordinates":[[[7.4212313,43.7334525],[7.4212617,43.7333566],[7.4210301,43.7333506],[7.421032,43.7333267],[7.4209758,43.733321],[7.4209437,43.7333998],[7.4212313,43.7334525]]]}},{"type":"Feature","properties":{"kind":"building","height":12.8,"levels":"4","name":null,"building":"apartments","roof":null,"colour":null},"geometry":{"type":"Polygon","coordinates":[[[7.420744,43.7333608],[7.4209437,43.7333998],[7.4209758,43.733321],[7.4209138,43.7333137],[7.4208389,43.7333046],[7.4207632,43.7332956],[7.420744,43.7333608]]]}},{"type":"Feature","properties":{"kind":"building","height":12.8,"levels":"4","name":null,"building":"apartments","roof":null,"colour":null},"geometry":{"type":"Polygon","coordinates":[[[7.4203934,43.733295],[7.420744,43.7333608],[7.4207632,43.7332956],[7.4206739,43.7332855],[7.4205515,43.7332733],[7.4204437,43.73326],[7.4204065,43.7332593],[7.4203934,43.733295]]]}},{"type":"Feature","properties":{"kind":"building","height":12.8,"levels":"4","name":null,"building":"apartments","roof":null,"colour":null},"geometry":{"type":"Polygon","coordinates":[[[7.4198824,43.7332033],[7.4199011,43.7331435],[7.419969,43.7331572],[7.4201405,43.7331915],[7.4203377,43.7332175],[7.4204442,43.7332285],[7.4204437,43.73326],[7.4204065,43.7332593],[7.4203934,43.733295],[7.4198824,43.7332033]]]}},{"type":"Feature","properties":{"kind":"building","height":0.0,"levels":null,"name":"\u00c9tat-Major du Corps des sapeurs-pompiers de Monaco","building":"yes","roof":null,"colour":null},"geometry":{"type":"Polygon","coordinates":[[[7.4219383,43.7324039],[7.422097,43.7323165],[7.4218627,43.7321385],[7.4215556,43.7321259],[7.4214382,43.73222],[7.421374,43.7322714],[7.4213686,43.7326137],[7.4213677,43.7326393],[7.4215758,43.7327634],[7.4217357,43.7326547],[7.4215961,43.7325652],[7.4216022,43.7323247],[7.4217515,43.7322202],[7.4219383,43.7324039]]]}},{"type":"Feature","properties":{"kind":"building","height":0.0,"levels":null,"name":"Ecole de la Condamine","building":"yes","roof":null,"colour":null},"geometry":{"type":"Polygon","coordinates":[[[7.4213558,43.7330927],[7.4213893,43.732909],[7.4217602,43.7326889],[7.4219702,43.732817],[7.4215667,43.7332367],[7.4213558,43.7330927]]]}},{"type":"Feature","properties":{"kind":"building","height":0.0,"levels":null,"name":null,"building":"yes","roof":null,"colour":null},"geometry":{"type":"Polygon","coordinates":[[[7.4196462,43.7322026],[7.4198823,43.7321377],[7.4198655,43.7321059],[7.4198562,43.7320882],[7.4198363,43.7320504],[7.4196003,43.7321153],[7.4196462,43.7322026]]]}},{"type":"Feature","properties":{"kind":"building","height":0.0,"levels":null,"name":null,"building":"yes","roof":null,"colour":null},"geometry":{"type":"Polygon","coordinates":[[[7.4249513,43.737125],[7.4250389,43.7371328],[7.4250366,43.7371464],[7.4251286,43.7371546],[7.4251361,43.737111],[7.4251394,43.7370914],[7.4249599,43.7370753],[7.4249532,43.737114],[7.4249513,43.737125]]]}},{"type":"Feature","properties":{"kind":"building","height":0.0,"levels":null,"name":"villa Medecin","building":"retail","roof":"flat","colour":null},"geometry":{"type":"Polygon","coordinates":[[[7.4204067,43.7343323],[7.4204359,43.7341587],[7.4206459,43.7341771],[7.4206166,43.7343508],[7.4204067,43.7343323]]]}},{"type":"Feature","properties":{"kind":"building","height":0.0,"levels":null,"name":null,"building":"residential","roof":"hipped","colour":null},"geometry":{"type":"Polygon","coordinates":[[[7.4212935,43.7334577],[7.4213242,43.7333546],[7.4214162,43.7333689],[7.4215215,43.7333852],[7.4214908,43.7334883],[7.4212935,43.7334577]]]}},{"type":"Feature","properties":{"kind":"building","height":0.0,"levels":null,"name":null,"building":"yes","roof":null,"colour":null},"geometry":{"type":"Polygon","coordinates":[[[7.4203788,43.733952],[7.4204197,43.7339595],[7.4204531,43.7339454],[7.4204581,43.7339348],[7.4204659,43.7339182],[7.4204436,43.7338933],[7.4204038,43.7338831],[7.4203668,43.7338997],[7.4203576,43.7339276],[7.4203788,43.733952]]]}},{"type":"Feature","properties":{"kind":"building","height":0.0,"levels":null,"name":null,"building":"yes","roof":null,"colour":null},"geometry":{"type":"Polygon","coordinates":[[[7.4202971,43.7338853],[7.4203481,43.733891],[7.420339,43.7339331],[7.420288,43.7339274],[7.4202971,43.7338853]]]}},{"type":"Feature","properties":{"kind":"building","height":0.0,"levels":null,"name":"Quai Kennedy","building":"yes","roof":null,"colour":null},"geometry":{"type":"Polygon","coordinates":[[[7.4251699,43.7374183],[7.4255973,43.737399],[7.4259789,43.7374074],[7.4260002,43.7373338],[7.4252513,43.7372549],[7.4252222,43.7373524],[7.4251849,43.7373441],[7.4249175,43.7373826],[7.4251208,43.7374332],[7.4251699,43.7374183]]]}},{"type":"Feature","properties":{"kind":"building","height":0.0,"levels":null,"name":"Le Castellara","building":"yes","roof":null,"colour":null},"geometry":{"type":"Polygon","coordinates":[[[7.4243775,43.7373183],[7.4244381,43.7373019],[7.4244488,43.7373172],[7.4244806,43.7373198],[7.4244965,43.7373134],[7.4246062,43.7373211],[7.4246169,43.7373377],[7.4246487,43.7373402],[7.4246646,43.7373287],[7.4247248,43.7373364],[7.424741,43.737211],[7.4244098,43.7371674],[7.4243775,43.7373183]]]}},{"type":"Feature","properties":{"kind":"building","height":0.0,"levels":null,"name":"Le Portobello","building":"yes","roof":null,"colour":null},"geometry":{"type":"Polygon","coordinates":[[[7.4247752,43.7372084],[7.4247495,43.7373692],[7.4249175,43.7373826],[7.4251849,43.7373441],[7.425204,43.7372398],[7.4247752,43.7372084]]]}},{"type":"Feature","properties":{"kind":"building","height":0.0,"levels":null,"name":null,"building":"yes","roof":null,"colour":null},"geometry":{"type":"Polygon","coordinates":[[[7.423822,43.7370951],[7.4238148,43.7371909],[7.4238112,43.7372402],[7.4242087,43.7373102],[7.4243775,43.7373183],[7.4244098,43.7371674],[7.423822,43.7370951]]]}},{"type":"Feature","properties":{"kind":"building","height":0.0,"levels":null,"name":null,"building":"yes","roof":null,"colour":null},"geometry":{"type":"Polygon","coordinates":[[[7.4260853,43.7315809],[7.4261532,43.7315248],[7.4259339,43.7313863],[7.425866,43.7314425],[7.4260853,43.7315809]]]}},{"type":"Feature","properties":{"kind":"building","height":9.600000000000001,"levels":"3","name":"Villa-Eugenie","building":"apartments","roof":null,"colour":null},"geometry":{"type":"Polygon","coordinates":[[[7.4210835,43.7384885],[7.4211542,43.7385137],[7.4212351,43.7383953],[7.4211644,43.73837],[7.4210835,43.7384885]]]}},{"type":"Feature","properties":{"kind":"building","height":12.8,"levels":"4","name":"Villa Pax","building":"apartments","roof":null,"colour":null},"geometry":{"type":"Polygon","coordinates":[[[7.422542,43.7376825],[7.4225405,43.7376628],[7.4224107,43.7376723],[7.4223728,43.7376751],[7.4223742,43.7376907],[7.4223784,43.7377469],[7.4226833,43.7377245],[7.42269,43.7377056],[7.422593,43.7376838],[7.422542,43.7376825]]]}},{"type":"Feature","properties":{"kind":"building","height":0.0,"levels":null,"name":null,"building":"hotel","roof":null,"colour":null},"geometry":{"type":"Polygon","coordinates":[[[7.422638,43.7370133],[7.4228576,43.7370464],[7.4230183,43.7370795],[7.4230324,43.7370124],[7.4229584,43.7370037],[7.422638,43.736966],[7.422638,43.7370133]]]}},{"type":"Feature","properties":{"kind":"building","height":0.0,"levels":null,"name":null,"building":"retail","roof":null,"colour":null},"geometry":{"type":"Polygon","coordinates":[[[7.422638,43.7370133],[7.4221041,43.7369578],[7.4221053,43.7369336],[7.4221418,43.7369355],[7.4221612,43.736932],[7.4222485,43.7369404],[7.4222582,43.7369348],[7.422638,43.736966],[7.422638,43.7370133]]]}},{"type":"Feature","properties":{"kind":"building","height":0.0,"levels":null,"name":"Maison d'Arr\u00eat de Monaco","building":"yes","roof":null,"colour":null},"geometry":{"type":"Polygon","coordinates":[[[7.4271987,43.7319361],[7.4270591,43.7318407],[7.4270957,43.7316792],[7.4272126,43.7316828],[7.4273346,43.731775],[7.4273598,43.731774],[7.4273839,43.7317865],[7.4273865,43.7318143],[7.427371,43.731833],[7.4273372,43.731837],[7.4271987,43.7319361]]]}},{"type":"Feature","properties":{"kind":"building","height":0.0,"levels":null,"name":null,"building":"retail","roof":null,"colour":null},"geometry":{"type":"Polygon","coordinates":[[[7.4250688,43.7400694],[7.4251922,43.7400345],[7.425274,43.7401624],[7.4251439,43.7402012],[7.4250688,43.7400694]]]}},{"type":"Feature","properties":{"kind":"building","height":32.0,"levels":"10","name":"Park Palace","building":"apartments","roof":null,"colour":null},"geometry":{"type":"Polygon","coordinates":[[[7.424923,43.740063],[7.4250343,43.7402326],[7.4247862,43.7403111],[7.4246722,43.7401386],[7.424923,43.740063]]]}},{"type":"Feature","properties":{"kind":"building","height":48.0,"levels":"15","name":"Park Palace","building":"apartments","roof":null,"colour":null},"geometry":{"type":"Polygon","coordinates":[[[7.4245632,43.7400471],[7.4247603,43.7399599],[7.4245793,43.7397167],[7.4243593,43.7398097],[7.4245632,43.7400471]]]}},{"type":"Feature","properties":{"kind":"building","height":0.0,"levels":null,"name":null,"building":"yes","roof":null,"colour":null},"geometry":{"type":"Polygon","coordinates":[[[7.423438,43.7384445],[7.423489,43.7383767],[7.4236405,43.7384455],[7.4235949,43.7385026],[7.423438,43.7384445]]]}},{"type":"Feature","properties":{"kind":"building","height":0.0,"levels":null,"name":null,"building":"yes","roof":null,"colour":null},"geometry":{"type":"Polygon","coordinates":[[[7.4243205,43.7336995],[7.4243412,43.7336461],[7.4244367,43.7336654],[7.4244161,43.7337188],[7.4243205,43.7336995]]]}},{"type":"Feature","properties":{"kind":"building","height":0.0,"levels":null,"name":"Synagogue de Monaco","building":"yes","roof":null,"colour":null},"geometry":{"type":"Polygon","coordinates":[[[7.42344,43.7380332],[7.4234692,43.7380247],[7.4234929,43.7380097],[7.4235082,43.7379898],[7.4235136,43.7379674],[7.4235083,43.7379449],[7.4234931,43.737925],[7.4234695,43.7379099],[7.4234417,43.7379015],[7.4234117,43.7378999],[7.4233825,43.7379054],[7.4233572,43.7379172],[7.4233384,43.7379343],[7.4233282,43.7379547],[7.4233274,43.7379765],[7.4233363,43.7379973],[7.4233147,43.7380285],[7.4234227,43.738064],[7.42344,43.7380332]]]}},{"type":"Feature","properties":{"kind":"building","height":3.2,"levels":"1","name":null,"building":"yes","roof":"many","colour":null},"geometry":{"type":"Polygon","coordinates":[[[7.4273512,43.7400892],[7.4274123,43.7400566],[7.4274454,43.740039],[7.4273741,43.7399692],[7.4273476,43.7399834],[7.4272799,43.7400194],[7.4273512,43.7400892]]]}},{"type":"Feature","properties":{"kind":"building","height":0.0,"levels":null,"name":"Fort Antoine 1er","building":"yes","roof":null,"colour":null},"geometry":{"type":"Polygon","coordinates":[[[7.4280385,43.7329446],[7.42798,43.7329664],[7.4277881,43.7330378],[7.4277492,43.7330523],[7.4277582,43.733092],[7.4277832,43.7331277],[7.4278218,43.7331562],[7.4278702,43.7331751],[7.4279239,43.7331826],[7.4279812,43.7331777],[7.4280334,43.7331601],[7.4280755,43.7331316],[7.4280913,43.7331141],[7.4281034,43.7331167],[7.4281131,43.7330973],[7.4281031,43.733095],[7.4281135,43.733054],[7.4281055,43.7330124],[7.4280797,43.7329746],[7.4280385,43.7329446]]]}},{"type":"Feature","properties":{"kind":"building","height":0.0,"levels":null,"name":null,"building":"yes","roof":null,"colour":null},"geometry":{"type":"Polygon","coordinates":[[[7.4269113,43.7371046],[7.4269519,43.7371128],[7.4269925,43.7371095],[7.4270286,43.7370851],[7.4273083,43.7360421],[7.4273591,43.7360193],[7.4273827,43.7359272],[7.4273421,43.735884],[7.4271234,43.7358539],[7.4270625,43.7358824],[7.4270365,43.7359729],[7.4270782,43.7360152],[7.4271425,43.736025],[7.4268651,43.7370513],[7.4268792,43.7370537],[7.426873,43.7370773],[7.4268781,43.7370887],[7.4268933,43.7370993],[7.4269113,43.7371046]]]}},{"type":"Feature","properties":{"kind":"building","height":0.0,"levels":null,"name":null,"building":"school","roof":null,"colour":null},"geometry":{"type":"Polygon","coordinates":[[[7.427425,43.7332552],[7.4274489,43.7331949],[7.4275148,43.7332088],[7.4275272,43.7331869],[7.4276381,43.7332102],[7.4276228,43.7332533],[7.4276055,43.7332913],[7.4275327,43.7332767],[7.427425,43.7332552]]]}},{"type":"Feature","properties":{"kind":"building","height":0.0,"levels":null,"name":null,"building":"yes","roof":null,"colour":null},"geometry":{"type":"Polygon","coordinates":[[[7.4277573,43.7332868],[7.4277661,43.7332671],[7.4278439,43.7332918],[7.4278376,43.7333181],[7.427812,43.7333132],[7.4278007,43.7333361],[7.4277416,43.7333227],[7.4277573,43.7332868]]]}},{"type":"Feature","properties":{"kind":"building","height":6.4,"levels":"2","name":null,"building":"pier","roof":null,"colour":null},"geometry":{"type":"Polygon","coordinates":[[[7.4280557,43.733284],[7.4281011,43.7332812],[7.428156,43.7332782],[7.4282584,43.7332816],[7.4284035,43.7333166],[7.4284917,43.7333604],[7.4285486,43.7334077],[7.4290583,43.7338557],[7.4291641,43.7339487],[7.4291483,43.7339584],[7.4296714,43.7344182],[7.4296772,43.7344237],[7.4296703,43.7344929],[7.4296915,43.7344798],[7.429781,43.7344324],[7.4298474,43.7344872],[7.4298212,43.7345037],[7.4300727,43.7347261],[7.430139,43.7347847],[7.4303862,43.7350035],[7.4304118,43.7349902],[7.4304851,43.7350473],[7.4303771,43.7351067],[7.4303926,43.735117],[7.4304445,43.735121],[7.431025,43.7356417],[7.4310076,43.7356533],[7.4314234,43.7360234],[7.4314689,43.7360302],[7.4315306,43.7359963],[7.431868,43.7362992],[7.4318774,43.7362936],[7.4306059,43.7351591],[7.4306542,43.7351329],[7.4293087,43.733947],[7.4292823,43.7339237],[7.4292802,43.7339219],[7.429104,43.7337665],[7.4290254,43.7336973],[7.4286316,43.7333501],[7.4283672,43.7331171],[7.4283534,43.7331049],[7.4282389,43.733004],[7.4282013,43.7329856],[7.4281638,43.7329788],[7.4281672,43.7330125],[7.4281853,43.7331406],[7.4281799,43.7331997],[7.4280324,43.7332114],[7.4280458,43.7332532],[7.4280557,43.733284]]]}},{"type":"Feature","properties":{"kind":"building","height":0.0,"levels":null,"name":null,"building":"yes","roof":null,"colour":null},"geometry":{"type":"Polygon","coordinates":[[[7.4279805,43.733651],[7.4278641,43.7336344],[7.427848,43.7336867],[7.4279665,43.7337016],[7.4279805,43.733651]]]}},{"type":"Feature","properties":{"kind":"building","height":0.0,"levels":null,"name":null,"building":"yes","roof":null,"colour":null},"geometry":{"type":"Polygon","coordinates":[[[7.4279379,43.7338129],[7.4278185,43.7337962],[7.4278024,43.7338495],[7.427923,43.733867],[7.4279379,43.7338129]]]}},{"type":"Feature","properties":{"kind":"building","height":0.0,"levels":null,"name":null,"building":"yes","roof":null,"colour":null},"geometry":{"type":"Polygon","coordinates":[[[7.4278481,43.733915],[7.4280072,43.7339343],[7.4279753,43.7340718],[7.4278162,43.7340525],[7.4278481,43.733915]]]}},{"type":"Feature","properties":{"kind":"building","height":0.0,"levels":null,"name":null,"building":"yes","roof":null,"colour":null},"geometry":{"type":"Polygon","coordinates":[[[7.4277204,43.7339234],[7.4277016,43.7340054],[7.4277906,43.7340161],[7.4278094,43.733934],[7.4277204,43.7339234]]]}},{"type":"Feature","properties":{"kind":"building","height":0.0,"levels":null,"name":null,"building":"yes","roof":null,"colour":null},"geometry":{"type":"Polygon","coordinates":[[[7.4283736,43.7340185],[7.4284454,43.7340367],[7.428427,43.7340744],[7.4283552,43.7340562],[7.4283736,43.7340185]]]}},{"type":"Feature","properties":{"kind":"building","height":0.0,"levels":null,"name":"Paroisse Orthodoxe Russe Des Saints Martyrs Royaux \u00e0 Monaco","building":"church","roof":null,"colour":null},"geometry":{"type":"Polygon","coordinates":[[[7.4201797,43.7348418],[7.420199,43.7347646],[7.4204294,43.7347948],[7.42041,43.7348719],[7.4201797,43.7348418]]]}},{"type":"Feature","properties":{"kind":"building","height":0.0,"levels":null,"name":null,"building":"yes","roof":null,"colour":null},"geometry":{"type":"Polygon","coordinates":[[[7.420397,43.7395139],[7.4203209,43.7395919],[7.4205871,43.7397274],[7.4206632,43.7396494],[7.420397,43.7395139]]]}},{"type":"Feature","properties":{"kind":"building","height":25.6,"levels":"8","name":null,"building":"commercial","roof":"flat","colour":null},"geometry":{"type":"Polygon","coordinates":[[[7.4207391,43.7350115],[7.4206428,43.7353377],[7.4204815,43.7353161],[7.4205802,43.7349866],[7.4207391,43.7350115]]]}},{"type":"Feature","properties":{"kind":"building","height":51.2,"levels":"16","name":"Palais H\u00e9racl\u00e8s","building":"apartments","roof":"flat","colour":null},"geometry":{"type":"Polygon","coordinates":[[[7.4207548,43.7349531],[7.4207829,43.7348313],[7.420789,43.7346651],[7.4209923,43.7346792],[7.4209716,43.7348431],[7.4209677,43.734874],[7.4209564,43.7349639],[7.4207548,43.7349531]]]}},{"type":"Feature","properties":{"kind":"building","height":44.0,"levels":"10","name":"G","building":"office","roof":"flat","colour":null},"geometry":{"type":"Polygon","coordinates":[[[7.4258409,43.7394655],[7.4258071,43.7394493],[7.4257819,43.7394112],[7.4257649,43.7393632],[7.4257592,43.7393159],[7.4257734,43.7392288],[7.4257934,43.7391862],[7.4258228,43.7391488],[7.4258467,43.7391299],[7.4258724,43.7391221],[7.4258971,43.7391245],[7.425919,43.7391303],[7.4259408,43.7391422],[7.425968,43.7391786],[7.4259884,43.739231],[7.425992,43.7392803],[7.4259872,43.7393344],[7.425967,43.739383],[7.4259431,43.7394217],[7.425916,43.73945],[7.4258851,43.7394649],[7.4258409,43.7394655]]]}},{"type":"Feature","properties":{"kind":"building","height":6.4,"levels":"2","name":"Les Townhouses","building":"terrace","roof":null,"colour":null},"geometry":{"type":"Polygon","coordinates":[[[7.4311744,43.7415264],[7.4315058,43.74213],[7.4317166,43.7420696],[7.4313854,43.741466],[7.4311744,43.7415264]]]}},{"type":"Feature","properties":{"kind":"building","height":62.0,"levels":"18","name":"Le Renzo 1","building":"apartments","roof":null,"colour":null},"geometry":{"type":"Polygon","coordinates":[[[7.4313753,43.7405728],[7.4316693,43.7411013],[7.4317138,43.741088],[7.4317608,43.7411706],[7.4320179,43.7410943],[7.4319766,43.7410217],[7.4320026,43.7410139],[7.4316882,43.740484],[7.4313753,43.7405728]]]}},{"type":"Feature","properties":{"kind":"building","height":0.0,"levels":null,"name":null,"building":"house","roof":null,"colour":null},"geometry":{"type":"Polygon","coordinates":[[[7.4325953,43.7425879],[7.4325475,43.7426503],[7.4328153,43.7427631],[7.4328649,43.7426998],[7.4328942,43.742503],[7.4326342,43.7424939],[7.4325653,43.7425752],[7.4325953,43.7425879]]]}},{"type":"Feature","properties":{"kind":"building","height":0.0,"levels":null,"name":null,"building":"house","roof":null,"colour":null},"geometry":{"type":"Polygon","coordinates":[[[7.4324636,43.7427753],[7.4324063,43.7428508],[7.4325032,43.7428892],[7.4324938,43.7429016],[7.4326408,43.7429598],[7.4327727,43.7427858],[7.432647,43.7427361],[7.4326329,43.7427547],[7.4324933,43.7426995],[7.4324422,43.7427668],[7.4324636,43.7427753]]]}},{"type":"Feature","properties":{"kind":"building","height":0.0,"levels":null,"name":null,"building":"house","roof":null,"colour":null},"geometry":{"type":"Polygon","coordinates":[[[7.4323535,43.7429485],[7.4323219,43.7429899],[7.4322935,43.7429786],[7.4322433,43.7430445],[7.4324995,43.7431463],[7.4326249,43.7429818],[7.4323696,43.7428803],[7.4323259,43.7429375],[7.4323535,43.7429485]]]}},{"type":"Feature","properties":{"kind":"building","height":0.0,"levels":null,"name":null,"building":"house","roof":null,"colour":null},"geometry":{"type":"Polygon","coordinates":[[[7.4327149,43.7431629],[7.4326153,43.7433098],[7.4328846,43.7434162],[7.4329995,43.7432601],[7.4327149,43.7431629]]]}},{"type":"Feature","properties":{"kind":"building","height":3.2,"levels":"1","name":"Billeterie Mus\u00e9e","building":"yes","roof":null,"colour":null},"geometry":{"type":"Polygon","coordinates":[[[7.4255803,43.7309366],[7.4255427,43.7309168],[7.4256023,43.7308575],[7.4256399,43.7308773],[7.4255803,43.7309366]]]}},{"type":"Feature","properties":{"kind":"building","height":12.8,"levels":"4","name":"Villa Thams","building":"apartments","roof":null,"colour":null},"geometry":{"type":"Polygon","coordinates":[[[7.4230001,43.730035],[7.4228177,43.7300075],[7.4228434,43.7299079],[7.4230278,43.7299346],[7.4230001,43.730035]]]}},{"type":"Feature","properties":{"kind":"building","height":0.0,"levels":null,"name":"Villa Richard","building":"yes","roof":null,"colour":null},"geometry":{"type":"Polygon","coordinates":[[[7.4236299,43.7304346],[7.4236992,43.7304624],[7.4236324,43.7305588],[7.4235336,43.7305249],[7.4235971,43.73044],[7.4236299,43.7304346]]]}},{"type":"Feature","properties":{"kind":"building","height":9.600000000000001,"levels":"3","name":null,"building":"residential","roof":null,"colour":null},"geometry":{"type":"Polygon","coordinates":[[[7.4235666,43.7304241],[7.4235971,43.73044],[7.4235336,43.7305249],[7.423505,43.7305163],[7.4234579,43.7305826],[7.4231325,43.7304701],[7.4232613,43.7302525],[7.4235981,43.7303602],[7.4235666,43.7304241]]]}},{"type":"Feature","properties":{"kind":"building","height":0.0,"levels":null,"name":null,"building":"yes","roof":null,"colour":null},"geometry":{"type":"Polygon","coordinates":[[[7.4212579,43.7303869],[7.4212485,43.7303093],[7.4213069,43.7302899],[7.4213244,43.7303776],[7.4212579,43.7303869]]]}},{"type":"Feature","properties":{"kind":"building","height":0.0,"levels":null,"name":"Palazzino","building":"yes","roof":null,"colour":null},"geometry":{"type":"Polygon","coordinates":[[[7.4213069,43.7302899],[7.4215112,43.7302384],[7.4215567,43.7303051],[7.4214984,43.7303498],[7.4213244,43.7303776],[7.4213069,43.7302899]]]}},{"type":"Feature","properties":{"kind":"building","height":0.0,"levels":null,"name":null,"building":"apartments","roof":null,"colour":null},"geometry":{"type":"Polygon","coordinates":[[[7.4215062,43.7305221],[7.4214598,43.7305387],[7.421517,43.7306476],[7.4216102,43.7306123],[7.4215062,43.7305221]]]}},{"type":"Feature","properties":{"kind":"building","height":6.4,"levels":"2","name":null,"building":"apartments","roof":null,"colour":null},"geometry":{"type":"Polygon","coordinates":[[[7.4214562,43.7307049],[7.421441,43.7306545],[7.421517,43.7306476],[7.4215397,43.7306862],[7.4214562,43.7307049]]]}},{"type":"Feature","properties":{"kind":"building","height":0.0,"levels":null,"name":null,"building":"yes","roof":null,"colour":null},"geometry":{"type":"Polygon","coordinates":[[[7.4210619,43.7313834],[7.4210473,43.7313513],[7.4210182,43.7313192],[7.4209605,43.7312903],[7.4209117,43.7312985],[7.4208758,43.7313147],[7.4208907,43.7313276],[7.4209207,43.7313136],[7.4209312,43.7313087],[7.4209657,43.7313196],[7.421002,43.7313401],[7.4210294,43.7313714],[7.4210427,43.7313874],[7.4210619,43.7313834]]]}},{"type":"Feature","properties":{"kind":"building","height":16.0,"levels":"5","name":null,"building":"apartments","roof":null,"colour":null},"geometry":{"type":"Polygon","coordinates":[[[7.4213664,43.7306579],[7.4213473,43.7305255],[7.4213522,43.7304569],[7.4214269,43.7304513],[7.4214332,43.7305417],[7.4214598,43.7305387],[7.421517,43.7306476],[7.421441,43.7306545],[7.4213664,43.7306579]]]}},{"type":"Feature","properties":{"kind":"building","height":0.0,"levels":null,"name":null,"building":"yes","roof":null,"colour":null},"geometry":{"type":"Polygon","coordinates":[[[7.4209106,43.7317199],[7.4209361,43.7317073],[7.4209374,43.731685],[7.4209267,43.7316656],[7.4207899,43.7316346],[7.4207885,43.7315348],[7.4206625,43.7315309],[7.4206705,43.7316191],[7.4205324,43.7316307],[7.4205445,43.7317111],[7.4206357,43.7317373],[7.4209106,43.7317199]]]}},{"type":"Feature","properties":{"kind":"building","height":3.2,"levels":"1","name":null,"building":"roof","roof":null,"colour":null},"geometry":{"type":"Polygon","coordinates":[[[7.419192,43.7388128],[7.4191495,43.7388196],[7.4191113,43.7388426],[7.4190775,43.7388326],[7.4190495,43.7388155],[7.419053,43.7387895],[7.4190766,43.7387604],[7.4190731,43.7387243],[7.4190994,43.7386958],[7.4191371,43.7386913],[7.4191897,43.738704],[7.4192423,43.7387363],[7.4192546,43.7387724],[7.4192493,43.7387996],[7.419223,43.7388155],[7.419192,43.7388128]]]}},{"type":"Feature","properties":{"kind":"building","height":3.2,"levels":"1","name":null,"building":"yes","roof":null,"colour":null},"geometry":{"type":"Polygon","coordinates":[[[7.4222131,43.7301406],[7.4222177,43.7301292],[7.4222522,43.7301352],[7.4222877,43.7301432],[7.4222824,43.7301562],[7.4222464,43.7301481],[7.4222131,43.7301406]]]}},{"type":"Feature","properties":{"kind":"building","height":12.8,"levels":"4","name":"Maison Dalbera","building":"apartments","roof":null,"colour":null},"geometry":{"type":"Polygon","coordinates":[[[7.4223073,43.7407055],[7.4223663,43.7407507],[7.4224193,43.7407912],[7.4222504,43.7408708],[7.4221647,43.7407856],[7.4223073,43.7407055]]]}},{"type":"Feature","properties":{"kind":"building","height":12.8,"levels":"4","name":null,"building":"apartments","roof":null,"colour":null},"geometry":{"type":"Polygon","coordinates":[[[7.4224193,43.7407912],[7.422459,43.740819],[7.4225068,43.7408525],[7.422329,43.7409389],[7.4222504,43.7408708],[7.4224193,43.7407912]]]}},{"type":"Feature","properties":{"kind":"building","height":12.8,"levels":"4","name":null,"building":"apartments","roof":null,"colour":null},"geometry":{"type":"Polygon","coordinates":[[[7.4221295,43.7404716],[7.4222863,43.740407],[7.422364,43.7404942],[7.422334,43.7405087],[7.4222149,43.7405583],[7.4222066,43.7405473],[7.4221295,43.7404716]]]}},{"type":"Feature","properties":{"kind":"building","height":12.8,"levels":"4","name":"Maison Fran\u00e7ois Fontana","building":"apartments","roof":null,"colour":null},"geometry":{"type":"Polygon","coordinates":[[[7.4222863,43.740407],[7.4223473,43.740374],[7.4224216,43.7403338],[7.4225007,43.740417],[7.4224392,43.7404528],[7.4223831,43.7404855],[7.422364,43.7404942],[7.4222863,43.740407]]]}},{"type":"Feature","properties":{"kind":"building","height":12.8,"levels":"4","name":null,"building":"apartments","roof":null,"colour":null},"geometry":{"type":"Polygon","coordinates":[[[7.4226229,43.7408719],[7.4227201,43.740812],[7.42267,43.7407616],[7.4225672,43.7408311],[7.4225848,43.740844],[7.4226229,43.7408719]]]}},{"type":"Feature","properties":{"kind":"building","height":9.600000000000001,"levels":"3","name":null,"building":"apartments","roof":null,"colour":null},"geometry":{"type":"Polygon","coordinates":[[[7.4227201,43.740812],[7.4227331,43.7408037],[7.4228164,43.74075],[7.4227657,43.7406968],[7.42267,43.7407616],[7.4227201,43.740812]]]}},{"type":"Feature","properties":{"kind":"building","height":12.8,"levels":"4","name":null,"building":"apartments","roof":null,"colour":null},"geometry":{"type":"Polygon","coordinates":[[[7.4227657,43.7406968],[7.42267,43.7407616],[7.4225662,43.740664],[7.4226724,43.7405995],[7.4227657,43.7406968]]]}},{"type":"Feature","properties":{"kind":"building","height":12.8,"levels":"4","name":null,"building":"apartments","roof":null,"colour":null},"geometry":{"type":"Polygon","coordinates":[[[7.4226724,43.7405995],[7.4225007,43.740417],[7.4224392,43.7404528],[7.4223831,43.7404855],[7.4225662,43.740664],[7.4226724,43.7405995]]]}},{"type":"Feature","properties":{"kind":"building","height":0.0,"levels":null,"name":null,"building":"yes","roof":null,"colour":null},"geometry":{"type":"Polygon","coordinates":[[[7.4260998,43.7396626],[7.4261317,43.7396472],[7.4261478,43.7396641],[7.4261813,43.7396475],[7.4261652,43.739631],[7.4261987,43.7396148],[7.4261557,43.7395686],[7.4260564,43.7396198],[7.4260998,43.7396626]]]}},{"type":"Feature","properties":{"kind":"building","height":0.0,"levels":null,"name":null,"building":"yes","roof":null,"colour":null},"geometry":{"type":"Polygon","coordinates":[[[7.4277349,43.7381771],[7.4278326,43.7381208],[7.4278971,43.7381813],[7.4278802,43.7381907],[7.4278964,43.7382058],[7.427873,43.7382188],[7.4278847,43.7382298],[7.4278591,43.738244],[7.4278458,43.7382315],[7.4278138,43.7382488],[7.4277349,43.7381771]]]}},{"type":"Feature","properties":{"kind":"building","height":6.4,"levels":"2","name":null,"building":"yes","roof":null,"colour":null},"geometry":{"type":"Polygon","coordinates":[[[7.4283073,43.7414897],[7.4287198,43.741263],[7.4287502,43.7412917],[7.4288225,43.7414924],[7.4288225,43.7417067],[7.4287081,43.7416898],[7.4285595,43.7417644],[7.4283073,43.7414897]]]}},{"type":"Feature","properties":{"kind":"building","height":32.0,"levels":"10","name":"Les Tropiques","building":"apartments","roof":null,"colour":null},"geometry":{"type":"Polygon","coordinates":[[[7.4185871,43.7360607],[7.4188098,43.736144],[7.4189116,43.7360685],[7.418878,43.7360485],[7.4188443,43.7360285],[7.4187019,43.7359438],[7.4185871,43.7360607]]]}},{"type":"Feature","properties":{"kind":"building","height":12.8,"levels":"4","name":"Villa Marie Laurence","building":"apartments","roof":null,"colour":null},"geometry":{"type":"Polygon","coordinates":[[[7.4187621,43.7358826],[7.4187019,43.7359438],[7.4188443,43.7360285],[7.4188932,43.7359811],[7.4187621,43.7358826]]]}},{"type":"Feature","properties":{"kind":"building","height":19.200000000000003,"levels":"6","name":"Villa Sevigne","building":"apartments","roof":null,"colour":null},"geometry":{"type":"Polygon","coordinates":[[[7.42177,43.7383039],[7.4217965,43.7381748],[7.4220018,43.7381927],[7.4219788,43.7383205],[7.4218823,43.7383128],[7.42177,43.7383039]]]}},{"type":"Feature","properties":{"kind":"building","height":0.0,"levels":null,"name":"Emilie Palace","building":"apartments","roof":"flat","colour":null},"geometry":{"type":"Polygon","coordinates":[[[7.4300146,43.7419261],[7.4302676,43.7419057],[7.4303515,43.7423458],[7.4300818,43.7423633],[7.4300146,43.7419261]]]}},{"type":"Feature","properties":{"kind":"building","height":0.0,"levels":null,"name":null,"building":"retail","roof":null,"colour":null},"geometry":{"type":"Polygon","coordinates":[[[7.420554,43.7361601],[7.4207398,43.7363108],[7.4208705,43.7362399],[7.4207188,43.7361109],[7.420554,43.7361601]]]}},{"type":"Feature","properties":{"kind":"building","height":0.0,"levels":null,"name":null,"building":"apartments","roof":null,"colour":null},"geometry":{"type":"Polygon","coordinates":[[[7.425383,43.743021],[7.425257,43.742915],[7.425311,43.742878],[7.425288,43.74286],[7.4253437,43.7428232],[7.425495,43.742945],[7.425383,43.743021]]]}},{"type":"Feature","properties":{"kind":"building","height":0.0,"levels":null,"name":"Les Cigales","building":"apartments","roof":null,"colour":null},"geometry":{"type":"Polygon","coordinates":[[[7.4253437,43.7428232],[7.425495,43.742945],[7.425517,43.74293],[7.425619,43.742861],[7.42551,43.74277],[7.425476,43.742766],[7.425416,43.742807],[7.425394,43.74279],[7.4253437,43.7428232]]]}},{"type":"Feature","properties":{"kind":"building","height":0.0,"levels":null,"name":null,"building":"kiosk","roof":null,"colour":null},"geometry":{"type":"Polygon","coordinates":[[[7.4195772,43.7324703],[7.419714,43.7324999],[7.4197001,43.7325334],[7.4195633,43.7325038],[7.4195772,43.7324703]]]}},{"type":"Feature","properties":{"kind":"building","height":0.0,"levels":null,"name":null,"building":"yes","roof":null,"colour":null},"geometry":{"type":"Polygon","coordinates":[[[7.4193259,43.7327051],[7.4193683,43.7326942],[7.4193913,43.7327153],[7.4193851,43.7327396],[7.4193462,43.7327492],[7.4193152,43.7327332],[7.4193259,43.7327051]]]}},{"type":"Feature","properties":{"kind":"building","height":0.0,"levels":null,"name":null,"building":"yes","roof":null,"colour":null},"geometry":{"type":"Polygon","coordinates":[[[7.4260442,43.7319958],[7.4261047,43.7320157],[7.4261337,43.7319699],[7.4260732,43.73195],[7.4260442,43.7319958]]]}},{"type":"Feature","properties":{"kind":"building","height":0.0,"levels":null,"name":null,"building":"yes","roof":null,"colour":null},"geometry":{"type":"Polygon","coordinates":[[[7.4268741,43.7312175],[7.426926,43.7311811],[7.4269732,43.7312163],[7.4269213,43.7312527],[7.4268741,43.7312175]]]}},{"type":"Feature","properties":{"kind":"building","height":0.0,"levels":null,"name":null,"building":"yes","roof":null,"colour":null},"geometry":{"type":"Polygon","coordinates":[[[7.4269657,43.7311657],[7.4270176,43.7311293],[7.4270648,43.7311645],[7.4270129,43.7312009],[7.4269657,43.7311657]]]}},{"type":"Feature","properties":{"kind":"building","height":0.0,"levels":null,"name":null,"building":"yes","roof":null,"colour":null},"geometry":{"type":"Polygon","coordinates":[[[7.4272399,43.7311791],[7.4272918,43.7311427],[7.427339,43.7311779],[7.4272871,43.7312143],[7.4272399,43.7311791]]]}},{"type":"Feature","properties":{"kind":"building","height":0.0,"levels":null,"name":null,"building":"yes","roof":null,"colour":null},"geometry":{"type":"Polygon","coordinates":[[[7.4261452,43.7309421],[7.4262344,43.7309917],[7.4261696,43.7310525],[7.4260804,43.7310028],[7.4261452,43.7309421]]]}},{"type":"Feature","properties":{"kind":"building","height":6.4,"levels":"2","name":"Villa Minerve","building":"apartments","roof":null,"colour":null},"geometry":{"type":"Polygon","coordinates":[[[7.4238137,43.737503],[7.4236703,43.7375033],[7.4236738,43.7374442],[7.4237242,43.7374473],[7.423925,43.7374599],[7.423925,43.7375001],[7.4238137,43.737503]]]}},{"type":"Feature","properties":{"kind":"building","height":12.8,"levels":"4","name":null,"building":"apartments","roof":null,"colour":null},"geometry":{"type":"Polygon","coordinates":[[[7.4206852,43.7326046],[7.4203305,43.7326105],[7.4202939,43.7325943],[7.42042,43.7322851],[7.4204433,43.7322705],[7.420734,43.7322293],[7.4207322,43.7323975],[7.420732,43.7324144],[7.420548,43.7324195],[7.420549,43.7324739],[7.4206202,43.7324739],[7.4206232,43.732432],[7.420669,43.732432],[7.42067,43.7324739],[7.4206842,43.7324739],[7.4206852,43.7326046]]]}},{"type":"Feature","properties":{"kind":"building","height":12.8,"levels":"4","name":"R\u00e9sidence A Quiet\u00fcdine","building":"apartments","roof":null,"colour":null},"geometry":{"type":"Polygon","coordinates":[[[7.420734,43.7322293],[7.4212402,43.7321485],[7.4212605,43.7321625],[7.4212534,43.732388],[7.4212371,43.7324026],[7.4207322,43.7323975],[7.420734,43.7322293]]]}},{"type":"Feature","properties":{"kind":"building","height":12.8,"levels":"4","name":null,"building":"residential","roof":null,"colour":null},"geometry":{"type":"Polygon","coordinates":[[[7.4233417,43.7312762],[7.4230926,43.7312455],[7.4230785,43.7311094],[7.4233219,43.731113],[7.423322,43.7311002],[7.4233865,43.7310989],[7.4233417,43.7312762]]]}},{"type":"Feature","properties":{"kind":"building","height":0.0,"levels":null,"name":null,"building":"yes","roof":null,"colour":null},"geometry":{"type":"Polygon","coordinates":[[[7.4234816,43.7311368],[7.4237098,43.731188],[7.4236468,43.7313379],[7.4235025,43.7313087],[7.4234981,43.7313183],[7.4234379,43.7313097],[7.4234816,43.7311368]]]}},{"type":"Feature","properties":{"kind":"building","height":0.0,"levels":null,"name":null,"building":"yes","roof":null,"colour":null},"geometry":{"type":"Polygon","coordinates":[[[7.4228908,43.7310557],[7.4229621,43.7310615],[7.4229692,43.7309968],[7.4228865,43.7309936],[7.4228908,43.7310557]]]}},{"type":"Feature","properties":{"kind":"building","height":12.8,"levels":"4","name":null,"building":"apartments","roof":null,"colour":null},"geometry":{"type":"Polygon","coordinates":[[[7.4199908,43.7330846],[7.4199245,43.7330763],[7.4199011,43.7331435],[7.419969,43.7331572],[7.4199908,43.7330846]]]}},{"type":"Feature","properties":{"kind":"building","height":22.400000000000002,"levels":"7","name":null,"building":"apartments","roof":null,"colour":null},"geometry":{"type":"Polygon","coordinates":[[[7.4231878,43.7405639],[7.4233447,43.740482],[7.4230659,43.7401712],[7.4229007,43.7402423],[7.4231878,43.7405639]]]}},{"type":"Feature","properties":{"kind":"building","height":22.400000000000002,"levels":"7","name":"Les Tamaris","building":"apartments","roof":null,"colour":null},"geometry":{"type":"Polygon","coordinates":[[[7.4229007,43.7402423],[7.4228102,43.7401409],[7.4228239,43.7399794],[7.4228876,43.7399726],[7.4230659,43.7401712],[7.4229007,43.7402423]]]}},{"type":"Feature","properties":{"kind":"building","height":0.0,"levels":null,"name":null,"building":"yes","roof":null,"colour":null},"geometry":{"type":"Polygon","coordinates":[[[7.4224281,43.7421518],[7.4223271,43.7420358],[7.4221456,43.7421286],[7.4222501,43.7422387],[7.4224281,43.7421518]]]}},{"type":"Feature","properties":{"kind":"building","height":16.0,"levels":"5","name":"Le Bellevue Palace","building":"apartments","roof":null,"colour":null},"geometry":{"type":"Polygon","coordinates":[[[7.4220147,43.7400844],[7.4220804,43.7400373],[7.4224384,43.7402487],[7.4224042,43.7403197],[7.422284,43.7402328],[7.422153,43.7401921],[7.4220147,43.7400844]]]}},{"type":"Feature","properties":{"kind":"building","height":0.0,"levels":null,"name":"Le Marie Stirosa","building":"yes","roof":null,"colour":null},"geometry":{"type":"Polygon","coordinates":[[[7.42244,43.743438],[7.42253,43.743516],[7.422618,43.743433],[7.422556,43.743391],[7.422485,43.743362],[7.422454,43.743397],[7.42244,43.743438]]]}},{"type":"Feature","properties":{"kind":"building","height":0.0,"levels":null,"name":null,"building":"yes","roof":null,"colour":null},"geometry":{"type":"Polygon","coordinates":[[[7.42253,43.743516],[7.422644,43.74357],[7.422726,43.743495],[7.422626,43.743428],[7.422618,43.743433],[7.42253,43.743516]]]}},{"type":"Feature","properties":{"kind":"building","height":0.0,"levels":null,"name":null,"building":"yes","roof":null,"colour":null},"geometry":{"type":"Polygon","coordinates":[[[7.422644,43.74357],[7.4227301,43.7436118],[7.4227984,43.7435342],[7.422726,43.743495],[7.422644,43.74357]]]}},{"type":"Feature","properties":{"kind":"building","height":0.0,"levels":null,"name":"Villa Rino Rina","building":"yes","roof":null,"colour":null},"geometry":{"type":"Polygon","coordinates":[[[7.4227301,43.7436118],[7.422848,43.743669],[7.422918,43.743599],[7.4227984,43.7435342],[7.4227301,43.7436118]]]}},{"type":"Feature","properties":{"kind":"building","height":0.0,"levels":null,"name":null,"building":"yes","roof":null,"colour":null},"geometry":{"type":"Polygon","coordinates":[[[7.4258738,43.7381247],[7.425855,43.7381127],[7.42582,43.7381],[7.4257721,43.7380916],[7.4257324,43.7381009],[7.4256958,43.7381298],[7.4256845,43.7381574],[7.4258071,43.7383911],[7.4259882,43.738345],[7.4258738,43.7381247]]]}},{"type":"Feature","properties":{"kind":"building","height":0.0,"levels":null,"name":"Belle Epoque","building":"yes","roof":null,"colour":null},"geometry":{"type":"Polygon","coordinates":[[[7.4258347,43.7380606],[7.4258443,43.7380383],[7.4257974,43.7380278],[7.4258055,43.7380089],[7.4257227,43.7379904],[7.4257963,43.737819],[7.4262412,43.7379187],[7.4263356,43.7379413],[7.4262222,43.7382048],[7.4261196,43.7381741],[7.4260715,43.7381272],[7.4260742,43.7381124],[7.4258347,43.7380606]]]}},{"type":"Feature","properties":{"kind":"building","height":12.8,"levels":"4","name":"Rocamar","building":"apartments","roof":null,"colour":null},"geometry":{"type":"Polygon","coordinates":[[[7.4220208,43.7301609],[7.4219116,43.7302558],[7.4217976,43.7301503],[7.4217681,43.730123],[7.4218464,43.7300516],[7.4218578,43.7300581],[7.4219228,43.7300951],[7.4220208,43.7301609]]]}},{"type":"Feature","properties":{"kind":"building","height":16.0,"levels":"5","name":"Le Sunshine","building":"apartments","roof":null,"colour":null},"geometry":{"type":"Polygon","coordinates":[[[7.4219116,43.7302558],[7.4218324,43.7303944],[7.4216862,43.7302857],[7.421725,43.7302369],[7.4217209,43.7302331],[7.4217525,43.7301951],[7.4217595,43.7301972],[7.4217976,43.7301503],[7.4219116,43.7302558]]]}},{"type":"Feature","properties":{"kind":"building","height":0.0,"levels":null,"name":"Le Labor","building":"yes","roof":null,"colour":null},"geometry":{"type":"Polygon","coordinates":[[[7.4256117,43.7415172],[7.4256658,43.7415547],[7.4257103,43.7415765],[7.4257472,43.7415913],[7.4258199,43.7416091],[7.4258788,43.7416198],[7.4259719,43.7416326],[7.4260336,43.7416056],[7.4259081,43.7414769],[7.4259506,43.7414573],[7.4258277,43.7413072],[7.425786,43.7413285],[7.4256755,43.7413974],[7.4257201,43.7414468],[7.4256668,43.7414686],[7.4256117,43.7415172]]]}},{"type":"Feature","properties":{"kind":"building","height":0.0,"levels":null,"name":"Le Forum","building":"yes","roof":null,"colour":null},"geometry":{"type":"Polygon","coordinates":[[[7.4256117,43.7415172],[7.4254473,43.7413344],[7.4255567,43.7412907],[7.4255424,43.7412756],[7.4256764,43.7412055],[7.425786,43.7413285],[7.4256755,43.7413974],[7.425627,43.7414283],[7.4256668,43.7414686],[7.4256117,43.7415172]]]}},{"type":"Feature","properties":{"kind":"building","height":0.0,"levels":null,"name":"L'Astoria","building":"yes","roof":null,"colour":null},"geometry":{"type":"Polygon","coordinates":[[[7.4254473,43.7413344],[7.4254211,43.7413384],[7.4253108,43.7412146],[7.4253245,43.7412093],[7.4253133,43.7411544],[7.4254494,43.7410886],[7.4255627,43.7412064],[7.4255134,43.7412411],[7.4255424,43.7412756],[7.4255567,43.7412907],[7.4254473,43.7413344]]]}},{"type":"Feature","properties":{"kind":"building","height":9.600000000000001,"levels":"3","name":"Villa Fausta","building":"apartments","roof":null,"colour":null},"geometry":{"type":"Polygon","coordinates":[[[7.4211542,43.7385137],[7.4210929,43.7386056],[7.4212731,43.7386686],[7.4213604,43.7385436],[7.4214422,43.7384237],[7.421262,43.7383536],[7.4212351,43.7383953],[7.4211542,43.7385137]]]}},{"type":"Feature","properties":{"kind":"building","height":6.4,"levels":"2","name":"Villa Benvenuto","building":"apartments","roof":null,"colour":null},"geometry":{"type":"Polygon","coordinates":[[[7.4204633,43.7384972],[7.4204152,43.7385152],[7.4203481,43.7384426],[7.4203743,43.7384295],[7.4203662,43.7384198],[7.4204239,43.7383927],[7.4204326,43.7384038],[7.4204936,43.7383825],[7.4205157,43.7384169],[7.4204633,43.7384972]]]}},{"type":"Feature","properties":{"kind":"building","height":3.2,"levels":"1","name":null,"building":"yes","roof":null,"colour":null},"geometry":{"type":"Polygon","coordinates":[[[7.4307287,43.7425309],[7.4307707,43.7425123],[7.4307485,43.7424861],[7.4307065,43.7425047],[7.4307287,43.7425309]]]}},{"type":"Feature","properties":{"kind":"building","height":0.0,"levels":null,"name":"Albatros","building":"retail","roof":null,"colour":null},"geometry":{"type":"Polygon","coordinates":[[[7.4213984,43.733643],[7.4215117,43.7336634],[7.4214409,43.7338463],[7.4213052,43.733821],[7.4213471,43.733735],[7.42135,43.7337297],[7.4213984,43.733643]]]}},{"type":"Feature","properties":{"kind":"building","height":19.200000000000003,"levels":"6","name":null,"building":"apartments","roof":"hipped","colour":null},"geometry":{"type":"Polygon","coordinates":[[[7.4213984,43.733643],[7.4214034,43.7336167],[7.420744,43.7335218],[7.4207085,43.7336334],[7.42135,43.7337297],[7.4213984,43.733643]]]}},{"type":"Feature","properties":{"kind":"building","height":0.0,"levels":null,"name":"Columbia Palace","building":"residential","roof":"flat","colour":null},"geometry":{"type":"Polygon","coordinates":[[[7.4302171,43.7437535],[7.4306713,43.7436094],[7.4307708,43.7437722],[7.4308452,43.7437494],[7.4309254,43.7438969],[7.4305734,43.7439969],[7.4304979,43.7438559],[7.4303147,43.7439141],[7.4302171,43.7437535]]]}},{"type":"Feature","properties":{"kind":"building","height":0.0,"levels":null,"name":"Villa Le D\u00f4me","building":"commercial","roof":null,"colour":null},"geometry":{"type":"Polygon","coordinates":[[[7.4238252,43.7403722],[7.4239851,43.7402799],[7.4241703,43.7404809],[7.424,43.7405491],[7.4238252,43.7403722]]]}},{"type":"Feature","properties":{"kind":"building","height":16.0,"levels":"5","name":null,"building":"apartments","roof":null,"colour":null},"geometry":{"type":"Polygon","coordinates":[[[7.419703,43.7361296],[7.4199582,43.7363108],[7.4200352,43.7362542],[7.4199512,43.7361946],[7.4200863,43.7360953],[7.419915,43.7359737],[7.419703,43.7361296]]]}},{"type":"Feature","properties":{"kind":"building","height":0.0,"levels":null,"name":null,"building":"yes","roof":null,"colour":null},"geometry":{"type":"Polygon","coordinates":[[[7.4281319,43.7412668],[7.4278805,43.7410112],[7.4279301,43.7409853],[7.4278778,43.7409358],[7.4279207,43.7409164],[7.4279744,43.7409668],[7.4280494,43.7409254],[7.4280818,43.7409539],[7.4280565,43.7409661],[7.4282892,43.7411863],[7.4281319,43.7412668]]]}},{"type":"Feature","properties":{"kind":"building","height":0.0,"levels":null,"name":null,"building":"roof","roof":null,"colour":null},"geometry":{"type":"Polygon","coordinates":[[[7.4193306,43.7341905],[7.4193256,43.7342278],[7.4195649,43.7342497],[7.4195859,43.7342438],[7.4196081,43.7342312],[7.4196361,43.7340903],[7.4195828,43.7340848],[7.4195595,43.7342066],[7.4193306,43.7341905]]]}},{"type":"Feature","properties":{"kind":"building","height":0.0,"levels":null,"name":null,"building":"yes","roof":null,"colour":null},"geometry":{"type":"Polygon","coordinates":[[[7.4265077,43.7317346],[7.4265674,43.7317652],[7.4265451,43.731788],[7.4264854,43.7317573],[7.4265077,43.7317346]]]}},{"type":"Feature","properties":{"kind":"building","height":0.0,"levels":null,"name":"Chicken Pizza","building":"yes","roof":null,"colour":null},"geometry":{"type":"Polygon","coordinates":[[[7.4223473,43.740374],[7.4224392,43.7404528],[7.4225007,43.740417],[7.4224216,43.7403338],[7.4223473,43.740374]]]}},{"type":"Feature","properties":{"kind":"building","height":10.0,"levels":null,"name":"Plongeoir","building":"yes","roof":null,"colour":null},"geometry":{"type":"Polygon","coordinates":[[[7.4220711,43.7343359],[7.4221076,43.7343408],[7.4220996,43.7343719],[7.4220936,43.7343951],[7.422057,43.7343902],[7.4220711,43.7343359]]]}},{"type":"Feature","properties":{"kind":"building","height":0.0,"levels":null,"name":null,"building":"yes","roof":null,"colour":null},"geometry":{"type":"Polygon","coordinates":[[[7.4246478,43.7414584],[7.4248162,43.74138],[7.4249619,43.7415496],[7.4246186,43.741752],[7.4245053,43.7416222],[7.4247045,43.7415216],[7.4246478,43.7414584]]]}},{"type":"Feature","properties":{"kind":"building","height":0.0,"levels":null,"name":null,"building":"yes","roof":null,"colour":null},"geometry":{"type":"Polygon","coordinates":[[[7.4205802,43.7349866],[7.4206344,43.7348092],[7.4207829,43.7348313],[7.4207548,43.7349531],[7.4207391,43.7350115],[7.4205802,43.7349866]]]}},{"type":"Feature","properties":{"kind":"building","height":0.0,"levels":null,"name":null,"building":"yes","roof":null,"colour":null},"geometry":{"type":"Polygon","coordinates":[[[7.4201056,43.7360462],[7.4199208,43.7359127],[7.4199888,43.7358636],[7.4201736,43.7359971],[7.4201056,43.7360462]]]}},{"type":"Feature","properties":{"kind":"building","height":19.200000000000003,"levels":"6","name":"Social Funds of Monaco","building":"commercial","roof":null,"colour":null},"geometry":{"type":"Polygon","coordinates":[[[7.4200975,43.7351645],[7.4201624,43.7349235],[7.4203624,43.7349517],[7.4202974,43.7351926],[7.4200975,43.7351645]]]}},{"type":"Feature","properties":{"kind":"building","height":0.0,"levels":null,"name":null,"building":"roof","roof":null,"colour":null},"geometry":{"type":"Polygon","coordinates":[[[7.4194993,43.7356017],[7.4194491,43.7356305],[7.4195709,43.7357411],[7.419621,43.7357123],[7.4194993,43.7356017]]]}},{"type":"Feature","properties":{"kind":"building","height":0.0,"levels":null,"name":null,"building":"roof","roof":null,"colour":null},"geometry":{"type":"Polygon","coordinates":[[[7.4209716,43.7348431],[7.4211567,43.7348555],[7.4211552,43.7348933],[7.4209677,43.734874],[7.4209716,43.7348431]]]}},{"type":"Feature","properties":{"kind":"building","height":0.0,"levels":null,"name":null,"building":"apartments","roof":"flat","colour":null},"geometry":{"type":"Polygon","coordinates":[[[7.421045,43.7344992],[7.4210489,43.7344759],[7.4211727,43.7344925],[7.421206,43.734497],[7.4211706,43.7347108],[7.4210073,43.7346996],[7.4210253,43.7346095],[7.421045,43.7344992]]]}},{"type":"Feature","properties":{"kind":"building","height":0.0,"levels":null,"name":null,"building":"roof","roof":null,"colour":null},"geometry":{"type":"Polygon","coordinates":[[[7.4300337,43.7401531],[7.4299476,43.7402009],[7.4297282,43.7399964],[7.4298579,43.7399879],[7.4299028,43.7400301],[7.4300337,43.7401531]]]}},{"type":"Feature","properties":{"kind":"building","height":0.0,"levels":null,"name":null,"building":"toilets","roof":null,"colour":null},"geometry":{"type":"Polygon","coordinates":[[[7.4196256,43.7322051],[7.4194885,43.7322441],[7.419538,43.732175],[7.4196035,43.7321552],[7.4196256,43.7322051]]]}},{"type":"Feature","properties":{"kind":"building","height":0.0,"levels":null,"name":null,"building":"yes","roof":null,"colour":null},"geometry":{"type":"Polygon","coordinates":[[[7.4258312,43.7310413],[7.4257839,43.7310155],[7.4258008,43.7309992],[7.4258482,43.731025],[7.4258312,43.7310413]]]}},{"type":"Feature","properties":{"kind":"building","height":0.0,"levels":null,"name":null,"building":"roof","roof":null,"colour":null},"geometry":{"type":"Polygon","coordinates":[[[7.4239705,43.7327559],[7.4240235,43.7326215],[7.423632,43.7325408],[7.4236037,43.7326125],[7.4238535,43.7326641],[7.4238287,43.7327267],[7.4239705,43.7327559]]]}},{"type":"Feature","properties":{"kind":"building","height":0.0,"levels":null,"name":null,"building":"roof","roof":null,"colour":null},"geometry":{"type":"Polygon","coordinates":[[[7.426172,43.7382844],[7.4262215,43.7383973],[7.4261849,43.7384061],[7.4261117,43.7382648],[7.4261609,43.7382597],[7.426172,43.7382844]]]}},{"type":"Feature","properties":{"kind":"building","height":0.0,"levels":null,"name":null,"building":"yes","roof":null,"colour":null},"geometry":{"type":"Polygon","coordinates":[[[7.424585,43.737674],[7.4245891,43.7376294],[7.4245852,43.73748],[7.423925,43.7374599],[7.423925,43.7375001],[7.4238137,43.737503],[7.4238177,43.7376783],[7.4238892,43.7376783],[7.4238813,43.7377127],[7.4239608,43.7377127],[7.424585,43.737674]]]}},{"type":"Feature","properties":{"kind":"building","height":0.0,"levels":null,"name":null,"building":"yes","roof":null,"colour":null},"geometry":{"type":"Polygon","coordinates":[[[7.4255969,43.7369838],[7.4255843,43.7370437],[7.4256257,43.7370482],[7.4256383,43.7369883],[7.4255969,43.7369838]]]}},{"type":"Feature","properties":{"kind":"building","height":28.8,"levels":"9","name":"FANB","building":"school","roof":null,"colour":null},"geometry":{"type":"Polygon","coordinates":[[[7.4213822,43.7398767],[7.4215303,43.7399883],[7.4216581,43.7398998],[7.42151,43.7397881],[7.4213822,43.7398767]]]}},{"type":"Feature","properties":{"kind":"building","height":0.0,"levels":null,"name":null,"building":"yes","roof":null,"colour":null},"geometry":{"type":"Polygon","coordinates":[[[7.4240138,43.738715],[7.424006,43.7387187],[7.424022,43.7387361],[7.4240402,43.7387274],[7.4240356,43.7387225],[7.4240792,43.7387016],[7.4240713,43.7386929],[7.4240811,43.7386882],[7.4240854,43.7386929],[7.4241433,43.7386653],[7.4241363,43.7386576],[7.4241394,43.7386562],[7.4240842,43.7385958],[7.4240205,43.7386262],[7.4240267,43.7386329],[7.4240162,43.7386379],[7.4240207,43.7386429],[7.4240179,43.7386443],[7.424014,43.73864],[7.4239661,43.7386628],[7.4240138,43.738715]]]}},{"type":"Feature","properties":{"kind":"building","height":0.0,"levels":null,"name":null,"building":"yes","roof":null,"colour":null},"geometry":{"type":"Polygon","coordinates":[[[7.4264942,43.739448],[7.4265261,43.7394325],[7.4265422,43.7394495],[7.4265758,43.7394329],[7.4265596,43.7394164],[7.4265931,43.7394002],[7.4265501,43.739354],[7.4264509,43.7394052],[7.4264942,43.739448]]]}},{"type":"Feature","properties":{"kind":"building","height":0.0,"levels":null,"name":null,"building":"yes","roof":null,"colour":null},"geometry":{"type":"Polygon","coordinates":[[[7.4261706,43.7391403],[7.4262025,43.7391249],[7.4262186,43.7391418],[7.4262522,43.7391253],[7.426236,43.7391087],[7.4262695,43.7390925],[7.4262265,43.7390463],[7.4261272,43.7390976],[7.4261706,43.7391403]]]}},{"type":"Feature","properties":{"kind":"building","height":0.0,"levels":null,"name":null,"building":"yes","roof":null,"colour":null},"geometry":{"type":"Polygon","coordinates":[[[7.4265145,43.7391245],[7.4265377,43.7391138],[7.4265534,43.7391316],[7.4265302,43.7391423],[7.4265145,43.7391245]]]}},{"type":"Feature","properties":{"kind":"building","height":0.0,"levels":null,"name":null,"building":"house","roof":null,"colour":null},"geometry":{"type":"Polygon","coordinates":[[[7.4330228,43.7431844],[7.4327361,43.7430719],[7.4328316,43.7429466],[7.4331148,43.7430617],[7.4330228,43.7431844]]]}},{"type":"Feature","properties":{"kind":"building","height":51.2,"levels":"16","name":"Tour Honoria","building":"apartments","roof":null,"colour":null},"geometry":{"type":"Polygon","coordinates":[[[7.4185281,43.7369834],[7.418585,43.7370618],[7.4183757,43.7372441],[7.4185711,43.7374248],[7.4187086,43.7373478],[7.4187196,43.7373211],[7.4187146,43.7373031],[7.4186797,43.7372657],[7.4186727,43.737239],[7.4187156,43.737216],[7.4187585,43.7372116],[7.4187864,43.7372203],[7.4188362,43.7372585],[7.4188781,43.7372621],[7.418906,43.7372484],[7.418912,43.7372304],[7.418913,43.7372131],[7.4189249,43.7372001],[7.4189409,43.7371843],[7.4189479,43.7371684],[7.4189269,43.7371411],[7.418917,43.7371303],[7.418916,43.7371072],[7.418905,43.7370813],[7.4188661,43.7370496],[7.4188272,43.7370201],[7.4187973,43.7369884],[7.4187844,43.736961],[7.4187595,43.736943],[7.4187256,43.7369315],[7.4187126,43.7369012],[7.4187006,43.7368847],[7.4186608,43.7368695],[7.4186343,43.7368895],[7.4185281,43.7369834]]]}},{"type":"Feature","properties":{"kind":"building","height":0.0,"levels":null,"name":null,"building":"roof","roof":null,"colour":null},"geometry":{"type":"Polygon","coordinates":[[[7.4268872,43.7388124],[7.427018,43.7389389],[7.4268749,43.7390126],[7.4267533,43.7388868],[7.4268872,43.7388124]]]}},{"type":"Feature","properties":{"kind":"building","height":12.8,"levels":"4","name":"Les Jardin d'Eau","building":"apartments","roof":null,"colour":null},"geometry":{"type":"Polygon","coordinates":[[[7.4318019,43.7413417],[7.4319783,43.7416588],[7.4322459,43.7418804],[7.4325945,43.7420023],[7.4330183,43.7420466],[7.4329588,43.7423282],[7.4325563,43.7422847],[7.4324096,43.7422461],[7.4320848,43.7421183],[7.4321164,43.7420763],[7.4320451,43.7420377],[7.4319977,43.7420689],[7.4317433,43.7418657],[7.4316447,43.7417654],[7.4314955,43.7414935],[7.4314639,43.7414272],[7.4318019,43.7413417]]]}},{"type":"Feature","properties":{"kind":"building","height":0.0,"levels":null,"name":"Le P\u00e9riscope","building":"yes","roof":null,"colour":null},"geometry":{"type":"Polygon","coordinates":[[[7.4311255,43.7412302],[7.4310369,43.7410668],[7.4312719,43.7410003],[7.4313605,43.7411637],[7.4311255,43.7412302]]]}},{"type":"Feature","properties":{"kind":"building","height":0.0,"levels":null,"name":null,"building":"yes","roof":null,"colour":null},"geometry":{"type":"Polygon","coordinates":[[[7.4309572,43.7420017],[7.4310375,43.7421576],[7.4311454,43.7421287],[7.4310652,43.7419727],[7.4309572,43.7420017]]]}},{"type":"Feature","properties":{"kind":"building","height":62.0,"levels":"18","name":"Le Renzo 2","building":"apartments","roof":null,"colour":null},"geometry":{"type":"Polygon","coordinates":[[[7.4311489,43.740193],[7.4313364,43.740525],[7.4316631,43.7404287],[7.4314782,43.7401013],[7.4314347,43.7401141],[7.4313851,43.7400262],[7.4311412,43.7400981],[7.4311882,43.7401814],[7.4311489,43.740193]]]}},{"type":"Feature","properties":{"kind":"building","height":0.0,"levels":null,"name":null,"building":"yes","roof":null,"colour":null},"geometry":{"type":"Polygon","coordinates":[[[7.4315068,43.7428535],[7.4314959,43.7428705],[7.431472,43.7429076],[7.4313973,43.7428825],[7.4314161,43.7428533],[7.4314321,43.7428284],[7.4315068,43.7428535]]]}},{"type":"Feature","properties":{"kind":"building","height":0.0,"levels":null,"name":null,"building":"roof","roof":null,"colour":null},"geometry":{"type":"Polygon","coordinates":[[[7.4314959,43.7428705],[7.4316448,43.7429175],[7.4316311,43.7429384],[7.4316025,43.7429875],[7.431326,43.7429],[7.4313643,43.7428369],[7.4314161,43.7428533],[7.4313973,43.7428825],[7.431472,43.7429076],[7.4314959,43.7428705]]]}},{"type":"Feature","properties":{"kind":"building","height":0.0,"levels":null,"name":null,"building":"roof","roof":null,"colour":null},"geometry":{"type":"Polygon","coordinates":[[[7.4310987,43.7428754],[7.4311635,43.7428578],[7.4311795,43.7428888],[7.4311148,43.7429064],[7.4310987,43.7428754]]]}},{"type":"Feature","properties":{"kind":"building","height":0.0,"levels":null,"name":null,"building":"yes","roof":null,"colour":null},"geometry":{"type":"Polygon","coordinates":[[[7.4242374,43.7391807],[7.4244389,43.7391193],[7.4244333,43.7391072],[7.4245077,43.7390899],[7.4245204,43.7391151],[7.4246387,43.7390824],[7.4246077,43.7390387],[7.4245888,43.7390447],[7.4245205,43.7389351],[7.4243488,43.738988],[7.4243275,43.7389568],[7.4242711,43.7389758],[7.4243075,43.7390332],[7.424273,43.7390441],[7.4242901,43.7390696],[7.4243064,43.7390705],[7.424315,43.7390672],[7.4243212,43.7390739],[7.4242604,43.7390978],[7.4242504,43.7391184],[7.4242031,43.7391334],[7.4242374,43.7391807]]]}},{"type":"Feature","properties":{"kind":"building","height":0.0,"levels":null,"name":null,"building":"roof","roof":null,"colour":null},"geometry":{"type":"Polygon","coordinates":[[[7.4306597,43.7418466],[7.4307077,43.7418341],[7.4307156,43.74185],[7.4306677,43.7418625],[7.4306597,43.7418466]]]}},{"type":"Feature","properties":{"kind":"building","height":0.0,"levels":null,"name":null,"building":"yes","roof":null,"colour":null},"geometry":{"type":"Polygon","coordinates":[[[7.4307289,43.7419994],[7.4307659,43.7419955],[7.4307503,43.7420254],[7.4307305,43.7420257],[7.4307289,43.7419994]]]}},{"type":"Feature","properties":{"kind":"building","height":0.0,"levels":null,"name":null,"building":"roof","roof":null,"colour":null},"geometry":{"type":"Polygon","coordinates":[[[7.4313411,43.7432545],[7.4313799,43.7431772],[7.4314925,43.7432088],[7.4314209,43.7432287],[7.4313411,43.7432545]]]}},{"type":"Feature","properties":{"kind":"building","height":0.0,"levels":null,"name":null,"building":"yes","roof":null,"colour":null},"geometry":{"type":"Polygon","coordinates":[[[7.4289956,43.743216],[7.4289453,43.7432277],[7.4289683,43.7432769],[7.4290198,43.7432666],[7.4289956,43.743216]]]}},{"type":"Feature","properties":{"kind":"building","height":0.0,"levels":null,"name":null,"building":"bridge","roof":null,"colour":null},"geometry":{"type":"Polygon","coordinates":[[[7.429738,43.7386034],[7.4296672,43.7385317],[7.4297963,43.7385216],[7.4297702,43.7385683],[7.429799,43.7385991],[7.429738,43.7386034]]]}},{"type":"Feature","properties":{"kind":"building","height":0.0,"levels":null,"name":null,"building":"yes","roof":null,"colour":null},"geometry":{"type":"Polygon","coordinates":[[[7.4244914,43.7408303],[7.4245108,43.7408544],[7.4245851,43.7408216],[7.4244885,43.7407148],[7.4244685,43.740695],[7.4243595,43.7405636],[7.4243192,43.7405286],[7.4241941,43.7403939],[7.4241571,43.7404121],[7.4241929,43.7404499],[7.4241623,43.7404717],[7.4241703,43.7404809],[7.4242555,43.7405795],[7.4242191,43.7405969],[7.4244437,43.7408495],[7.4244914,43.7408303]]]}},{"type":"Feature","properties":{"kind":"building","height":0.0,"levels":null,"name":null,"building":"yes","roof":null,"colour":null},"geometry":{"type":"Polygon","coordinates":[[[7.4205232,43.7330471],[7.4206913,43.7330657],[7.4207007,43.7328733],[7.4205442,43.7328834],[7.4205232,43.7330471]]]}},{"type":"Feature","properties":{"kind":"building","height":0.0,"levels":null,"name":null,"building":"industrial","roof":null,"colour":null},"geometry":{"type":"Polygon","coordinates":[[[7.4261444,43.7330137],[7.4262297,43.7327888],[7.4265217,43.7328502],[7.4264194,43.7330717],[7.4261444,43.7330137]]]}},{"type":"Feature","properties":{"kind":"building","height":0.0,"levels":null,"name":"Neuehouse","building":"yes","roof":null,"colour":null},"geometry":{"type":"Polygon","coordinates":[[[7.4300319,43.7410731],[7.430026,43.7409989],[7.430002,43.7405649],[7.4300603,43.7405573],[7.4301092,43.7405497],[7.4301581,43.7405426],[7.4302143,43.7405384],[7.4302495,43.7410026],[7.4302506,43.7410743],[7.4302528,43.7410875],[7.4302508,43.7411455],[7.4302466,43.7412311],[7.4302923,43.7412342],[7.4302967,43.741452],[7.4302494,43.7414521],[7.4302427,43.7416052],[7.4301993,43.7416183],[7.4302083,43.7416365],[7.4301376,43.7416579],[7.4301257,43.7416424],[7.4300681,43.7416569],[7.4300704,43.7416406],[7.4299959,43.7416314],[7.430033,43.7411033],[7.4300333,43.7410943],[7.4300319,43.7410731]]]}},{"type":"Feature","properties":{"kind":"building","height":0.0,"levels":null,"name":null,"building":"yes","roof":null,"colour":null},"geometry":{"type":"Polygon","coordinates":[[[7.4305361,43.7412067],[7.4305907,43.7411889],[7.4306139,43.7412262],[7.4305593,43.741244],[7.4305361,43.7412067]]]}},{"type":"Feature","properties":{"kind":"building","height":19.200000000000003,"levels":"6","name":"Villa Hollandia","building":"yes","roof":null,"colour":null},"geometry":{"type":"Polygon","coordinates":[[[7.4198557,43.7391913],[7.4197212,43.7392418],[7.4196115,43.739176],[7.4196168,43.7391689],[7.4196132,43.7391593],[7.4198176,43.7390903],[7.4198707,43.7390807],[7.4198548,43.7391402],[7.419861,43.7391593],[7.4198557,43.7391913]]]}},{"type":"Feature","properties":{"kind":"building","height":0.0,"levels":null,"name":"Palais princier de Monaco","building":"castle","roof":null,"colour":null},"geometry":{"type":"Polygon","coordinates":[[[7.4205628,43.7310788],[7.4208758,43.7313147],[7.4208907,43.7313276],[7.4207865,43.7314006],[7.4208126,43.7314424],[7.4208276,43.7314665],[7.4208355,43.7314792],[7.4208214,43.7314839],[7.4207783,43.7314981],[7.4206882,43.7315227],[7.4206678,43.7314905],[7.4206457,43.7314554],[7.4206143,43.7314686],[7.4205093,43.7315128],[7.4205175,43.7315413],[7.4200478,43.7316834],[7.4201369,43.7318357],[7.4199689,43.7318746],[7.4198509,43.7318564],[7.4198976,43.7317326],[7.4196856,43.7316824],[7.4196742,43.731663],[7.4195275,43.7316306],[7.4195397,43.7314742],[7.419513,43.7314652],[7.4195077,43.7313958],[7.4194547,43.7314192],[7.4194087,43.731384],[7.4200614,43.7310059],[7.4199835,43.7309216],[7.4200396,43.7308851],[7.4199256,43.730756],[7.4200334,43.7306821],[7.42031,43.7308954],[7.4202398,43.7309498],[7.4203979,43.7310711],[7.4204802,43.7310167],[7.4205628,43.7310788]],[[7.420029,43.7315282],[7.419843,43.7313582],[7.4202676,43.7311288],[7.4203792,43.7312057],[7.4205745,43.7313403],[7.4205387,43.7313526],[7.420029,43.7315282]]]}},{"type":"Feature","properties":{"kind":"building","height":0.0,"levels":null,"name":"Pensionnat des Dames de Saint-Maur","building":"school","roof":null,"colour":null},"geometry":{"type":"Polygon","coordinates":[[[7.4241935,43.7313397],[7.4247621,43.7315103],[7.4245437,43.731877],[7.4241486,43.7318074],[7.4241189,43.7318655],[7.4239928,43.7318418],[7.4241935,43.7313397]],[[7.4241954,43.7316691],[7.4242471,43.7315491],[7.4242968,43.7315612],[7.424305,43.7315957],[7.4244666,43.7316362],[7.4244937,43.7316093],[7.4245312,43.7316184],[7.4244547,43.7317356],[7.4241954,43.7316691]]]}},{"type":"Feature","properties":{"kind":"building","height":12.8,"levels":"4","name":null,"building":"apartments","roof":null,"colour":null},"geometry":{"type":"Polygon","coordinates":[[[7.4231004,43.7412894],[7.4233143,43.7414102],[7.4230465,43.7415674],[7.4228718,43.7414495],[7.4229161,43.7414099],[7.4229548,43.7413753],[7.4229781,43.7413869],[7.4230094,43.7413619],[7.4231004,43.7412894]],[[7.4230908,43.7414525],[7.4230581,43.7414291],[7.4230945,43.7413956],[7.4231273,43.7414182],[7.4230908,43.7414525]]]}},{"type":"Feature","properties":{"kind":"building","height":25.6,"levels":"8","name":"Le Victoria","building":"apartments","roof":null,"colour":null},"geometry":{"type":"Polygon","coordinates":[[[7.4219187,43.7398394],[7.4226247,43.7402251],[7.4227848,43.7396229],[7.4224063,43.7394901],[7.4219187,43.7398394]],[[7.4224555,43.7399631],[7.4224355,43.7399104],[7.42241,43.7398849],[7.4223572,43.7398558],[7.422279,43.7398412],[7.4223354,43.7397903],[7.4223481,43.7398067],[7.4224245,43.739747],[7.4224133,43.7397256],[7.4224292,43.7397098],[7.4223668,43.7396464],[7.4226378,43.73972],[7.4226229,43.7397442],[7.422527,43.739721],[7.4224711,43.7397787],[7.4224543,43.7398504],[7.4224953,43.7398626],[7.4224869,43.7399017],[7.4224795,43.7399455],[7.4224555,43.7399631]]]}},{"type":"Feature","properties":{"kind":"building","height":12.8,"levels":"4","name":null,"building":"apartments","roof":null,"colour":null},"geometry":{"type":"Polygon","coordinates":[[[7.4239717,43.7405431],[7.4238252,43.7403722],[7.4238057,43.7403495],[7.4238115,43.7403247],[7.4237868,43.740332],[7.4237417,43.7402796],[7.4237111,43.7402243],[7.4237024,43.7401733],[7.4237053,43.7401326],[7.4237155,43.7400904],[7.423749,43.7400569],[7.423797,43.7400322],[7.4239673,43.7402359],[7.4240095,43.7402563],[7.4241571,43.7404121],[7.4241929,43.7404499],[7.4241623,43.7404717],[7.4241703,43.7404809],[7.4242555,43.7405795],[7.4242191,43.7405969],[7.4244437,43.7408495],[7.4243254,43.7408997],[7.4241478,43.740693],[7.4241143,43.7406872],[7.4240998,43.7406682],[7.4241085,43.740645],[7.4240401,43.7405576],[7.424,43.7405491],[7.4239717,43.7405431]],[[7.4238814,43.7402971],[7.4239411,43.740265],[7.4239193,43.7402476],[7.4238552,43.7402796],[7.4238814,43.7402971]]]}},{"type":"Feature","properties":{"kind":"building","height":16.0,"levels":"5","name":"Villa Louise","building":"apartments","roof":null,"colour":null},"geometry":{"type":"Polygon","coordinates":[[[7.4222366,43.7413917],[7.4223622,43.7413467],[7.4223742,43.7413425],[7.4224478,43.7412677],[7.4223385,43.7412184],[7.422225,43.7412243],[7.4221967,43.7411836],[7.4220672,43.7412576],[7.4221429,43.7413267],[7.422163,43.7413156],[7.4222366,43.7413917]],[[7.4222582,43.7413158],[7.4222195,43.7412823],[7.4222433,43.7412704],[7.4222851,43.7413024],[7.4222582,43.7413158]]]}},{"type":"Feature","properties":{"kind":"building","height":9.600000000000001,"levels":"3","name":"Lyc\u00e9e Albert-1er","building":"school","roof":null,"colour":null},"geometry":{"type":"Polygon","coordinates":[[[7.42484,43.7312818],[7.424917,43.731153],[7.4249271,43.7311219],[7.4248574,43.7311025],[7.4248521,43.7310405],[7.4244851,43.7309243],[7.4245689,43.7307958],[7.4246153,43.7307462],[7.4246845,43.7306376],[7.4249207,43.7307532],[7.4250052,43.7308556],[7.4250624,43.7309524],[7.425134,43.7309957],[7.4253613,43.7310726],[7.4255501,43.7310941],[7.4255733,43.7311057],[7.4255877,43.7311203],[7.4256771,43.731163],[7.425469,43.731494],[7.42484,43.7312818]],[[7.4250444,43.7312393],[7.4251187,43.7311218],[7.4254053,43.7312163],[7.4253311,43.7313338],[7.4250444,43.7312393]]]}},{"type":"Feature","properties":{"kind":"building","height":0.0,"levels":null,"name":null,"building":"retail","roof":null,"colour":null},"geometry":{"type":"Polygon","coordinates":[[[7.4230107,43.7307028],[7.4230294,43.7306369],[7.4230804,43.7305148],[7.423177,43.7305361],[7.4232848,43.7305744],[7.4232023,43.7307117],[7.4230107,43.7307028]],[[7.4231146,43.7305994],[7.4231237,43.7305773],[7.4231623,43.7305857],[7.4231531,43.7306078],[7.4231146,43.7305994]]]}},{"type":"Feature","properties":{"kind":"building","height":9.600000000000001,"levels":"3","name":null,"building":"hotel","roof":null,"colour":null},"geometry":{"type":"Polygon","coordinates":[[[7.4294728,43.7398956],[7.4295795,43.7400062],[7.4297282,43.7399964],[7.4298579,43.7399879],[7.4299028,43.7400301],[7.4300337,43.7401531],[7.430307,43.7403846],[7.4303204,43.7403624],[7.4303262,43.7403619],[7.4303897,43.7403564],[7.4304164,43.7403538],[7.4304538,43.740345],[7.4306177,43.7400891],[7.4304871,43.7399556],[7.4305901,43.7397965],[7.430372,43.7395968],[7.4304693,43.7394328],[7.4301885,43.7391798],[7.4302755,43.739016],[7.4298712,43.7386103],[7.4294531,43.7386418],[7.4293032,43.7386355],[7.4291378,43.7388823],[7.429273,43.7390156],[7.4293756,43.7388241],[7.4296513,43.7387998],[7.4298974,43.7390328],[7.4298211,43.7391697],[7.429392,43.7392083],[7.4294918,43.739379],[7.4293466,43.7395948],[7.4294143,43.7398144],[7.4294918,43.7398767],[7.4294728,43.7398956]],[[7.429474,43.7396263],[7.4296846,43.7398014],[7.4299322,43.7397888],[7.4301569,43.7394673],[7.4300062,43.7393524],[7.4296457,43.7393743],[7.429474,43.7396263]],[[7.430092,43.7400051],[7.4301188,43.7399586],[7.4301349,43.739978],[7.4301777,43.7399715],[7.4303011,43.7400839],[7.4302582,43.7401576],[7.4302332,43.7401614],[7.4301045,43.7400555],[7.4301152,43.7400323],[7.430092,43.7400051]]]}},{"type":"Feature","properties":{"kind":"building","height":0.0,"levels":null,"name":"Foyer Sainte-D\u00e9vote","building":"yes","roof":null,"colour":null},"geometry":{"type":"Polygon","coordinates":[[[7.4233874,43.7315217],[7.4234953,43.7313445],[7.4239486,43.7314329],[7.4239062,43.7315458],[7.4239341,43.7315532],[7.4238918,43.7316672],[7.423866,43.7316613],[7.4238202,43.7317776],[7.4235127,43.7317159],[7.423521,43.7316907],[7.4234476,43.7316781],[7.4234414,43.7316681],[7.4234556,43.7316248],[7.4233679,43.7316092],[7.4233743,43.7315906],[7.4233607,43.7315882],[7.4233532,43.7315817],[7.4233505,43.731574],[7.4233524,43.7315661],[7.4233582,43.7315599],[7.4233668,43.7315558],[7.4233775,43.7315545],[7.4233879,43.7315563],[7.4233915,43.7315458],[7.4235618,43.7315761],[7.4235948,43.7314757],[7.4235432,43.7314638],[7.4235102,43.7315346],[7.4234545,43.7315249],[7.4234504,43.7315324],[7.4233874,43.7315217]],[[7.4236395,43.7316348],[7.4237266,43.7316513],[7.4237785,43.731509],[7.4236914,43.7314924],[7.4236395,43.7316348]]]}},{"type":"Feature","properties":{"kind":"building","height":0.0,"levels":null,"name":"Yacht Club de Monaco","building":"yes","roof":null,"colour":null},"geometry":{"type":"Polygon","coordinates":[[[7.4287048,43.7377014],[7.4287166,43.7376724],[7.4287948,43.7376871],[7.4288073,43.7376675],[7.4288718,43.7376788],[7.428882,43.7376513],[7.4289413,43.7376632],[7.4289689,43.7376027],[7.4270623,43.737206],[7.4269997,43.7372112],[7.4269501,43.7372329],[7.4269217,43.7372611],[7.4269057,43.7372957],[7.4269155,43.737338],[7.426944,43.7373668],[7.4269733,43.7373851],[7.4270167,43.7373956],[7.4282919,43.7376444],[7.4283033,43.7376146],[7.4287048,43.7377014]],[[7.4284492,43.7375604],[7.4286455,43.7375985],[7.4286294,43.7376417],[7.4284331,43.7376036],[7.4284492,43.7375604]]]}},{"type":"Feature","properties":{"kind":"building","height":6.4,"levels":"2","name":null,"building":"hotel","roof":null,"colour":null},"geometry":{"type":"Polygon","coordinates":[[[7.4276894,43.7385814],[7.4276825,43.7385565],[7.4276712,43.7385324],[7.4276556,43.7385095],[7.4276361,43.7384884],[7.4276128,43.7384692],[7.4275863,43.7384524],[7.427557,43.7384382],[7.4275253,43.738427],[7.427492,43.7384188],[7.4274573,43.7384138],[7.4274222,43.7384121],[7.427387,43.7384138],[7.4273524,43.7384187],[7.4273188,43.7384268],[7.4272869,43.7384377],[7.4272565,43.738451],[7.427237,43.7384615],[7.4271151,43.7383447],[7.4270104,43.7384019],[7.4270316,43.7384222],[7.4263661,43.7387843],[7.4263931,43.7388102],[7.4266609,43.7390672],[7.4268734,43.739271],[7.4269018,43.7393028],[7.4268979,43.7393187],[7.4269066,43.7393338],[7.4269272,43.7393434],[7.4269504,43.7393411],[7.4269647,43.7393309],[7.4269649,43.7393177],[7.4269904,43.7393055],[7.4270085,43.7393281],[7.4270279,43.7393309],[7.4270441,43.7393286],[7.427296,43.7392005],[7.4272963,43.7391813],[7.4272727,43.7391586],[7.4273048,43.7391411],[7.4273284,43.7391638],[7.4274843,43.739079],[7.4274543,43.7390502],[7.4274897,43.739031],[7.4276258,43.738957],[7.4276023,43.7389344],[7.4276834,43.7388903],[7.4275638,43.7387757],[7.4275875,43.7387626],[7.4276132,43.7387451],[7.4276362,43.7387256],[7.4276557,43.7387043],[7.4276712,43.7386814],[7.4276825,43.7386573],[7.4276894,43.7386324],[7.4276917,43.7386069],[7.4276894,43.7385814]],[[7.4270509,43.7390906],[7.4269664,43.7391372],[7.427005,43.7391738],[7.4270895,43.7391272],[7.4270509,43.7390906]],[[7.4272066,43.739026],[7.4273043,43.7389731],[7.4273298,43.7389977],[7.4272321,43.7390506],[7.4272066,43.739026]],[[7.4273351,43.7389279],[7.4274316,43.7388737],[7.4274753,43.7389142],[7.4273788,43.7389685],[7.4273351,43.7389279]],[[7.4267533,43.7388868],[7.4268749,43.7390126],[7.427018,43.7389389],[7.4273328,43.7387757],[7.4271926,43.7386427],[7.4268872,43.7388124],[7.4267533,43.7388868]],[[7.4270188,43.7386624],[7.4270138,43.7386616],[7.4270086,43.738662],[7.427004,43.7386637],[7.4270005,43.7386664],[7.4269984,43.7386698],[7.4269981,43.7386736],[7.4269996,43.7386771],[7.4270027,43.7386801],[7.427007,43.7386822],[7.427012,43.7386831],[7.4270165,43.7386828],[7.4270206,43.7386816],[7.427024,43.7386795],[7.4270265,43.7386768],[7.4270277,43.7386737],[7.4270276,43.7386705],[7.4270262,43.7386674],[7.4270231,43.7386645],[7.4270188,43.7386624]],[[7.4268565,43.7386765],[7.4269362,43.7386328],[7.4269732,43.738668],[7.4268935,43.7387117],[7.4268565,43.7386765]],[[7.4266277,43.7387029],[7.4267225,43.7386499],[7.4267303,43.7386572],[7.4267407,43.7386513],[7.4267808,43.7386887],[7.4266485,43.7387628],[7.4266121,43.7387288],[7.4266392,43.7387136],[7.4266277,43.7387029]],[[7.4266261,43.7387116],[7.426603,43.7386888],[7.4265786,43.7387017],[7.4266018,43.7387245],[7.4266261,43.7387116]]]}},{"type":"Feature","properties":{"kind":"building","height":0.0,"levels":null,"name":null,"building":"yes","roof":null,"colour":null},"geometry":{"type":"Polygon","coordinates":[[[7.427075,43.7315167],[7.4274934,43.7312507],[7.4267196,43.7306325],[7.4265647,43.7307284],[7.4265131,43.7306935],[7.4264494,43.7306819],[7.426381,43.7307013],[7.4261992,43.7308345],[7.4262583,43.7308791],[7.4262576,43.7309537],[7.4262445,43.7309927],[7.4261821,43.7310572],[7.4269992,43.7315148],[7.427075,43.7315167]],[[7.4270014,43.7313937],[7.4270843,43.7314619],[7.4273188,43.7313056],[7.4272363,43.7312405],[7.4270014,43.7313937]],[[7.4269177,43.7313266],[7.4271527,43.7311735],[7.4272363,43.7312405],[7.4270014,43.7313937],[7.4269177,43.7313266]]]}},{"type":"Feature","properties":{"kind":"building","height":12.8,"levels":"4","name":null,"building":"apartments","roof":null,"colour":null},"geometry":{"type":"Polygon","coordinates":[[[7.4207115,43.7324312],[7.4212496,43.7324333],[7.4212483,43.732604],[7.4207103,43.732602],[7.4207115,43.7324312]],[[7.4209619,43.7325193],[7.421128,43.7325184],[7.4211277,43.7324891],[7.4209616,43.7324899],[7.4209619,43.7325193]]]}},{"type":"Feature","properties":{"kind":"building","height":19.200000000000003,"levels":"6","name":null,"building":"apartments","roof":null,"colour":null},"geometry":{"type":"Polygon","coordinates":[[[7.426554,43.7328276],[7.4265434,43.7328495],[7.426447,43.7330774],[7.4265625,43.7331015],[7.4267882,43.7331478],[7.4270257,43.7331964],[7.4273096,43.7332548],[7.4274165,43.7332768],[7.427425,43.7332552],[7.4274489,43.7331949],[7.42749,43.7330893],[7.4274733,43.7330737],[7.4274463,43.7330581],[7.4273761,43.7330301],[7.4273068,43.733006],[7.4273122,43.732985],[7.426554,43.7328276]],[[7.4265282,43.7329359],[7.4270754,43.7330493],[7.4270526,43.7331103],[7.426504,43.7329979],[7.4265282,43.7329359]]]}},{"type":"Feature","properties":{"kind":"building","height":0.0,"levels":null,"name":null,"building":"apartments","roof":null,"colour":null},"geometry":{"type":"Polygon","coordinates":[[[7.4210566,43.7356311],[7.4210688,43.7355254],[7.421056,43.7354945],[7.4210287,43.7354854]]]}},{"type":"Feature","properties":{"kind":"building","height":0.0,"levels":null,"name":null,"building":"apartments","roof":null,"colour":null},"geometry":{"type":"Polygon","coordinates":[[[7.4210287,43.7354854],[7.4209068,43.7354854],[7.4208977,43.7355673],[7.4209341,43.7355691],[7.4209316,43.7356234]]]}},{"type":"Feature","properties":{"kind":"building","height":31.0,"levels":"6","name":"F","building":"apartments","roof":"flat","colour":null},"geometry":{"type":"Polygon","coordinates":[[[7.426036,43.7397862],[7.425995,43.7397277],[7.4259994,43.7397222],[7.4259564,43.739676],[7.4259443,43.7396779],[7.4258739,43.7396315],[7.4258711,43.7396184],[7.4258762,43.7396066],[7.4259074,43.7395818],[7.425939,43.7395632],[7.4259781,43.7395476],[7.4260087,43.7395427],[7.4260228,43.7395471],[7.426037,43.7395637],[7.4260475,43.7395784],[7.4260455,43.7395868],[7.4260416,43.7395935],[7.4260564,43.7396198],[7.4260998,43.7396626],[7.4261245,43.7396801],[7.4261505,43.7396766],[7.4261796,43.7396955],[7.4261886,43.739708],[7.4261895,43.7397179],[7.4261789,43.7397327],[7.4261593,43.7397494],[7.4261394,43.7397626],[7.4261109,43.739776],[7.4260787,43.7397861],[7.4260548,43.7397905],[7.4260438,43.7397898],[7.426036,43.7397862]],[[7.426054,43.739706],[7.4260738,43.739696],[7.4260796,43.7397011],[7.426084,43.739703],[7.4260887,43.739703],[7.426128,43.7397017],[7.4261569,43.7397254],[7.4261478,43.7397377],[7.4261276,43.7397512],[7.4261086,43.739762],[7.4260904,43.7397698],[7.4260722,43.7397718],[7.4260457,43.7397472],[7.4260587,43.7397192],[7.42606,43.7397152],[7.4260595,43.7397111],[7.426054,43.739706]]]}},{"type":"Feature","properties":{"kind":"building","height":32.0,"levels":"6","name":"E","building":"apartments","roof":"flat","colour":null},"geometry":{"type":"Polygon","coordinates":[[[7.4262353,43.7396787],[7.4261943,43.7396203],[7.4261987,43.7396148],[7.4261557,43.7395686],[7.4261436,43.7395705],[7.4260731,43.739524],[7.4260704,43.739511],[7.4260755,43.7394991],[7.4261067,43.7394743],[7.4261383,43.7394558],[7.4261774,43.7394402],[7.426208,43.7394353],[7.4262221,43.7394397],[7.4262363,43.7394563],[7.4262468,43.739471],[7.4262448,43.7394793],[7.4262409,43.7394861],[7.4262557,43.7395124],[7.426301,43.7395556],[7.4263237,43.7395727],[7.4263498,43.7395691],[7.4263789,43.7395881],[7.4263878,43.7396006],[7.4263888,43.7396104],[7.4263782,43.7396252],[7.4263586,43.739642],[7.4263387,43.7396551],[7.4263102,43.7396685],[7.426278,43.7396786],[7.4262541,43.7396831],[7.4262431,43.7396824],[7.4262353,43.7396787]],[[7.4262533,43.7395986],[7.4262731,43.7395886],[7.4262789,43.7395937],[7.4262833,43.7395956],[7.426288,43.7395956],[7.4263273,43.7395943],[7.4263562,43.739618],[7.4263471,43.7396303],[7.4263269,43.7396437],[7.4263079,43.7396546],[7.4262897,43.7396623],[7.4262715,43.7396643],[7.426245,43.7396397],[7.426258,43.7396117],[7.4262593,43.7396077],[7.4262588,43.7396037],[7.4262533,43.7395986]]]}},{"type":"Feature","properties":{"kind":"building","height":33.0,"levels":"6","name":"D","building":"apartments","roof":"flat","colour":null},"geometry":{"type":"Polygon","coordinates":[[[7.4264305,43.7395716],[7.4263894,43.7395131],[7.4263938,43.7395076],[7.4263508,43.7394614],[7.4263387,43.7394633],[7.4262683,43.7394169],[7.4262655,43.7394038],[7.4262706,43.7393919],[7.4263018,43.7393671],[7.4263334,43.7393486],[7.4263725,43.739333],[7.4264032,43.7393281],[7.4264173,43.7393325],[7.4264315,43.7393491],[7.4264419,43.7393638],[7.42644,43.7393722],[7.426436,43.7393789],[7.4264509,43.7394052],[7.4264942,43.739448],[7.4265189,43.7394655],[7.426545,43.739462],[7.426574,43.7394809],[7.426583,43.7394934],[7.426584,43.7395033],[7.4265734,43.7395181],[7.4265537,43.7395348],[7.4265338,43.739548],[7.4265054,43.7395614],[7.4264731,43.7395714],[7.4264492,43.7395759],[7.4264382,43.7395752],[7.4264305,43.7395716]],[[7.4264484,43.7394914],[7.4264682,43.7394814],[7.426474,43.7394865],[7.4264784,43.7394884],[7.4264832,43.7394884],[7.4265224,43.7394871],[7.4265513,43.7395108],[7.4265422,43.7395231],[7.426522,43.7395366],[7.426503,43.7395474],[7.4264848,43.7395552],[7.4264666,43.7395572],[7.4264401,43.7395326],[7.4264532,43.7395045],[7.4264545,43.7395005],[7.426454,43.7394965],[7.4264484,43.7394914]]]}},{"type":"Feature","properties":{"kind":"building","height":33.0,"levels":"6","name":"C","building":"apartments","roof":"flat","colour":null},"geometry":{"type":"Polygon","coordinates":[[[7.4266298,43.7394641],[7.4265887,43.7394057],[7.4265931,43.7394002],[7.4265501,43.739354],[7.426538,43.7393559],[7.4264676,43.7393094],[7.4264648,43.7392964],[7.4264699,43.7392845],[7.4265011,43.7392597],[7.4265327,43.7392412],[7.4265718,43.7392256],[7.4266024,43.7392207],[7.4266166,43.7392251],[7.4266308,43.7392417],[7.4266412,43.7392564],[7.4266393,43.7392647],[7.4266353,43.7392715],[7.4266501,43.7392978],[7.4266954,43.739341],[7.4267182,43.7393581],[7.4267442,43.7393545],[7.4267733,43.7393735],[7.4267823,43.7393859],[7.4267833,43.7393958],[7.4267727,43.7394106],[7.426753,43.7394274],[7.4267331,43.7394405],[7.4267047,43.7394539],[7.4266724,43.739464],[7.4266485,43.7394684],[7.4266375,43.7394678],[7.4266298,43.7394641]],[[7.4266477,43.739384],[7.4266675,43.7393739],[7.4266733,43.7393791],[7.4266777,43.739381],[7.4266825,43.739381],[7.4267217,43.7393797],[7.4267506,43.7394034],[7.4267415,43.7394157],[7.4267213,43.7394291],[7.4267023,43.73944],[7.4266841,43.7394477],[7.4266659,43.7394497],[7.4266394,43.7394251],[7.4266525,43.7393971],[7.4266538,43.7393931],[7.4266532,43.7393891],[7.4266477,43.739384]]]}},{"type":"Feature","properties":{"kind":"building","height":54.0,"levels":"12","name":"B","building":"apartments","roof":"flat","colour":null},"geometry":{"type":"Polygon","coordinates":[[[7.4261069,43.7392639],[7.4260658,43.7392055],[7.4260702,43.7392],[7.4260272,43.7391538],[7.4260151,43.7391557],[7.4259447,43.7391092],[7.4259419,43.7390962],[7.425947,43.7390843],[7.4259782,43.7390595],[7.4260098,43.739041],[7.4260489,43.7390254],[7.4260795,43.7390205],[7.4260937,43.7390249],[7.4261078,43.7390415],[7.4261183,43.7390562],[7.4261163,43.7390645],[7.4261124,43.7390713],[7.4261272,43.7390976],[7.4261706,43.7391403],[7.4261953,43.7391579],[7.4262213,43.7391543],[7.4262504,43.7391733],[7.4262594,43.7391857],[7.4262604,43.7391956],[7.4262498,43.7392104],[7.4262301,43.7392272],[7.4262102,43.7392403],[7.4261818,43.7392537],[7.4261495,43.7392638],[7.4261256,43.7392682],[7.4261146,43.7392676],[7.4261069,43.7392639]],[[7.4261248,43.7391838],[7.4261446,43.7391737],[7.4261504,43.7391789],[7.4261548,43.7391808],[7.4261596,43.7391808],[7.4261988,43.7391795],[7.4262277,43.7392032],[7.4262186,43.7392155],[7.4261984,43.7392289],[7.4261794,43.7392398],[7.4261612,43.7392475],[7.426143,43.7392495],[7.4261165,43.7392249],[7.4261296,43.7391969],[7.4261309,43.7391929],[7.4261303,43.7391889],[7.4261248,43.7391838]]]}},{"type":"Feature","properties":{"kind":"building","height":40.0,"levels":"8","name":"A","building":"apartments","roof":"flat","colour":null},"geometry":{"type":"Polygon","coordinates":[[[7.4263062,43.7391565],[7.4262651,43.739098],[7.4262695,43.7390925],[7.4262265,43.7390463],[7.4262144,43.7390483],[7.426144,43.7390018],[7.4261412,43.7389888],[7.4261463,43.7389769],[7.4261775,43.7389521],[7.4262091,43.7389335],[7.4262482,43.7389179],[7.4262788,43.738913],[7.4262929,43.7389174],[7.4263071,43.738934],[7.4263176,43.7389487],[7.4263156,43.7389571],[7.4263117,43.7389639],[7.4263265,43.7389901],[7.4263718,43.7390334],[7.4263946,43.7390504],[7.4264206,43.7390469],[7.4264497,43.7390658],[7.4264587,43.7390783],[7.4264597,43.7390882],[7.4264491,43.739103],[7.4264294,43.7391197],[7.4264095,43.7391329],[7.4263811,43.7391463],[7.4263488,43.7391564],[7.4263249,43.7391608],[7.4263139,43.7391602],[7.4263062,43.7391565]],[[7.4263241,43.7390763],[7.4263439,43.7390663],[7.4263497,43.7390714],[7.4263541,43.7390733],[7.4263589,43.7390733],[7.4263981,43.739072],[7.426427,43.7390958],[7.4264179,43.739108],[7.4263977,43.7391215],[7.4263787,43.7391324],[7.4263605,43.7391401],[7.4263423,43.7391421],[7.4263158,43.7391175],[7.4263288,43.7390895],[7.4263301,43.7390855],[7.4263296,43.7390815],[7.4263241,43.7390763]]]}},{"type":"Feature","properties":{"kind":"building","height":0.0,"levels":null,"name":null,"building":"house","roof":null,"colour":null},"geometry":{"type":"Polygon","coordinates":[[[7.4329506,43.7435018],[7.4326099,43.7433637],[7.4325254,43.7434683],[7.4326356,43.7435752],[7.4327171,43.7436615],[7.4328037,43.7437046],[7.4329506,43.7435018]],[[7.432698,43.7434763],[7.432785,43.7435039],[7.4327248,43.7435886],[7.4326582,43.7435234],[7.432698,43.7434763]]]}},{"type":"Feature","properties":{"kind":"tunnel","name":"Tunnel Rocher Antoine 1er","highway":"secondary","layer":"-3"},"geometry":{"type":"LineString","coordinates":[[7.422362,43.7319242],[7.4237419,43.7320888],[7.4244442,43.732231],[7.4245651,43.7323181],[7.4245901,43.7324625],[7.4245724,43.7325369],[7.4245177,43.7326582],[7.424507,43.7326819]]}},{"type":"Feature","properties":{"kind":"tunnel","name":"Boulevard Louis II","highway":"secondary","layer":"-1"},"geometry":{"type":"LineString","coordinates":[[7.4280368,43.737802],[7.4281757,43.7378538],[7.4283118,43.7379094],[7.4284448,43.7379687],[7.4285746,43.7380316],[7.428701,43.7380981],[7.4288239,43.7381679],[7.4289429,43.7382411],[7.429058,43.7383175],[7.4291984,43.7384192],[7.4293318,43.7385256],[7.4294579,43.7386365],[7.4295765,43.7387517],[7.4296871,43.738871],[7.4297897,43.7389939],[7.4298839,43.7391203],[7.4299695,43.7392499],[7.4300464,43.7393823],[7.4301143,43.7395172],[7.4301731,43.7396543],[7.4302226,43.7397934],[7.4302628,43.739934],[7.4302935,43.7400758],[7.4303146,43.7402186],[7.4303209,43.7402961],[7.4303262,43.7403619]]}},{"type":"Feature","properties":{"kind":"tunnel","name":"Passage de la Fonderie","highway":"footway","layer":null},"geometry":{"type":"LineString","coordinates":[[7.4236593,43.7313499],[7.4237538,43.7311702]]}},{"type":"Feature","properties":{"kind":"tunnel","name":"Tunnel Rocher Interm\u00e9diaire","highway":"secondary","layer":"-3"},"geometry":{"type":"LineString","coordinates":[[7.4214594,43.7317948],[7.421806,43.7318445],[7.422362,43.7319242],[7.4224046,43.7319501],[7.4223907,43.7319704],[7.4223378,43.7319816]]}},{"type":"Feature","properties":{"kind":"tunnel","name":null,"highway":"service","layer":"-1"},"geometry":{"type":"LineString","coordinates":[[7.4280458,43.7332532],[7.4281204,43.7332438],[7.428196,43.7332423],[7.4282712,43.7332487],[7.4283443,43.7332629],[7.4284138,43.7332844],[7.4284783,43.733313],[7.4285365,43.7333481],[7.428587,43.7333887]]}},{"type":"Feature","properties":{"kind":"tunnel","name":"Avenue de La Quarantaine","highway":"residential","layer":"-1"},"geometry":{"type":"LineString","coordinates":[[7.4276947,43.7329804],[7.4277231,43.7329715]]}},{"type":"Feature","properties":{"kind":"tunnel","name":"Boulevard du Larvotto","highway":"primary","layer":"-1"},"geometry":{"type":"LineString","coordinates":[[7.42521,43.7374505],[7.4237917,43.7375487]]}},{"type":"Feature","properties":{"kind":"tunnel","name":"Tunnel Rocher Albert Ier","highway":"secondary","layer":"-4"},"geometry":{"type":"LineString","coordinates":[[7.4207655,43.7317087],[7.421501,43.7319474],[7.4218952,43.7320896],[7.4220479,43.7321675],[7.4221129,43.7321985],[7.4221786,43.7322418]]}},{"type":"Feature","properties":{"kind":"tunnel","name":"Tunnel Rocher Nice","highway":"secondary","layer":"-2"},"geometry":{"type":"LineString","coordinates":[[7.4214215,43.7318757],[7.421162,43.7318639],[7.4210426,43.7318553],[7.4207973,43.7318359],[7.420543,43.7318135],[7.4199442,43.7317683],[7.4193713,43.7317355],[7.4187812,43.7317114],[7.4183225,43.7316992],[7.4177643,43.7316823],[7.4174538,43.7316676],[7.4173743,43.7316562],[7.4173006,43.7316456],[7.4170928,43.7315999]]}},{"type":"Feature","properties":{"kind":"tunnel","name":"Tunnel Rocher Palais","highway":"secondary","layer":"-3"},"geometry":{"type":"LineString","coordinates":[[7.4183756,43.7310311],[7.4185739,43.7311275],[7.4190395,43.731237],[7.4195019,43.7313413],[7.4207655,43.7317087]]}},{"type":"Feature","properties":{"kind":"tunnel","name":null,"highway":"primary_link","layer":"-1"},"geometry":{"type":"LineString","coordinates":[[7.429805,43.740512],[7.429812,43.7404757],[7.4298235,43.7404363],[7.429888,43.7402056]]}},{"type":"Feature","properties":{"kind":"tunnel","name":"Boulevard du Larvotto","highway":"primary","layer":"-1"},"geometry":{"type":"LineString","coordinates":[[7.4273068,43.737664],[7.4271438,43.7376183],[7.426979,43.7375773],[7.4268116,43.7375421],[7.426642,43.7375129],[7.4264707,43.7374911]]}},{"type":"Feature","properties":{"kind":"tunnel","name":"Tunnel Rocher Cath\u00e9drale","highway":"secondary","layer":"-3"},"geometry":{"type":"LineString","coordinates":[[7.4223378,43.7319816],[7.4221604,43.7319625],[7.4214215,43.7318757]]}},{"type":"Feature","properties":{"kind":"tunnel","name":"Tunnel Serravalle","highway":"secondary","layer":"-1"},"geometry":{"type":"LineString","coordinates":[[7.418411,43.7319247],[7.4184422,43.7319253],[7.4198457,43.7319537],[7.4200158,43.7319654],[7.4201836,43.731989],[7.4203475,43.7320241],[7.4205059,43.7320705],[7.4206574,43.7321276]]}},{"type":"Feature","properties":{"kind":"tunnel","name":"Tunnel Rocher Noghes","highway":"secondary","layer":"-1"},"geometry":{"type":"LineString","coordinates":[[7.4229817,43.7322654],[7.4230192,43.7321523],[7.4230151,43.7321102],[7.4229775,43.7320721],[7.4229409,43.7320521],[7.4229021,43.7320436],[7.4223378,43.7319816]]}},{"type":"Feature","properties":{"kind":"tunnel","name":"Boulevard du Larvotto","highway":"primary","layer":"-1"},"geometry":{"type":"LineString","coordinates":[[7.4198334,43.7364288],[7.4195333,43.7361432]]}},{"type":"Feature","properties":{"kind":"tunnel","name":"Tunnel Sainte-D\u00e9vote","highway":"unclassified","layer":"-2"},"geometry":{"type":"LineString","coordinates":[[7.4198297,43.7365726],[7.4200892,43.7369504],[7.4201575,43.7370809],[7.4201985,43.7371759],[7.4202349,43.7373093],[7.4202911,43.7376732]]}},{"type":"Feature","properties":{"kind":"tunnel","name":"Tunnel Sainte-D\u00e9vote","highway":"unclassified","layer":"-2"},"geometry":{"type":"LineString","coordinates":[[7.4198297,43.7365726],[7.4197852,43.7365284]]}},{"type":"Feature","properties":{"kind":"tunnel","name":null,"highway":"service","layer":"-2"},"geometry":{"type":"LineString","coordinates":[[7.418909,43.7390232],[7.4186376,43.7390599],[7.4185684,43.739048],[7.4185365,43.7390184],[7.4185405,43.7389815],[7.4185713,43.7389529],[7.4187484,43.7389238],[7.4187806,43.7389296],[7.4188129,43.7389531],[7.418909,43.7390232]]}},{"type":"Feature","properties":{"kind":"tunnel","name":null,"highway":"service","layer":"-2"},"geometry":{"type":"LineString","coordinates":[[7.420477,43.7383783],[7.4205099,43.7385353],[7.4205026,43.7385905],[7.4204745,43.7386541],[7.4203974,43.7387282],[7.4202813,43.738792],[7.4199826,43.7389412],[7.4198726,43.7389849],[7.4197438,43.7390236],[7.4194759,43.7391022],[7.4193572,43.7391331],[7.4192473,43.7391389],[7.4191158,43.7391137],[7.4189784,43.7390655],[7.418909,43.7390232]]}},{"type":"Feature","properties":{"kind":"tunnel","name":null,"highway":"footway","layer":"-1"},"geometry":{"type":"LineString","coordinates":[[7.4216653,43.7371051],[7.4217059,43.7370687],[7.4219686,43.7369357]]}},{"type":"Feature","properties":{"kind":"tunnel","name":null,"highway":"footway","layer":"-3"},"geometry":{"type":"LineString","coordinates":[[7.4197138,43.738157],[7.4195957,43.7381727],[7.4195832,43.7381791]]}},{"type":"Feature","properties":{"kind":"tunnel","name":null,"highway":"steps","layer":"-2"},"geometry":{"type":"LineString","coordinates":[[7.4194765,43.7382736],[7.4195797,43.7383863]]}},{"type":"Feature","properties":{"kind":"tunnel","name":null,"highway":"steps","layer":"-2"},"geometry":{"type":"LineString","coordinates":[[7.4195832,43.7381791],[7.4196865,43.7382929]]}},{"type":"Feature","properties":{"kind":"tunnel","name":null,"highway":"footway","layer":"-2"},"geometry":{"type":"LineString","coordinates":[[7.4190859,43.7387452],[7.4189571,43.7388165],[7.4187548,43.7388418],[7.4187277,43.7388244]]}},{"type":"Feature","properties":{"kind":"tunnel","name":"Boulevard du Larvotto","highway":"primary","layer":"-1"},"geometry":{"type":"LineString","coordinates":[[7.429888,43.7402056],[7.4298655,43.7400324],[7.4298286,43.7398605],[7.4297775,43.7396905],[7.4297124,43.739523],[7.4296334,43.7393587],[7.429541,43.7391981],[7.4294353,43.7390417],[7.4293169,43.7388903],[7.4291861,43.7387442],[7.4290433,43.7386041],[7.4288892,43.7384705],[7.4287243,43.7383437],[7.4285491,43.7382244],[7.4283643,43.7381128],[7.4281706,43.7380095],[7.4279687,43.7379148]]}},{"type":"Feature","properties":{"kind":"tunnel","name":null,"highway":"residential","layer":"-1"},"geometry":{"type":"LineString","coordinates":[[7.4279534,43.7325962],[7.4274739,43.7318149]]}},{"type":"Feature","properties":{"kind":"tunnel","name":null,"highway":"service","layer":"-1"},"geometry":{"type":"LineString","coordinates":[[7.4271083,43.7312758],[7.4273268,43.7312939],[7.4274165,43.7313124]]}},{"type":"Feature","properties":{"kind":"tunnel","name":null,"highway":"service","layer":"-1"},"geometry":{"type":"LineString","coordinates":[[7.4272483,43.7314363],[7.4271968,43.7313781],[7.4271083,43.7312758]]}},{"type":"Feature","properties":{"kind":"tunnel","name":null,"highway":"service","layer":"-1"},"geometry":{"type":"LineString","coordinates":[[7.4272577,43.7315102],[7.4271583,43.7314362],[7.4271083,43.7312758]]}},{"type":"Feature","properties":{"kind":"tunnel","name":null,"highway":"footway","layer":"-1"},"geometry":{"type":"LineString","coordinates":[[7.4259245,43.7311609],[7.4259511,43.7311777],[7.4259594,43.7311709],[7.4259661,43.7311653]]}},{"type":"Feature","properties":{"kind":"tunnel","name":null,"highway":"service","layer":null},"geometry":{"type":"LineString","coordinates":[[7.4261538,43.7373955],[7.4261486,43.7374304]]}},{"type":"Feature","properties":{"kind":"tunnel","name":null,"highway":"service","layer":null},"geometry":{"type":"LineString","coordinates":[[7.4288463,43.7416416],[7.4287937,43.7416435],[7.4287514,43.7416386],[7.4287274,43.7416287]]}},{"type":"Feature","properties":{"kind":"tunnel","name":"Tunnel Rocher Interm\u00e9diaire","highway":"secondary","layer":"-3"},"geometry":{"type":"LineString","coordinates":[[7.4207655,43.7317087],[7.4214594,43.7317948]]}},{"type":"Feature","properties":{"kind":"tunnel","name":null,"highway":"residential","layer":"-1"},"geometry":{"type":"LineString","coordinates":[[7.4277231,43.7329715],[7.4278614,43.7329122],[7.427958,43.7328122]]}},{"type":"Feature","properties":{"kind":"tunnel","name":"Rampe Major","highway":"steps","layer":null},"geometry":{"type":"LineString","coordinates":[[7.4211367,43.7314916],[7.4211739,43.7314822],[7.4211233,43.7313714]]}},{"type":"Feature","properties":{"kind":"tunnel","name":"Passage du Coin","highway":"footway","layer":null},"geometry":{"type":"LineString","coordinates":[[7.4223611,43.7311024],[7.4222991,43.7309699]]}},{"type":"Feature","properties":{"kind":"tunnel","name":null,"highway":"primary_link","layer":"-1"},"geometry":{"type":"LineString","coordinates":[[7.429888,43.7402056],[7.4299979,43.7404764],[7.430012,43.7405225],[7.4300833,43.7410224]]}},{"type":"Feature","properties":{"kind":"tunnel","name":null,"highway":"primary_link","layer":"-1"},"geometry":{"type":"LineString","coordinates":[[7.4300833,43.7410224],[7.4300877,43.7410684],[7.4300892,43.7410846],[7.4300925,43.741104]]}},{"type":"Feature","properties":{"kind":"tunnel","name":"Travolator","highway":"footway","layer":"-1"},"geometry":{"type":"LineString","coordinates":[[7.4198573,43.7326349],[7.419892,43.7326431],[7.4213312,43.7326142],[7.4213686,43.7326137],[7.4214347,43.7326121],[7.4215071,43.7326122],[7.4216566,43.7327117]]}},{"type":"Feature","properties":{"kind":"tunnel","name":"Passage de la Mis\u00e9ricorde","highway":"footway","layer":null},"geometry":{"type":"LineString","coordinates":[[7.4230475,43.7310833],[7.4230596,43.730909],[7.4230592,43.7308648]]}},{"type":"Feature","properties":{"kind":"tunnel","name":null,"highway":"footway","layer":null},"geometry":{"type":"LineString","coordinates":[[7.4242846,43.7313189],[7.4242963,43.731299],[7.4243834,43.7311593],[7.4243986,43.7311405]]}},{"type":"Feature","properties":{"kind":"tunnel","name":"Bretelle Ostende","highway":"primary_link","layer":"-1"},"geometry":{"type":"LineString","coordinates":[[7.4237917,43.7375487],[7.4236406,43.737602],[7.4235289,43.7376148],[7.4230295,43.7376623],[7.4229383,43.7376643],[7.4228525,43.7376643],[7.4227452,43.7376565],[7.4226799,43.7376499]]}},{"type":"Feature","properties":{"kind":"tunnel","name":"Galerie Sainte-D\u00e9vote","highway":"footway","layer":"-4"},"geometry":{"type":"LineString","coordinates":[[7.42115,43.737092],[7.4210688,43.7370886],[7.4193072,43.7370001]]}},{"type":"Feature","properties":{"kind":"tunnel","name":"Tunnel Rocher-Fontvieille","highway":"secondary","layer":"-3"},"geometry":{"type":"LineString","coordinates":[[7.4214215,43.7318757],[7.4210061,43.7318062],[7.4195934,43.7315802],[7.4188571,43.73135],[7.418306,43.7310854]]}},{"type":"Feature","properties":{"kind":"tunnel","name":null,"highway":"service","layer":"-1"},"geometry":{"type":"LineString","coordinates":[[7.4290575,43.7337991],[7.4296855,43.7343582],[7.4296945,43.734381],[7.4296887,43.7344022],[7.4296714,43.7344182]]}},{"type":"Feature","properties":{"kind":"tunnel","name":"Tunnel Sainte-D\u00e9vote","highway":"unclassified","layer":"-2"},"geometry":{"type":"LineString","coordinates":[[7.4198075,43.7365246],[7.4198297,43.7365726]]}},{"type":"Feature","properties":{"kind":"tunnel","name":null,"highway":"service","layer":"-1"},"geometry":{"type":"LineString","coordinates":[[7.4284206,43.7424626],[7.4275634,43.7428524]]}},{"type":"Feature","properties":{"kind":"tunnel","name":null,"highway":"footway","layer":null},"geometry":{"type":"LineString","coordinates":[[7.4269702,43.7325825],[7.4270381,43.7325965]]}},{"type":"Feature","properties":{"kind":"tunnel","name":null,"highway":"steps","layer":"-4"},"geometry":{"type":"LineString","coordinates":[[7.4189354,43.737274],[7.418804,43.7373621]]}},{"type":"Feature","properties":{"kind":"tunnel","name":"Galerie Sainte-D\u00e9vote","highway":"footway","layer":"-4"},"geometry":{"type":"LineString","coordinates":[[7.4193072,43.7370001],[7.4191435,43.73699],[7.4190498,43.7369847]]}},{"type":"Feature","properties":{"kind":"tunnel","name":null,"highway":"service","layer":"-1"},"geometry":{"type":"LineString","coordinates":[[7.4307637,43.7417702],[7.4308461,43.7419178],[7.4308114,43.7421624],[7.4305093,43.742259],[7.4304898,43.7421832]]}},{"type":"Feature","properties":{"kind":"tunnel","name":null,"highway":"footway","layer":"-1"},"geometry":{"type":"LineString","coordinates":[[7.4295503,43.7386284],[7.4298686,43.7386006]]}},{"type":"Feature","properties":{"kind":"tunnel","name":"Boulevard du Larvotto","highway":"primary","layer":"-1"},"geometry":{"type":"LineString","coordinates":[[7.4299244,43.7405561],[7.429888,43.7402056]]}},{"type":"Feature","properties":{"kind":"tunnel","name":"Boulevard du Larvotto","highway":"primary","layer":"-1"},"geometry":{"type":"LineString","coordinates":[[7.4237917,43.7375487],[7.4231333,43.7375942],[7.4229622,43.7376053],[7.4228245,43.7376076],[7.4226638,43.7376046],[7.4225362,43.7375949]]}},{"type":"Feature","properties":{"kind":"tunnel","name":"Rue Louis Notari","highway":"residential","layer":null},"geometry":{"type":"LineString","coordinates":[[7.4206212,43.7344572],[7.4205938,43.7345598]]}},{"type":"Feature","properties":{"kind":"tunnel","name":null,"highway":"service","layer":"-2"},"geometry":{"type":"LineString","coordinates":[[7.4293549,43.7342449],[7.4293441,43.7342329],[7.4293395,43.7342146],[7.4293455,43.7341991],[7.4293622,43.7341827],[7.4294382,43.7341382]]}},{"type":"Feature","properties":{"kind":"tunnel","name":"Rond-Point du Portier","highway":"secondary","layer":"-1"},"geometry":{"type":"LineString","coordinates":[[7.4300925,43.741104],[7.4301265,43.7411082]]}},{"type":"Feature","properties":{"kind":"tunnel","name":"Rampe Major","highway":"steps","layer":null},"geometry":{"type":"LineString","coordinates":[[7.4211893,43.7317177],[7.4212614,43.7316921]]}},{"type":"Feature","properties":{"kind":"tunnel","name":"Galeries du Parc Palace","highway":"footway","layer":"-1"},"geometry":{"type":"LineString","coordinates":[[7.4244312,43.7401515],[7.4244812,43.7401318],[7.4246625,43.7400467],[7.4247032,43.7400276],[7.4248016,43.7399883],[7.4248436,43.7398496],[7.4250663,43.7397617]]}},{"type":"Feature","properties":{"kind":"tunnel","name":"Galerie du parking de la Costa","highway":"footway","layer":"-1"},"geometry":{"type":"LineString","coordinates":[[7.423582,43.73753],[7.4238309,43.7370924]]}},{"type":"Feature","properties":{"kind":"tunnel","name":null,"highway":"footway","layer":"-1"},"geometry":{"type":"LineString","coordinates":[[7.4219686,43.7369357],[7.42198,43.7368802],[7.4219958,43.7368171]]}},{"type":"Feature","properties":{"kind":"tunnel","name":"Rue des Fours","highway":"footway","layer":"-1"},"geometry":{"type":"LineString","coordinates":[[7.422979,43.7308513],[7.4229802,43.7308241],[7.4229881,43.7307413]]}},{"type":"Feature","properties":{"kind":"tunnel","name":"Rue Louis Notari","highway":"pedestrian","layer":null},"geometry":{"type":"LineString","coordinates":[[7.420864,43.7335417],[7.4208575,43.733563],[7.4208301,43.7336536]]}},{"type":"Feature","properties":{"kind":"tunnel","name":"Entr\u00e9e Parking de la Comdamine","highway":"service","layer":null},"geometry":{"type":"LineString","coordinates":[[7.4221973,43.7323534],[7.4222179,43.7324034],[7.4222352,43.7324519],[7.422233,43.7324839],[7.4222298,43.7325348],[7.4222211,43.7325746],[7.422206,43.732609],[7.4221822,43.7326442],[7.4221551,43.732677],[7.4220989,43.7327216],[7.4220189,43.7326743],[7.4214704,43.7331104],[7.4216562,43.7332637]]}},{"type":"Feature","properties":{"kind":"tunnel","name":null,"highway":"service","layer":"-1"},"geometry":{"type":"LineString","coordinates":[[7.4291676,43.7376081],[7.4292276,43.7378314]]}},{"type":"Feature","properties":{"kind":"tunnel","name":null,"highway":"footway","layer":"-1"},"geometry":{"type":"LineString","coordinates":[[7.4303897,43.7403564],[7.4303822,43.7402964],[7.4303756,43.7402137],[7.4303551,43.7400715],[7.4303254,43.7399301],[7.4302867,43.7397899],[7.430239,43.7396511],[7.4301824,43.7395141],[7.430117,43.7393792],[7.4300431,43.7392466],[7.4299607,43.7391166],[7.42987,43.7389895],[7.4297712,43.7388656],[7.4296646,43.7387451],[7.4295503,43.7386284],[7.4294832,43.7385662],[7.4294077,43.7384973],[7.4292555,43.7383719],[7.4290941,43.7382527],[7.4289262,43.7381414],[7.4287503,43.7380368],[7.428567,43.7379391],[7.4283766,43.7378487],[7.4281799,43.7377657],[7.4280754,43.7377257]]}},{"type":"Feature","properties":{"kind":"tunnel","name":null,"highway":"footway","layer":null},"geometry":{"type":"LineString","coordinates":[[7.4219437,43.730763],[7.4219302,43.7307441],[7.4218099,43.7305173],[7.4217824,43.7304946]]}},{"type":"Feature","properties":{"kind":"tunnel","name":null,"highway":"footway","layer":null},"geometry":{"type":"LineString","coordinates":[[7.4253104,43.7318772],[7.4253661,43.7317929]]}},{"type":"Feature","properties":{"kind":"tunnel","name":"Ruelle Sainte-D\u00e9vote","highway":"footway","layer":null},"geometry":{"type":"LineString","coordinates":[[7.4233389,43.7309336],[7.4234191,43.730778]]}},{"type":"Feature","properties":{"kind":"tunnel","name":null,"highway":"footway","layer":"-1"},"geometry":{"type":"LineString","coordinates":[[7.4291468,43.7378292],[7.4291113,43.7375964]]}},{"type":"Feature","properties":{"kind":"tunnel","name":null,"highway":"service","layer":"-1"},"geometry":{"type":"LineString","coordinates":[[7.429195,43.7380077],[7.4290991,43.7382406],[7.4290941,43.7382527],[7.429058,43.7383175]]}},{"type":"Feature","properties":{"kind":"tunnel","name":"Ruelle Sainte-D\u00e9vote","highway":"footway","layer":null},"geometry":{"type":"LineString","coordinates":[[7.4235862,43.7304286],[7.423621,43.7304081]]}},{"type":"Feature","properties":{"kind":"tunnel","name":"Ruelle Sainte-D\u00e9vote","highway":"steps","layer":null},"geometry":{"type":"LineString","coordinates":[[7.4235197,43.7305212],[7.4235862,43.7304286]]}},{"type":"Feature","properties":{"kind":"tunnel","name":null,"highway":"footway","layer":"-1"},"geometry":{"type":"LineString","coordinates":[[7.4219719,43.7305172],[7.4219736,43.7305227],[7.4220023,43.7306135]]}},{"type":"Feature","properties":{"kind":"tunnel","name":null,"highway":"footway","layer":"-2"},"geometry":{"type":"LineString","coordinates":[[7.4190695,43.7370155],[7.4190637,43.7370056],[7.4190574,43.7369949],[7.4190498,43.7369847]]}},{"type":"Feature","properties":{"kind":"tunnel","name":null,"highway":"footway","layer":"-1"},"geometry":{"type":"LineString","coordinates":[[7.4204215,43.7388385],[7.4203331,43.7389782]]}},{"type":"Feature","properties":{"kind":"tunnel","name":null,"highway":"footway","layer":"-1"},"geometry":{"type":"LineString","coordinates":[[7.4202279,43.7391071],[7.420154,43.739213]]}},{"type":"Feature","properties":{"kind":"tunnel","name":null,"highway":"footway","layer":"-2"},"geometry":{"type":"LineString","coordinates":[[7.4263922,43.7307619],[7.4264266,43.7307347],[7.426393,43.730679]]}},{"type":"Feature","properties":{"kind":"tunnel","name":null,"highway":"steps","layer":"-2"},"geometry":{"type":"LineString","coordinates":[[7.4263922,43.7307619],[7.4262629,43.7308597]]}},{"type":"Feature","properties":{"kind":"tunnel","name":null,"highway":"footway","layer":"-2"},"geometry":{"type":"LineString","coordinates":[[7.4259245,43.7311609],[7.4262629,43.7308597]]}},{"type":"Feature","properties":{"kind":"tunnel","name":null,"highway":"footway","layer":null},"geometry":{"type":"LineString","coordinates":[[7.4217824,43.7326408],[7.4218651,43.7327161],[7.421961,43.7326607],[7.4220506,43.7326205]]}},{"type":"Feature","properties":{"kind":"tunnel","name":null,"highway":"steps","layer":"-1"},"geometry":{"type":"LineString","coordinates":[[7.4281874,43.7377179],[7.4281492,43.7377082],[7.4281177,43.7377131]]}},{"type":"Feature","properties":{"kind":"tunnel","name":null,"highway":"footway","layer":"-2"},"geometry":{"type":"LineString","coordinates":[[7.4281177,43.7377131],[7.4279561,43.7378788],[7.4278315,43.7381826]]}},{"type":"Feature","properties":{"kind":"tunnel","name":null,"highway":"footway","layer":"-1"},"geometry":{"type":"LineString","coordinates":[[7.4281799,43.7377657],[7.4281999,43.7377383],[7.4281874,43.7377179]]}},{"type":"Feature","properties":{"kind":"tunnel","name":null,"highway":"footway","layer":null},"geometry":{"type":"LineString","coordinates":[[7.4198722,43.7351433],[7.4198359,43.7353151]]}},{"type":"Feature","properties":{"kind":"tunnel","name":null,"highway":"footway","layer":null},"geometry":{"type":"LineString","coordinates":[[7.4259868,43.7310559],[7.4260554,43.7310907]]}},{"type":"Feature","properties":{"kind":"tunnel","name":null,"highway":"footway","layer":null},"geometry":{"type":"LineString","coordinates":[[7.4269872,43.7324831],[7.4270695,43.7324941]]}},{"type":"Feature","properties":{"kind":"tunnel","name":null,"highway":"service","layer":null},"geometry":{"type":"LineString","coordinates":[[7.4209117,43.7312985],[7.4209207,43.7313136]]}},{"type":"Feature","properties":{"kind":"tunnel","name":null,"highway":"service","layer":null},"geometry":{"type":"LineString","coordinates":[[7.4208126,43.7314424],[7.4206678,43.7314905]]}},{"type":"Feature","properties":{"kind":"tunnel","name":null,"highway":"service","layer":null},"geometry":{"type":"LineString","coordinates":[[7.4206143,43.7314686],[7.4205387,43.7313526]]}},{"type":"Feature","properties":{"kind":"tunnel","name":null,"highway":"footway","layer":null},"geometry":{"type":"LineString","coordinates":[[7.4278836,43.7381526],[7.4278315,43.7381826]]}},{"type":"Feature","properties":{"kind":"tunnel","name":"Ruelle Sainte-D\u00e9vote","highway":"steps","layer":null},"geometry":{"type":"LineString","coordinates":[[7.4234191,43.730778],[7.4234593,43.7306029]]}},{"type":"Feature","properties":{"kind":"tunnel","name":null,"highway":"service","layer":null},"geometry":{"type":"LineString","coordinates":[[7.4265215,43.7377194],[7.4265517,43.737736],[7.4266097,43.7377563],[7.4266558,43.7377658],[7.426718,43.7377677],[7.42677,43.7377594]]}},{"type":"Feature","properties":{"kind":"tunnel","name":null,"highway":"service","layer":"-1"},"geometry":{"type":"LineString","coordinates":[[7.430075,43.7431625],[7.4301467,43.7433831]]}},{"type":"Feature","properties":{"kind":"tunnel","name":null,"highway":"footway","layer":"-1"},"geometry":{"type":"LineString","coordinates":[[7.4217059,43.7370687],[7.4212455,43.7369351]]}},{"type":"Feature","properties":{"kind":"tunnel","name":null,"highway":"service","layer":"-4"},"geometry":{"type":"LineString","coordinates":[[7.420477,43.7383783],[7.4205605,43.7386866],[7.4206687,43.7390012],[7.420747,43.7391941],[7.4208891,43.7394684],[7.4209484,43.7395569]]}},{"type":"Feature","properties":{"kind":"tunnel","name":null,"highway":"unclassified","layer":"-4"},"geometry":{"type":"LineString","coordinates":[[7.4203758,43.7379838],[7.4204211,43.7381719],[7.420477,43.7383783]]}},{"type":"Feature","properties":{"kind":"tunnel","name":null,"highway":"service","layer":"-2"},"geometry":{"type":"LineString","coordinates":[[7.4294382,43.7341382],[7.4298133,43.7344712]]}},{"type":"Feature","properties":{"kind":"tunnel","name":null,"highway":"service","layer":"-2"},"geometry":{"type":"LineString","coordinates":[[7.4298133,43.7344712],[7.4297601,43.7345031],[7.4297359,43.7345105],[7.4297115,43.7345075],[7.4296908,43.7344969],[7.4295643,43.7343832]]}},{"type":"Feature","properties":{"kind":"tunnel","name":null,"highway":"service","layer":"-1"},"geometry":{"type":"LineString","coordinates":[[7.428587,43.7333887],[7.4290575,43.7337991]]}},{"type":"Feature","properties":{"kind":"tunnel","name":null,"highway":"service","layer":"-1"},"geometry":{"type":"LineString","coordinates":[[7.4290575,43.7337991],[7.4290612,43.7338279],[7.4290583,43.7338557]]}},{"type":"Feature","properties":{"kind":"tunnel","name":null,"highway":"footway","layer":null},"geometry":{"type":"LineString","coordinates":[[7.4211727,43.7344925],[7.4211343,43.734715]]}},{"type":"Feature","properties":{"kind":"tunnel","name":null,"highway":"footway","layer":null},"geometry":{"type":"LineString","coordinates":[[7.4210917,43.734944],[7.4210383,43.7353687]]}},{"type":"Feature","properties":{"kind":"tunnel","name":null,"highway":"footway","layer":"-1"},"geometry":{"type":"LineString","coordinates":[[7.4279866,43.7328136],[7.4279504,43.7328519],[7.4278967,43.7329071],[7.4278324,43.7329614],[7.4277023,43.733003]]}},{"type":"Feature","properties":{"kind":"tunnel","name":null,"highway":"footway","layer":null},"geometry":{"type":"LineString","coordinates":[[7.4273205,43.7329982],[7.4272598,43.7330054],[7.4265217,43.7328502],[7.4262297,43.7327888],[7.4247006,43.7324673],[7.4240238,43.7323238],[7.4235803,43.7323371]]}},{"type":"Feature","properties":{"kind":"tunnel","name":null,"highway":"footway","layer":null},"geometry":{"type":"LineString","coordinates":[[7.4236511,43.7324822],[7.4245177,43.7326582],[7.4264543,43.73306],[7.4267506,43.7331231],[7.4273156,43.7332397],[7.4273096,43.7332548]]}},{"type":"Feature","properties":{"kind":"tunnel","name":null,"highway":"service","layer":"-1"},"geometry":{"type":"LineString","coordinates":[[7.4261282,43.7316902],[7.426198,43.7316703]]}},{"type":"Feature","properties":{"kind":"tunnel","name":null,"highway":"footway","layer":"-1"},"geometry":{"type":"LineString","coordinates":[[7.4280754,43.7377257],[7.4280421,43.7377128]]}},{"type":"Feature","properties":{"kind":"tunnel","name":null,"highway":"footway","layer":"-1"},"geometry":{"type":"LineString","coordinates":[[7.4280754,43.7377257],[7.4280623,43.7377446]]}},{"type":"Feature","properties":{"kind":"tunnel","name":"Boulevard Louis II","highway":"secondary","layer":"-1"},"geometry":{"type":"LineString","coordinates":[[7.4279727,43.7377783],[7.4280368,43.737802]]}},{"type":"Feature","properties":{"kind":"tunnel","name":"Auditorium Rainier III","highway":"platform","layer":"-1"},"geometry":{"type":"LineString","coordinates":[[7.4280623,43.7377446],[7.428005,43.7377226]]}},{"type":"Feature","properties":{"kind":"tunnel","name":null,"highway":"footway","layer":null},"geometry":{"type":"LineString","coordinates":[[7.4303822,43.7402964],[7.4303209,43.7402961],[7.4302468,43.7402957]]}},{"type":"Feature","properties":{"kind":"tunnel","name":null,"highway":"footway","layer":null},"geometry":{"type":"LineString","coordinates":[[7.4302454,43.740243],[7.4302468,43.7402957],[7.4302368,43.7403339]]}},{"type":"Feature","properties":{"kind":"tunnel","name":null,"highway":"service","layer":"-1"},"geometry":{"type":"LineString","coordinates":[[7.4209484,43.7395569],[7.421093,43.739792],[7.4213049,43.7400691],[7.4215758,43.7403385]]}},{"type":"Feature","properties":{"kind":"tunnel","name":null,"highway":"service","layer":"-1"},"geometry":{"type":"LineString","coordinates":[[7.4290991,43.7382406],[7.4292305,43.7382572],[7.4294939,43.738465],[7.4294926,43.7385347],[7.4294832,43.7385662],[7.4294579,43.7386365]]}},{"type":"Feature","properties":{"kind":"tunnel","name":null,"highway":"footway","layer":"-2"},"geometry":{"type":"LineString","coordinates":[[7.4197454,43.7382409],[7.4197014,43.7382791],[7.4196946,43.7382851],[7.4196865,43.7382929],[7.4196822,43.7382967],[7.4195941,43.7383747],[7.4195908,43.7383777],[7.4195797,43.7383863],[7.4195762,43.7383906],[7.4195208,43.7384407]]}},{"type":"Feature","properties":{"kind":"tunnel","name":null,"highway":"footway","layer":"-2"},"geometry":{"type":"LineString","coordinates":[[7.4197198,43.7382943],[7.4197014,43.7382791]]}},{"type":"Feature","properties":{"kind":"tunnel","name":null,"highway":"steps","layer":"-2"},"geometry":{"type":"LineString","coordinates":[[7.4195957,43.7381727],[7.4196946,43.7382851]]}},{"type":"Feature","properties":{"kind":"tunnel","name":null,"highway":"steps","layer":"-2"},"geometry":{"type":"LineString","coordinates":[[7.4197949,43.7384115],[7.4196822,43.7382967]]}},{"type":"Feature","properties":{"kind":"tunnel","name":null,"highway":"steps","layer":"-2"},"geometry":{"type":"LineString","coordinates":[[7.4196877,43.7385024],[7.4195762,43.7383906]]}},{"type":"Feature","properties":{"kind":"tunnel","name":null,"highway":"footway","layer":"-2"},"geometry":{"type":"LineString","coordinates":[[7.4195908,43.7383777],[7.4196303,43.7384149]]}},{"type":"Feature","properties":{"kind":"tunnel","name":null,"highway":"steps","layer":"-2"},"geometry":{"type":"LineString","coordinates":[[7.4194929,43.7382655],[7.4195941,43.7383747]]}},{"type":"Feature","properties":{"kind":"tunnel","name":null,"highway":"footway","layer":"-3"},"geometry":{"type":"LineString","coordinates":[[7.4195202,43.7382526],[7.4194929,43.7382655],[7.4194765,43.7382736],[7.4194491,43.7382877]]}},{"type":"Feature","properties":{"kind":"tunnel","name":null,"highway":"footway","layer":"-2"},"geometry":{"type":"LineString","coordinates":[[7.4190859,43.7387452],[7.4190694,43.7387305]]}},{"type":"Feature","properties":{"kind":"tunnel","name":null,"highway":"footway","layer":"-2"},"geometry":{"type":"LineString","coordinates":[[7.4195208,43.7384407],[7.4193458,43.7385757],[7.4190859,43.7387452]]}},{"type":"Feature","properties":{"kind":"tunnel","name":null,"highway":"steps","layer":"-1"},"geometry":{"type":"LineString","coordinates":[[7.419272,43.7386984],[7.4191363,43.7387911]]}},{"type":"Feature","properties":{"kind":"tunnel","name":null,"highway":"steps","layer":"-1"},"geometry":{"type":"LineString","coordinates":[[7.4191156,43.7387784],[7.4191483,43.7387556],[7.4191488,43.7387553],[7.4192527,43.738683]]}},{"type":"Feature","properties":{"kind":"tunnel","name":null,"highway":"footway","layer":"-1"},"geometry":{"type":"LineString","coordinates":[[7.4190694,43.7387305],[7.4191288,43.738744],[7.4191645,43.7387206],[7.4191884,43.7387049],[7.4192387,43.7386719],[7.4192527,43.738683],[7.4192621,43.7386905],[7.419272,43.7386984]]}},{"type":"Feature","properties":{"kind":"tunnel","name":null,"highway":"footway","layer":"-4"},"geometry":{"type":"LineString","coordinates":[[7.4193072,43.7370001],[7.4193034,43.7370257],[7.4192627,43.7370554]]}},{"type":"Feature","properties":{"kind":"tunnel","name":null,"highway":"steps","layer":"-4"},"geometry":{"type":"LineString","coordinates":[[7.4192627,43.7370554],[7.4191379,43.7371361],[7.4190256,43.7372086]]}},{"type":"Feature","properties":{"kind":"tunnel","name":null,"highway":"footway","layer":"-4"},"geometry":{"type":"LineString","coordinates":[[7.4190256,43.7372086],[7.4189354,43.737274]]}},{"type":"Feature","properties":{"kind":"tunnel","name":null,"highway":"footway","layer":"-4"},"geometry":{"type":"LineString","coordinates":[[7.418804,43.7373621],[7.4187021,43.7374324],[7.4185793,43.7375094]]}},{"type":"Feature","properties":{"kind":"tunnel","name":null,"highway":"steps","layer":"-4"},"geometry":{"type":"LineString","coordinates":[[7.4188254,43.7375262],[7.4187021,43.7374324]]}},{"type":"Feature","properties":{"kind":"tunnel","name":null,"highway":"footway","layer":"-3"},"geometry":{"type":"LineString","coordinates":[[7.4188314,43.7375675],[7.4188254,43.7375262]]}},{"type":"Feature","properties":{"kind":"tunnel","name":null,"highway":"footway","layer":"-3"},"geometry":{"type":"LineString","coordinates":[[7.4187001,43.7376452],[7.4187026,43.7376031],[7.4187523,43.7375964]]}},{"type":"Feature","properties":{"kind":"tunnel","name":null,"highway":"footway","layer":"-2"},"geometry":{"type":"LineString","coordinates":[[7.4190296,43.7370046],[7.4190637,43.7370056]]}},{"type":"Feature","properties":{"kind":"tunnel","name":null,"highway":"footway","layer":null},"geometry":{"type":"LineString","coordinates":[[7.4200397,43.7386847],[7.4200388,43.7387089]]}},{"type":"Feature","properties":{"kind":"tunnel","name":null,"highway":"footway","layer":null},"geometry":{"type":"LineString","coordinates":[[7.4192564,43.7371626],[7.4192529,43.7371659],[7.4192206,43.7371394],[7.4191018,43.7370423],[7.4190739,43.7370192],[7.4190695,43.7370155]]}},{"type":"Feature","properties":{"kind":"tunnel","name":null,"highway":"footway","layer":"-1"},"geometry":{"type":"LineString","coordinates":[[7.419272,43.7386984],[7.4192993,43.7387197],[7.4191754,43.7388063],[7.4192673,43.7388765],[7.4194217,43.7389038],[7.4196087,43.7388573],[7.4198334,43.7388227],[7.420018,43.7387326],[7.4200388,43.7387089],[7.4200594,43.7386913]]}},{"type":"Feature","properties":{"kind":"tunnel","name":null,"highway":"steps","layer":"-1"},"geometry":{"type":"LineString","coordinates":[[7.4192621,43.7386905],[7.4191665,43.7387563],[7.419102,43.7388007]]}},{"type":"Feature","properties":{"kind":"tunnel","name":null,"highway":"footway","layer":"-1"},"geometry":{"type":"LineString","coordinates":[[7.4302495,43.7410026],[7.4302195,43.7410268],[7.4301979,43.7410372],[7.4301544,43.7410516],[7.4300833,43.7410224],[7.430026,43.7409989]]}},{"type":"Feature","properties":{"kind":"tunnel","name":"Rond-Point du Portier","highway":"secondary","layer":"-1"},"geometry":{"type":"LineString","coordinates":[[7.4301265,43.7411082],[7.4301831,43.7411202],[7.4302371,43.7411395],[7.4302508,43.7411455]]}},{"type":"Feature","properties":{"kind":"tunnel","name":"Boulevard Louis II","highway":"secondary","layer":"-1"},"geometry":{"type":"LineString","coordinates":[[7.4301265,43.7411082],[7.4301739,43.7411007],[7.4302209,43.7410891],[7.4302506,43.7410743]]}},{"type":"Feature","properties":{"kind":"tunnel","name":"Avenue Princesse Grace","highway":"residential","layer":"-1"},"geometry":{"type":"LineString","coordinates":[[7.4300333,43.7410943],[7.4300925,43.741104]]}},{"type":"Feature","properties":{"kind":"tunnel","name":"Rond-Point du Portier","highway":"secondary","layer":"-1"},"geometry":{"type":"LineString","coordinates":[[7.430033,43.7411033],[7.4300925,43.741104]]}},{"type":"Feature","properties":{"kind":"tunnel","name":"Circuit de Monaco","highway":"raceway","layer":"-1"},"geometry":{"type":"LineString","coordinates":[[7.4300319,43.7410731],[7.4300892,43.7410846],[7.4301307,43.7410879],[7.4301723,43.7410904],[7.4302209,43.7410891],[7.4302528,43.7410875]]}},{"type":"Feature","properties":{"kind":"tunnel","name":null,"highway":"footway","layer":"-1"},"geometry":{"type":"LineString","coordinates":[[7.4304999,43.7408529],[7.4304164,43.7408538],[7.4303849,43.7405164],[7.4302356,43.7405259]]}},{"type":"Feature","properties":{"kind":"pier","name":null},"geometry":{"type":"LineString","coordinates":[[7.4225419,43.7352992],[7.422556,43.7353015],[7.422552,43.735318],[7.4225591,43.7353198],[7.4224362,43.7358378],[7.4224976,43.736099],[7.4224777,43.7361039],[7.422407,43.7358404],[7.4224039,43.7358312],[7.4225312,43.7353162],[7.4225386,43.735317],[7.4225419,43.7352992]]}},{"type":"Feature","properties":{"kind":"pier","name":null},"geometry":{"type":"LineString","coordinates":[[7.4272968,43.7335424],[7.4272889,43.7335665],[7.4272826,43.7335652],[7.4271854,43.7338067],[7.4271458,43.7337999],[7.4271351,43.7338235],[7.4271733,43.7338321],[7.4272058,43.7338368],[7.4273177,43.7335717],[7.4273116,43.7335705],[7.4273196,43.7335456],[7.4272968,43.7335424]]}},{"type":"Feature","properties":{"kind":"pier","name":null},"geometry":{"type":"LineString","coordinates":[[7.4191225,43.7300728],[7.4200191,43.7296854],[7.4200036,43.7296663],[7.4191059,43.7300513],[7.4190074,43.7300516],[7.4190041,43.7300632],[7.4191225,43.7300728]]}},{"type":"Feature","properties":{"kind":"pier","name":null},"geometry":{"type":"LineString","coordinates":[[7.4234679,43.7341131],[7.4234542,43.7341112],[7.4234588,43.7340945],[7.4234453,43.7340929],[7.4235651,43.7336655],[7.4236135,43.733672],[7.4234942,43.7341007],[7.4234866,43.7340998],[7.4234837,43.7341152],[7.4234679,43.7341131]]}},{"type":"Feature","properties":{"kind":"pier","name":null},"geometry":{"type":"LineString","coordinates":[[7.4228723,43.7340685],[7.4228894,43.7340701],[7.4230332,43.7335347],[7.4230043,43.7335289],[7.4228567,43.7340666],[7.4228723,43.7340685]]}},{"type":"Feature","properties":{"kind":"pier","name":null},"geometry":{"type":"LineString","coordinates":[[7.4268216,43.7335857],[7.4268685,43.7334827],[7.4268717,43.7334834],[7.4268812,43.7334593],[7.4269025,43.7334638],[7.4268925,43.7334873],[7.4268992,43.7334888],[7.4268561,43.7335958],[7.4268837,43.7336035],[7.4268537,43.7336778],[7.4267647,43.7336574],[7.426798,43.733579],[7.4268216,43.7335857]]}},{"type":"Feature","properties":{"kind":"coastline","name":null},"geometry":{"type":"LineString","coordinates":[[7.428056,43.7320136],[7.4280647,43.7320354],[7.4280956,43.7320577],[7.4281835,43.7320833],[7.4282376,43.7320846],[7.4282764,43.7320775],[7.4283095,43.7320876],[7.4283047,43.732102],[7.4282573,43.7321101],[7.4282294,43.7321266],[7.4282137,43.7321581],[7.4282369,43.7321874],[7.4282215,43.7322119],[7.4281713,43.7322233],[7.4281623,43.7322603],[7.4281769,43.7322791],[7.4282374,43.7323284],[7.4282294,43.7323392],[7.4281716,43.7323719],[7.428178,43.7324415],[7.4282195,43.7324857],[7.4282603,43.7328137]]}},{"type":"Feature","properties":{"kind":"coastline","name":null},"geometry":{"type":"LineString","coordinates":[[7.4282603,43.7328137],[7.4283776,43.7329201],[7.4286623,43.7331683],[7.4290915,43.7335472],[7.4294544,43.7338614],[7.4293289,43.7339323],[7.4293384,43.7339488],[7.4299735,43.7345228],[7.4306604,43.7351218],[7.4320852,43.7364127],[7.4318176,43.7365578]]}},{"type":"Feature","properties":{"kind":"coastline","name":null},"geometry":{"type":"LineString","coordinates":[[7.41849,43.7309224],[7.4185156,43.7309401],[7.4185527,43.730912],[7.4185849,43.7309319],[7.4186263,43.7309041],[7.4186843,43.7309436],[7.4188242,43.730896],[7.418907,43.7309103],[7.4189949,43.7308879],[7.4190141,43.7308475],[7.4191537,43.730811],[7.4192025,43.7308324],[7.4192828,43.7308119],[7.4193157,43.7307817],[7.4193883,43.7307492],[7.4194618,43.7307693],[7.4195425,43.7307044],[7.4196805,43.7305599],[7.4197973,43.7305311],[7.4198861,43.7304272],[7.419973,43.7302557],[7.4200315,43.7302618],[7.4200805,43.7302126],[7.4200963,43.7300965],[7.4202284,43.7300034],[7.4203453,43.7298846],[7.4205009,43.7298639],[7.4206802,43.7299077],[7.4207735,43.7298949],[7.4208486,43.7300022],[7.4209221,43.7299903],[7.4209679,43.7300723],[7.4210518,43.73009],[7.4210877,43.7301068],[7.4211411,43.7300921],[7.4211422,43.7301352],[7.4211468,43.730165],[7.4212435,43.730219],[7.4214974,43.7301807],[7.4215336,43.7301628],[7.4215876,43.7301345],[7.4216446,43.7300926],[7.4216833,43.7300888],[7.4217438,43.7300659],[7.4217694,43.7299955],[7.4218057,43.7298531],[7.4217607,43.7298067],[7.4217569,43.7297009],[7.4218046,43.7296714],[7.4219232,43.7296554],[7.4219882,43.729558],[7.422219,43.7294394],[7.4223279,43.7295249],[7.4224433,43.7295363],[7.4225894,43.7294871]]}},{"type":"Feature","properties":{"kind":"coastline","name":null},"geometry":{"type":"LineString","coordinates":[[7.4228046,43.7294114],[7.4228726,43.7294022],[7.4228801,43.7293901],[7.4230093,43.7293977],[7.4230183,43.7293894],[7.4230799,43.7293865],[7.4231003,43.729391],[7.4231123,43.7293983],[7.4231625,43.7293969],[7.4231811,43.7294032],[7.4232125,43.7294063],[7.4231941,43.7293903],[7.423202,43.7293845],[7.4232281,43.7293993],[7.423247,43.7294038],[7.4232858,43.7293987],[7.4233022,43.7294045],[7.4233204,43.7294057],[7.4233559,43.7293944],[7.4233711,43.7293998],[7.4233858,43.7293982],[7.4233895,43.7293761],[7.4234021,43.7293638],[7.4234288,43.7293621],[7.4234604,43.7293696],[7.4234872,43.7293856],[7.4235069,43.7293849],[7.4235318,43.7293881],[7.4235715,43.7294032],[7.4236049,43.7294101],[7.4236258,43.7294054],[7.4236382,43.7294081],[7.4236606,43.7294061],[7.4236747,43.7294115],[7.4236907,43.7294097],[7.4238398,43.7294118],[7.4238679,43.7294064],[7.4239039,43.7294071],[7.4239495,43.7293767],[7.4239957,43.7293686],[7.4240093,43.7293675],[7.4240183,43.7293758],[7.4240347,43.7293979],[7.4240663,43.7294073],[7.4241375,43.7294177],[7.4241866,43.7294134],[7.4242381,43.7294197],[7.4242993,43.7294609],[7.4243274,43.729494],[7.4243443,43.7295311],[7.4244198,43.7295926],[7.4244825,43.7296643],[7.424561,43.7297275],[7.4246171,43.7297787],[7.4247193,43.7297705],[7.4247967,43.7298055],[7.4248813,43.7298063],[7.4249587,43.7298083],[7.4249999,43.7298462],[7.4250005,43.729916],[7.4250179,43.7300408],[7.4251764,43.7301153],[7.4252608,43.7302033],[7.425416,43.7302985],[7.4255315,43.7303342],[7.4256469,43.7304107],[7.4258878,43.7304639],[7.4259249,43.7305068],[7.4259679,43.7306431],[7.4260226,43.7306868],[7.4261593,43.7306938],[7.4262478,43.730653],[7.4263058,43.7305999],[7.4264791,43.7305654],[7.4266342,43.7305323],[7.4267615,43.7305262],[7.4268442,43.7305617],[7.4272595,43.7308804],[7.427495,43.7311058],[7.4276559,43.7312481],[7.4276204,43.731396],[7.4276927,43.7316425],[7.4277458,43.7316707],[7.4277697,43.7316671],[7.4278413,43.7317079],[7.4278377,43.731734],[7.427824,43.7317548],[7.4278274,43.7318043]]}},{"type":"Feature","properties":{"kind":"coastline","name":null},"geometry":{"type":"LineString","coordinates":[[7.4238315,43.7281279],[7.423673,43.728053],[7.4236079,43.7280232],[7.4235129,43.7279812],[7.4233291,43.7278983],[7.4233053,43.7279286],[7.4226599,43.7276157],[7.4226741,43.7275958],[7.4225025,43.7275248],[7.422391,43.7275393],[7.4222637,43.7276018],[7.4220786,43.7277161],[7.4219333,43.7278035],[7.4217286,43.7279872],[7.4216451,43.7281006],[7.4215687,43.7282248],[7.4214288,43.7285101],[7.421475,43.7286332],[7.4215256,43.7286367],[7.4215265,43.7286278],[7.4215726,43.728629],[7.4215506,43.7288525],[7.4215066,43.7288509],[7.4214864,43.7288496],[7.4214523,43.7288474],[7.4214536,43.7287981],[7.4214358,43.7287984],[7.4214386,43.7287642],[7.4207869,43.7287288],[7.4207633,43.7287277],[7.4193114,43.7286585],[7.4192638,43.7291002],[7.4186527,43.7290745],[7.4185616,43.7300172],[7.4190041,43.7300632],[7.4191225,43.7300728],[7.4191057,43.73015],[7.4177168,43.7300066],[7.4176656,43.7300897],[7.4176109,43.7300663],[7.4176145,43.7301215],[7.4176382,43.7301295],[7.417599,43.7301906],[7.4175918,43.7302018],[7.4175252,43.7303049],[7.4182121,43.730753],[7.41849,43.7309224]]}},{"type":"Feature","properties":{"kind":"coastline","name":null},"geometry":{"type":"LineString","coordinates":[[7.4318176,43.7365578],[7.4290314,43.7341145],[7.4288888,43.7341999],[7.4283814,43.7341384],[7.427828,43.7344673],[7.4276814,43.7350152],[7.4272029,43.7349485],[7.4272444,43.7347765],[7.4272508,43.734755],[7.4272902,43.7346367],[7.4274352,43.7346535],[7.427636,43.7339054],[7.427642,43.7338831],[7.4277118,43.7336232],[7.4275288,43.7335875],[7.4275119,43.7335841],[7.4274662,43.7335749],[7.42743,43.7335677],[7.4273196,43.7335456],[7.4272968,43.7335424],[7.4269025,43.7334638],[7.4268812,43.7334593],[7.4264953,43.733375],[7.4264643,43.7333689],[7.425918,43.7332601],[7.4259086,43.7332602],[7.4258756,43.7332606],[7.4257514,43.7332341],[7.4257553,43.7332225],[7.4254491,43.7331567],[7.4252847,43.7331196],[7.4245985,43.7329751],[7.4243255,43.7336259],[7.4245211,43.7336688],[7.4245664,43.7337009],[7.4245485,43.7337432],[7.4244766,43.7337714],[7.4240251,43.7336777],[7.4239798,43.7336303],[7.4239923,43.7335874],[7.4240603,43.7335682],[7.4242375,43.7336049],[7.4245101,43.7329578],[7.4241259,43.7328778],[7.424096,43.7328716],[7.4237662,43.7328048],[7.4237022,43.7327917],[7.4234984,43.7327504],[7.4233623,43.7330822],[7.423257,43.7331189],[7.4231745,43.7331562],[7.4231081,43.7331881],[7.423028,43.7332373],[7.4229581,43.7332885],[7.4228411,43.7334052],[7.422769,43.7335053],[7.4227075,43.7336214],[7.4226378,43.7338863],[7.4225875,43.7340714],[7.4226146,43.7341982],[7.4225829,43.7343131],[7.4225188,43.7345509],[7.4225468,43.7345516],[7.4226942,43.7345736],[7.4228373,43.7340642],[7.4228567,43.7340666],[7.4228723,43.7340685],[7.4228894,43.7340701],[7.4229059,43.7340717],[7.4227617,43.7345779],[7.422765,43.7345837],[7.4232465,43.7346513],[7.4234061,43.7341043],[7.4234542,43.7341112],[7.4234679,43.7341131],[7.4234837,43.7341152],[7.4235352,43.7341219],[7.423185,43.735428],[7.4231277,43.7354206],[7.4231186,43.7354194],[7.4231101,43.7354183],[7.4230512,43.7354108],[7.4231859,43.734896],[7.4231594,43.734892],[7.4231685,43.7348568],[7.4227038,43.7347887],[7.4225788,43.7353051],[7.422556,43.7353015],[7.4225419,43.7352992],[7.4225126,43.7352967],[7.4226431,43.7347821],[7.4224366,43.7347523],[7.4222487,43.7354396],[7.4221618,43.7355204],[7.4220375,43.7355577],[7.4218916,43.7355483],[7.4218784,43.7357405],[7.4218889,43.7359174],[7.4219041,43.736012],[7.4219275,43.7361045],[7.421991,43.7362789],[7.42204,43.736388],[7.4221131,43.7364991],[7.4221645,43.7365745],[7.42228,43.7367186]]}},{"type":"Feature","properties":{"kind":"coastline","name":null},"geometry":{"type":"LineString","coordinates":[[7.42228,43.7367186],[7.4227584,43.7367694],[7.4245771,43.7369626],[7.424637,43.7369687],[7.4247228,43.7369778],[7.4249337,43.7370002],[7.4251063,43.7369118],[7.4252886,43.7369288],[7.4256719,43.7369672],[7.4256526,43.7370713],[7.4267503,43.7371782],[7.4270537,43.736068],[7.4269078,43.7360487],[7.4269444,43.7359089],[7.42695,43.7358924],[7.4269939,43.7357297],[7.4274743,43.7357897],[7.4274016,43.7360607],[7.4271222,43.7371293],[7.4279869,43.7372969],[7.4280101,43.7373023],[7.4280409,43.7373081],[7.4281422,43.7373237],[7.4281726,43.7373283],[7.4285488,43.7374061],[7.4285797,43.7374215],[7.4288174,43.7374714],[7.4291223,43.7375326],[7.4292764,43.7372552],[7.4297983,43.7363298],[7.4300262,43.7363921],[7.4300739,43.7364333]]}},{"type":"Feature","properties":{"kind":"pier","name":null},"geometry":{"type":"LineString","coordinates":[[7.4264953,43.733375],[7.4263256,43.7338844],[7.4262943,43.7338797],[7.4264643,43.7333689],[7.4264953,43.733375]]}},{"type":"Feature","properties":{"kind":"pier","name":null},"geometry":{"type":"LineString","coordinates":[[7.4258756,43.7332606],[7.425554,43.7341316],[7.4255819,43.7341374],[7.4259086,43.7332602],[7.4258756,43.7332606]]}},{"type":"Feature","properties":{"kind":"pier","name":null},"geometry":{"type":"LineString","coordinates":[[7.4252847,43.7331196],[7.424856,43.7343164],[7.4248894,43.7343214],[7.4253089,43.7331437],[7.4254444,43.7331713],[7.4254491,43.7331567],[7.4252847,43.7331196]]}},{"type":"Feature","properties":{"kind":"coastline","name":null},"geometry":{"type":"LineString","coordinates":[[7.4278274,43.7318043],[7.4279925,43.7319343],[7.428056,43.7320136]]}},{"type":"Feature","properties":{"kind":"coastline","name":null},"geometry":{"type":"LineString","coordinates":[[7.4300739,43.7364333],[7.4294007,43.7376229],[7.4294821,43.7376454],[7.429562,43.7377192],[7.4295135,43.7377459]]}},{"type":"Feature","properties":{"kind":"coastline","name":null},"geometry":{"type":"LineString","coordinates":[[7.4304709,43.7408195],[7.430684,43.7408097],[7.4308428,43.7410751],[7.4314288,43.7409109],[7.4310638,43.7402483],[7.4309791,43.740274],[7.4309433,43.740223],[7.4310301,43.7401978],[7.4309515,43.7400698],[7.4310344,43.740045],[7.4308735,43.7397659],[7.431182,43.7396734],[7.4313378,43.7399519],[7.4316971,43.739846],[7.4325151,43.7412917],[7.432715,43.7414653],[7.4333313,43.7417651],[7.4335914,43.7419998],[7.4337494,43.7422843],[7.4337812,43.7425822],[7.4336884,43.7428862],[7.4329485,43.7438457]]}},{"type":"Feature","properties":{"kind":"pier","name":null},"geometry":{"type":"LineString","coordinates":[[7.4269444,43.7359089],[7.4262029,43.7357996],[7.4262787,43.7355361],[7.4263082,43.7355396],[7.4262341,43.7357889],[7.4265414,43.7358333],[7.4265681,43.7357204],[7.4265892,43.7357235],[7.4265669,43.735837],[7.4266754,43.7358527],[7.4267139,43.7357429],[7.4267366,43.7357452],[7.4267001,43.7358563],[7.42695,43.7358924],[7.4269444,43.7359089]]}},{"type":"Feature","properties":{"kind":"pier","name":null},"geometry":{"type":"LineString","coordinates":[[7.4280101,43.7373023],[7.4281175,43.7370615],[7.4280944,43.7370561],[7.4280235,43.737215],[7.4279869,43.7372969],[7.4280101,43.7373023]]}},{"type":"Feature","properties":{"kind":"pier","name":null},"geometry":{"type":"LineString","coordinates":[[7.4281726,43.7373283],[7.4282591,43.7370947],[7.4282357,43.7370868],[7.4281422,43.7373237],[7.4281726,43.7373283]]}},{"type":"Feature","properties":{"kind":"pier","name":null},"geometry":{"type":"LineString","coordinates":[[7.4285488,43.7374061],[7.4286584,43.7371139],[7.4287979,43.7371383],[7.4287911,43.7371608],[7.428704,43.7371449],[7.4286808,43.7371511],[7.4285797,43.7374215],[7.4285488,43.7374061]]}},{"type":"Feature","properties":{"kind":"pier","name":null},"geometry":{"type":"LineString","coordinates":[[7.4237022,43.7327917],[7.4237662,43.7328048],[7.4235631,43.7333211],[7.4235403,43.7333177],[7.4235343,43.7333313],[7.4235463,43.7333332],[7.4235061,43.7334374],[7.4234592,43.7334286],[7.4234974,43.733323],[7.4235108,43.7333259],[7.4235168,43.7333124],[7.423497,43.7333082],[7.4237022,43.7327917]]}},{"type":"Feature","properties":{"kind":"pier","name":null},"geometry":{"type":"LineString","coordinates":[[7.424096,43.7328716],[7.4241259,43.7328778],[7.4238893,43.7335424],[7.4238579,43.7335367],[7.424096,43.7328716]]}},{"type":"Feature","properties":{"kind":"pier","name":null},"geometry":{"type":"LineString","coordinates":[[7.4231186,43.7354194],[7.4231277,43.7354206],[7.4231241,43.7354352],[7.4231401,43.7354379],[7.4229898,43.7360788],[7.422944,43.7360732],[7.4230946,43.7354316],[7.4231059,43.7354328],[7.4231101,43.7354183],[7.4231186,43.7354194]]}},{"type":"Feature","properties":{"kind":"pier","name":null},"geometry":{"type":"LineString","coordinates":[[7.4245771,43.7369626],[7.4247999,43.7358778],[7.424863,43.7358832],[7.424637,43.7369687],[7.4245771,43.7369626]]}},{"type":"Feature","properties":{"kind":"pier","name":null},"geometry":{"type":"LineString","coordinates":[[7.4292764,43.7372552],[7.4292453,43.737247],[7.4291005,43.7375009],[7.4290093,43.7374834],[7.4290803,43.7372877],[7.4289865,43.7372712],[7.428914,43.7374631],[7.4288282,43.7374456],[7.4288174,43.7374714],[7.4291223,43.7375326],[7.4292764,43.7372552]]}},{"type":"Feature","properties":{"kind":"pier","name":null},"geometry":{"type":"LineString","coordinates":[[7.4210207,43.7299916],[7.4216124,43.7299128],[7.4216187,43.7299375],[7.4213354,43.7299752],[7.4213475,43.7300226],[7.421192,43.7300433],[7.4211856,43.7300182],[7.4211141,43.7300277],[7.4211204,43.7300522],[7.4210878,43.7300566],[7.4210809,43.7300294],[7.421032,43.7300359],[7.4210207,43.7299916]]}},{"type":"Feature","properties":{"kind":"pier","name":null},"geometry":{"type":"LineString","coordinates":[[7.4185527,43.730912],[7.4187848,43.7307361],[7.4187592,43.7307185],[7.41849,43.7309224],[7.4185156,43.7309401],[7.4185527,43.730912]]}},{"type":"Feature","properties":{"kind":"pier","name":null},"geometry":{"type":"LineString","coordinates":[[7.4245101,43.7329578],[7.4242375,43.7336049],[7.4240603,43.7335682],[7.4239923,43.7335874],[7.4239798,43.7336303],[7.4240251,43.7336777],[7.4244766,43.7337714],[7.4245485,43.7337432],[7.4245664,43.7337009],[7.4245211,43.7336688],[7.4243255,43.7336259],[7.4245985,43.7329751],[7.4245101,43.7329578]]}},{"type":"Feature","properties":{"kind":"pier","name":null},"geometry":{"type":"LineString","coordinates":[[7.4252886,43.7369288],[7.4252951,43.7368814],[7.4254971,43.7369002],[7.4256326,43.7369164],[7.425667,43.7369144],[7.4256769,43.7369364],[7.4256719,43.7369672],[7.4252886,43.7369288]]}},{"type":"Feature","properties":{"kind":"pier","name":null},"geometry":{"type":"LineString","coordinates":[[7.42743,43.7335677],[7.4273266,43.7338286],[7.4273529,43.7338338],[7.4273881,43.7337432],[7.4274036,43.7337342],[7.4274662,43.7335749],[7.42743,43.7335677]]}},{"type":"Feature","properties":{"kind":"pier","name":null},"geometry":{"type":"LineString","coordinates":[[7.4275119,43.7335841],[7.4274991,43.7336165],[7.4274645,43.7336104],[7.4274472,43.7336475],[7.4275212,43.733663],[7.4275361,43.7336229],[7.4275176,43.733619],[7.4275288,43.7335875],[7.4275119,43.7335841]]}},{"type":"Feature","properties":{"kind":"pier","name":null},"geometry":{"type":"LineString","coordinates":[[7.427642,43.7338831],[7.4274981,43.7338613],[7.4274894,43.7338838],[7.427636,43.7339054],[7.427642,43.7338831]]}},{"type":"Feature","properties":{"kind":"pier","name":null},"geometry":{"type":"LineString","coordinates":[[7.4307632,43.7402735],[7.430605,43.7403205],[7.4304777,43.7403147],[7.4304538,43.740345],[7.4304349,43.7403688],[7.4306131,43.7403734],[7.4307945,43.740324],[7.4307632,43.7402735]]}},{"type":"Feature","properties":{"kind":"coastline","name":null},"geometry":{"type":"LineString","coordinates":[[7.4295135,43.7377459],[7.4295937,43.7378116],[7.4296061,43.7378585],[7.4300674,43.7382878],[7.4298712,43.7386103],[7.4302755,43.739016],[7.4301885,43.7391798],[7.4304693,43.7394328],[7.430372,43.7395968],[7.4305901,43.7397965],[7.4304871,43.7399556],[7.4306177,43.7400891],[7.4305057,43.7402729],[7.4304777,43.7403147],[7.4304538,43.740345],[7.4304349,43.7403688],[7.4304194,43.740385],[7.4304638,43.7407352],[7.4304709,43.7408195]]}}]}